id,cpf,status,due_date,created_at,updated_at,valor_total,data_pagamento,dias_atraso,valor_juros,valor_multa,valor_total_com_encargos,saldo_anterior,valor_iof,valor_juros_remuneratorios,valor_juros_mora,itemized_transactions,valor_pago,data_ultimo_pagamento
061e65c6-43f5-4c64-b6fc-ddf2b46285c7,42975897884,FECHADA,2026-08-10T18:00:00.000Z,2026-08-04T00:02:55.680Z,2026-08-20T03:00:06.236Z,1453.29,,10,0.00,29.07,,0.00,5.88,22.38,1.44,"[{""id"":""8c609077-a3a9-4a3d-885c-74eb2e3b1e41"",""date"":""2026-07-26T00:55:47.228Z"",""amount"":166.55,""merchant"":""Posto Shell"",""type"":""CREDIT""},{""id"":""d685116b-8b5a-49c8-8bd9-71ecd8cbb855"",""date"":""2026-07-25T00:55:47.222Z"",""amount"":249.83,""merchant"":""Zara"",""type"":""CREDIT""},{""id"":""a8eceea7-f8bf-4cb9-a81d-8a5850defc20"",""date"":""2026-07-24T16:09:49.704Z"",""amount"":156.41,""merchant"":""Amazon BR"",""type"":""CREDIT""},{""id"":""854da5e7-fe52-4438-9b5e-4be0af5b156d"",""date"":""2026-07-22T00:55:47.216Z"",""amount"":333.1,""merchant"":""Amazon BR"",""type"":""CREDIT""},{""id"":""68569398-d67f-42d4-a0ab-05c7e1235e17"",""date"":""2026-07-21T16:09:49.694Z"",""amount"":312.8,""merchant"":""iFood"",""type"":""CREDIT""},{""id"":""99d6fdaa-6ff3-4ee5-b5bf-bb6fcc44ea83"",""date"":""2026-07-18T16:09:49.700Z"",""amount"":234.6,""merchant"":""Netflix"",""type"":""CREDIT""}]",0.00,
067dae40-3a3f-4a03-93ef-b543584aa6d9,43838315910,FECHADA,2026-08-10T18:00:00.000Z,2026-08-04T00:02:53.817Z,2026-08-20T03:00:06.236Z,1480.62,,10,0.00,29.61,,0.00,5.99,22.80,1.47,"[{""id"":""132e4633-71ed-4f25-94dd-32365f5a7b1f"",""date"":""2026-07-22T00:55:44.418Z"",""amount"":230.88,""merchant"":""Farmacia Pague Menos"",""type"":""CREDIT""},{""id"":""48afa1cc-b19d-4881-8ac9-960713322135"",""date"":""2026-07-22T00:55:44.414Z"",""amount"":307.84,""merchant"":""Zara"",""type"":""CREDIT""},{""id"":""0ea4a7e4-510b-4004-ae76-368cfb2d1d86"",""date"":""2026-07-20T16:09:48.124Z"",""amount"":175.11,""merchant"":""Spotify"",""type"":""CREDIT""},{""id"":""c548eaa3-5b4c-49f4-914b-c7d0948f66d1"",""date"":""2026-07-19T16:09:48.119Z"",""amount"":262.66,""merchant"":""Posto Shell"",""type"":""CREDIT""},{""id"":""b8970c1e-ee14-469f-864f-5203a8220fe5"",""date"":""2026-07-19T16:09:48.115Z"",""amount"":350.21,""merchant"":""Uber"",""type"":""CREDIT""},{""id"":""98079eef-4fec-4bcb-96ac-7a28f68a4425"",""date"":""2026-07-19T00:55:44.422Z"",""amount"":153.92,""merchant"":""Mercado Livre"",""type"":""CREDIT""}]",0.00,
085eecda-d9a3-4572-b0e4-21ba5b174d16,72856446096,FECHADA,2026-08-10T18:00:00.000Z,2026-08-04T00:02:58.407Z,2026-08-20T03:00:06.236Z,1385.14,,10,0.00,77.42,,3870.86,22.33,476.59,30.94,"[{""id"":""d419cec9-66c0-45e8-a5b1-13fb2c966ff5"",""date"":""2026-07-26T00:55:47.588Z"",""amount"":96.68,""merchant"":""Spotify"",""type"":""CREDIT""},{""id"":""c8ef5c5a-70eb-4a5f-8ddd-381fbc29561d"",""date"":""2026-07-22T16:09:49.953Z"",""amount"":211.13,""merchant"":""Uber"",""type"":""CREDIT""},{""id"":""456e6e26-f5f3-4d2e-8359-a6cb4072b6be"",""date"":""2026-07-22T00:55:47.583Z"",""amount"":145.02,""merchant"":""iFood"",""type"":""CREDIT""},{""id"":""b83a208c-e763-48b9-88e2-dd38d35d7e06"",""date"":""2026-07-21T00:55:47.577Z"",""amount"":193.36,""merchant"":""Uber"",""type"":""CREDIT""},{""id"":""64a27a2e-d056-4811-bd06-c6f724fad270"",""date"":""2026-07-20T16:09:49.949Z"",""amount"":316.69,""merchant"":""Magazine Luiza"",""type"":""CREDIT""},{""id"":""5f094938-cfea-4c2a-ac5b-a3f5f7e173a0"",""date"":""2026-07-19T16:09:49.945Z"",""amount"":422.26,""merchant"":""Spotify"",""type"":""CREDIT""}]",0.00,
0a3ab2cf-df1a-47f5-ae40-53b937a37e39,20092389589,FECHADA,2026-07-28T18:00:00.000Z,2026-08-12T23:40:40.509Z,2026-08-20T03:00:06.236Z,3870.86,,23,0.00,77.42,,0.00,19.47,297.86,19.33,"[{""id"":""79d9de14-8737-46aa-a67b-69e6bff5dc14"",""date"":""2026-07-21T15:00:00.000Z"",""amount"":1720.38,""merchant"":""Mercado Livre"",""type"":""CREDIT""},{""id"":""a3a79924-6801-47d7-937a-809688b50e5c"",""date"":""2026-07-18T15:00:00.000Z"",""amount"":1290.29,""merchant"":""Uber"",""type"":""CREDIT""},{""id"":""53ff956e-a0d0-4d61-bd8b-f718cf4049b1"",""date"":""2026-07-20T15:00:00.000Z"",""amount"":860.19,""merchant"":""Netflix"",""type"":""CREDIT""}]",0.00,
0ca9df5d-9f87-456e-896b-28181f500ce5,11879646706,FECHADA,2026-08-10T21:00:00.000Z,2026-08-04T00:02:51.531Z,2026-08-15T03:00:53.499Z,1651.69,,0,0.00,33.03,,0.00,6.70,25.41,1.65,"[{""id"":""36f34e38-2100-4c89-8839-bb7c131ffe7a"",""date"":""2026-07-24T20:07:38.989Z"",""amount"":312.91,""merchant"":""Uber"",""type"":""CREDIT""},{""id"":""fb0d3be6-c581-481c-b508-f7b13b9850ef"",""date"":""2026-07-24T00:55:43.741Z"",""amount"":158.44,""merchant"":""Uber"",""type"":""CREDIT""},{""id"":""50a7dfc4-f54b-4f9f-a510-081358fddf10"",""date"":""2026-07-24T00:55:43.733Z"",""amount"":316.87,""merchant"":""iFood"",""type"":""CREDIT""},{""id"":""12e2b05d-cbf5-4818-a2fc-7f5783354841"",""date"":""2026-07-20T20:07:38.999Z"",""amount"":208.61,""merchant"":""Magazine Luiza"",""type"":""CREDIT""},{""id"":""a52ff9f6-f606-48fd-b596-3b9675f57c0b"",""date"":""2026-07-20T00:55:43.737Z"",""amount"":237.65,""merchant"":""Farmacia Pague Menos"",""type"":""CREDIT""},{""id"":""8da7cce4-8fe3-43dd-995b-44fb5224c2da"",""date"":""2026-07-19T20:07:38.981Z"",""amount"":417.21,""merchant"":""Mercado Livre"",""type"":""CREDIT""}]",0.00,
0d683a06-6f84-49b7-bf0e-40f22a983038,43204282856,FECHADA,2026-08-10T18:00:00.000Z,2026-08-04T00:02:58.909Z,2026-08-20T03:00:06.236Z,1470.42,,10,0.00,29.41,,0.00,5.95,22.62,1.47,"[{""id"":""cb01a7b1-cfd5-4d04-9252-039f46fd75fa"",""date"":""2026-07-26T00:55:48.531Z"",""amount"":313.72,""merchant"":""Farmacia Pague Menos"",""type"":""CREDIT""},{""id"":""c4e96024-2569-4641-9233-5ad300b95853"",""date"":""2026-07-24T16:09:50.654Z"",""amount"":117.62,""merchant"":""Mercado Livre"",""type"":""CREDIT""},{""id"":""b924c290-3541-4fbd-9bcb-00ec7cbab87c"",""date"":""2026-07-24T00:55:48.526Z"",""amount"":418.29,""merchant"":""iFood"",""type"":""CREDIT""},{""id"":""8c570177-ed3a-40fc-9603-0aca2f056eef"",""date"":""2026-07-21T16:09:50.651Z"",""amount"":176.42,""merchant"":""Amazon BR"",""type"":""CREDIT""},{""id"":""73015450-6481-4269-b836-fb4e0f49eb66"",""date"":""2026-07-19T00:55:48.535Z"",""amount"":209.14,""merchant"":""Uber"",""type"":""CREDIT""},{""id"":""b28f2c38-6f00-41c6-ac34-65d59dfec158"",""date"":""2026-07-17T16:09:50.647Z"",""amount"":235.23,""merchant"":""Posto Shell"",""type"":""CREDIT""}]",0.00,
0ebe4df1-a494-4235-b30a-feba5834a3fa,77355277308,FECHADA,2026-08-10T18:00:00.000Z,2026-08-04T00:02:53.956Z,2026-08-20T03:00:06.236Z,1080.25,,10,0.00,21.61,,0.00,4.37,16.62,1.08,"[{""id"":""56595187-2ea8-4eed-a931-ea2be7ee0fd6"",""date"":""2026-07-24T16:09:48.251Z"",""amount"":195.84,""merchant"":""Netflix"",""type"":""CREDIT""},{""id"":""b9f972ff-0f88-4ff3-8740-2eab69b6f0f6"",""date"":""2026-07-24T16:09:48.240Z"",""amount"":261.12,""merchant"":""Posto Shell"",""type"":""CREDIT""},{""id"":""56809548-a2ed-4258-aeb6-6d74e90941e3"",""date"":""2026-07-20T00:55:44.452Z"",""amount"":164.24,""merchant"":""Farmacia Pague Menos"",""type"":""CREDIT""},{""id"":""b58a5e93-9a42-4a3e-b89a-fd87d65c6cf5"",""date"":""2026-07-20T00:55:44.447Z"",""amount"":218.99,""merchant"":""Netflix"",""type"":""CREDIT""},{""id"":""760b1113-1508-41a8-b1a3-8a24cc6063e4"",""date"":""2026-07-19T00:55:44.456Z"",""amount"":109.49,""merchant"":""Farmacia Pague Menos"",""type"":""CREDIT""},{""id"":""bdcb188c-3e1b-4731-8d9d-f02180d2ea92"",""date"":""2026-07-18T16:09:48.255Z"",""amount"":130.57,""merchant"":""Magazine Luiza"",""type"":""CREDIT""}]",0.00,
0ffa2a7f-fdb5-4fcf-aaa9-41a41e8a44a0,19231521659,FECHADA,2026-08-10T18:00:00.000Z,2026-08-04T00:02:59.341Z,2026-08-20T03:00:06.236Z,871.52,,10,0.00,17.43,,0.00,3.52,13.41,0.87,"[{""id"":""2d825f0c-7a21-40f4-a587-4abe9bf61b99"",""date"":""2026-07-23T00:55:48.660Z"",""amount"":193.67,""merchant"":""Magazine Luiza"",""type"":""CREDIT""},{""id"":""3318a8f0-2415-435d-9d38-920b312a5cc9"",""date"":""2026-07-20T00:55:48.657Z"",""amount"":290.51,""merchant"":""Netflix"",""type"":""CREDIT""},{""id"":""853552af-7955-4354-b4b5-5b220ab46f02"",""date"":""2026-07-19T00:55:48.653Z"",""amount"":387.34,""merchant"":""Magazine Luiza"",""type"":""CREDIT""}]",0.00,
1238713e-8f89-468d-9c56-3f14878f4072,37107075012,FECHADA,2026-07-19T18:00:00.000Z,2026-08-03T23:33:05.422Z,2026-08-20T03:00:06.236Z,3870.86,,32,0.00,77.42,,0.00,19.47,297.86,19.33,"[{""id"":""a65909a4-f79b-4459-b70d-461a95c644d3"",""date"":""2026-07-08T15:00:00.000Z"",""amount"":1720.38,""merchant"":""Netflix"",""type"":""CREDIT""},{""id"":""0e966e56-099f-4163-92c2-2163bfcb0a06"",""date"":""2026-07-07T15:00:00.000Z"",""amount"":1290.29,""merchant"":""Farmacia Pague Menos"",""type"":""CREDIT""},{""id"":""eef7ad71-5c9c-4a8f-a093-f34515e5914b"",""date"":""2026-07-07T15:00:00.000Z"",""amount"":860.19,""merchant"":""Mercado Livre"",""type"":""CREDIT""}]",0.00,
12da7589-d465-4219-bb42-290cedbd536f,16266323249,FECHADA,2026-08-10T18:00:00.000Z,2026-08-04T00:02:52.920Z,2026-08-20T03:00:06.236Z,1305.98,,10,0.00,77.42,,3870.86,22.33,476.59,30.94,"[{""id"":""e34ab33b-0f8b-43fb-b24a-b402fe9434ef"",""date"":""2026-07-25T00:55:44.084Z"",""amount"":166.98,""merchant"":""Zara"",""type"":""CREDIT""},{""id"":""559572d8-cbc6-4abe-aee6-7bd538945a37"",""date"":""2026-07-24T00:55:44.089Z"",""amount"":111.32,""merchant"":""Uber"",""type"":""CREDIT""},{""id"":""86e6fe7b-89c8-4db6-8a4e-d0715f09c050"",""date"":""2026-07-22T00:55:44.080Z"",""amount"":222.64,""merchant"":""Mercado Livre"",""type"":""CREDIT""},{""id"":""bbd7e7c8-0cea-4a15-a7bf-3d9a8e0793ae"",""date"":""2026-07-20T16:09:47.683Z"",""amount"":268.35,""merchant"":""Posto Shell"",""type"":""CREDIT""},{""id"":""38c4b57e-fb65-477a-ae8a-f11eb172a18f"",""date"":""2026-07-18T16:09:47.668Z"",""amount"":357.8,""merchant"":""Amazon BR"",""type"":""CREDIT""},{""id"":""ec688795-9dc1-45e8-9af9-117c6b738e3e"",""date"":""2026-07-17T16:09:47.688Z"",""amount"":178.89,""merchant"":""Uber"",""type"":""CREDIT""}]",0.00,
14e8be49-e138-4402-9c23-031b113a2bc2,38160081359,FECHADA,2026-07-14T18:00:00.000Z,2026-07-30T02:50:09.500Z,2026-08-15T03:07:38.063Z,3870.86,,0,0.00,77.42,,0.00,19.47,297.86,19.33,"[{""id"":""aafb9ad6-4ed3-4796-a52e-f606695ff624"",""date"":""2026-06-28T15:00:00.000Z"",""amount"":1720.38,""merchant"":""iFood"",""type"":""CREDIT""},{""id"":""238ec3d6-9973-4d2b-8a42-6682c1ac972f"",""date"":""2026-07-05T15:00:00.000Z"",""amount"":1290.29,""merchant"":""Mercado Livre"",""type"":""CREDIT""},{""id"":""e5e4d7dc-8427-49c8-88b9-1450bf0f48df"",""date"":""2026-07-02T15:00:00.000Z"",""amount"":860.19,""merchant"":""Farmacia Pague Menos"",""type"":""CREDIT""}]",0.00,
17050614-ccd5-4563-8366-b2f6ab3ec446,76782744325,FECHADA,2026-07-16T18:00:00.000Z,2026-08-01T05:39:20.174Z,2026-08-20T03:00:06.236Z,3870.86,,35,0.00,77.42,,0.00,19.47,297.86,19.33,"[{""id"":""22647c21-fa3f-4766-abad-59f1b68b0856"",""date"":""2026-07-01T15:00:00.000Z"",""amount"":1720.38,""merchant"":""Posto Shell"",""type"":""CREDIT""},{""id"":""87943a5a-a697-44b7-886e-2c05e98967dd"",""date"":""2026-07-05T15:00:00.000Z"",""amount"":1290.29,""merchant"":""Posto Shell"",""type"":""CREDIT""},{""id"":""a046b6ac-ab72-4ca3-91d3-a88ad5d2adbb"",""date"":""2026-06-30T15:00:00.000Z"",""amount"":860.19,""merchant"":""Zara"",""type"":""CREDIT""}]",0.00,
17484f56-47dc-4026-a461-5cc793eda719,42681570697,FECHADA,2026-08-20T21:00:00.000Z,2026-08-14T00:31:14.830Z,2026-08-14T00:31:14.830Z,643.36,,0,0.00,154.84,,3870.86,45.64,635.47,41.26,"[{""id"":""3b1b91aa-aba0-41b2-8003-467b7c0b319e"",""date"":""2026-07-26T06:39:41.119Z"",""amount"":142.97,""merchant"":""iFood"",""type"":""CREDIT""},{""id"":""49f76485-25ea-4f8e-b479-7da0b0ba98bf"",""date"":""2026-07-25T06:39:41.085Z"",""amount"":214.45,""merchant"":""Netflix"",""type"":""CREDIT""},{""id"":""16853b4a-0ea5-422c-8ba1-556ff9e3bfce"",""date"":""2026-07-24T06:39:41.070Z"",""amount"":285.94,""merchant"":""Zara"",""type"":""CREDIT""}]",0.00,
17bb3bb1-24fa-4d3b-b471-924995a08dbb,24930613945,FECHADA,2026-08-10T18:00:00.000Z,2026-08-04T00:02:57.317Z,2026-08-20T03:00:06.236Z,845.12,,10,0.00,77.42,,3870.86,22.33,476.59,30.94,"[{""id"":""b4c9c42a-ab21-41e0-b6bd-532cc2a3264c"",""date"":""2026-07-26T00:55:47.498Z"",""amount"":127.58,""merchant"":""Farmacia Pague Menos"",""type"":""CREDIT""},{""id"":""e3273f7d-733b-441d-a5e7-edce6bf91539"",""date"":""2026-07-25T00:55:47.489Z"",""amount"":170.11,""merchant"":""iFood"",""type"":""CREDIT""},{""id"":""9dedb8fa-bad5-4c16-914b-100f067c4716"",""date"":""2026-07-24T16:09:49.907Z"",""amount"":154.12,""merchant"":""iFood"",""type"":""CREDIT""},{""id"":""298ab1ef-1e1b-40a2-88d7-0e41548fd592"",""date"":""2026-07-23T00:55:47.503Z"",""amount"":85.06,""merchant"":""Mercado Livre"",""type"":""CREDIT""},{""id"":""535d6029-d5a1-44a9-9d6b-059120dd866c"",""date"":""2026-07-20T16:09:49.911Z"",""amount"":102.75,""merchant"":""Magazine Luiza"",""type"":""CREDIT""},{""id"":""b4d986cf-db24-4177-9357-6ff427e232ac"",""date"":""2026-07-17T16:09:49.903Z"",""amount"":205.5,""merchant"":""Netflix"",""type"":""CREDIT""}]",0.00,
196a5522-fbe9-4423-859e-d2982c24ee51,76671725950,FECHADA,2026-07-10T18:00:00.000Z,2026-07-26T00:55:44.111Z,2026-08-20T03:00:06.236Z,3870.86,,41,0.00,77.42,,0.00,19.47,297.86,19.33,"[{""id"":""43920155-cbb6-4ae9-bc9e-6cac4d21c63a"",""date"":""2026-07-01T15:00:00.000Z"",""amount"":1720.38,""merchant"":""Amazon BR"",""type"":""CREDIT""},{""id"":""a767029d-9c19-4a25-8c59-fb5a54917739"",""date"":""2026-07-01T15:00:00.000Z"",""amount"":1290.29,""merchant"":""Posto Shell"",""type"":""CREDIT""},{""id"":""7c712c42-0f09-4d2b-9777-7696c2b9e35c"",""date"":""2026-07-03T15:00:00.000Z"",""amount"":860.19,""merchant"":""Farmacia Pague Menos"",""type"":""CREDIT""}]",0.00,
1dee222a-efab-480d-a485-a628aebc998f,44794065574,FECHADA,2026-07-10T18:00:00.000Z,2026-07-26T00:55:44.001Z,2026-08-20T03:00:06.236Z,3870.86,,41,0.00,77.42,,0.00,19.47,297.86,19.33,"[{""id"":""16b1f84a-7d49-492a-b165-de645bae869c"",""date"":""2026-06-27T15:00:00.000Z"",""amount"":1720.38,""merchant"":""Mercado Livre"",""type"":""CREDIT""},{""id"":""27022517-cf06-4ec2-af62-854baefa03d7"",""date"":""2026-06-29T15:00:00.000Z"",""amount"":1290.29,""merchant"":""Posto Shell"",""type"":""CREDIT""},{""id"":""af2c2434-058e-457b-85e3-2e52bbbf4c5f"",""date"":""2026-06-24T15:00:00.000Z"",""amount"":860.19,""merchant"":""Amazon BR"",""type"":""CREDIT""}]",0.00,
1e0d8a7e-afd3-434e-b9c5-45bff680cbe6,20250513611,FECHADA,2026-08-10T18:00:00.000Z,2026-08-04T00:02:56.399Z,2026-08-20T03:00:06.236Z,1114.47,,10,0.00,77.42,,3870.86,22.33,476.59,30.94,"[{""id"":""557a7242-799e-47e7-b8ed-04531764e961"",""date"":""2026-07-26T00:55:46.475Z"",""amount"":167.98,""merchant"":""Magazine Luiza"",""type"":""CREDIT""},{""id"":""2cc5e3a3-f386-40d2-9100-2658b2fe89f9"",""date"":""2026-07-25T00:55:46.493Z"",""amount"":83.99,""merchant"":""Posto Shell"",""type"":""CREDIT""},{""id"":""03576e16-6904-414e-b289-fc5c9118bfec"",""date"":""2026-07-23T16:09:49.216Z"",""amount"":163.67,""merchant"":""Amazon BR"",""type"":""CREDIT""},{""id"":""bda898b4-ee3f-4559-8667-6c1569f43b06"",""date"":""2026-07-23T16:09:49.211Z"",""amount"":245.51,""merchant"":""Farmacia Pague Menos"",""type"":""CREDIT""},{""id"":""e5727ccb-c88b-42d7-96a2-fd7c4d3b57e6"",""date"":""2026-07-23T00:55:46.484Z"",""amount"":125.98,""merchant"":""Netflix"",""type"":""CREDIT""},{""id"":""9c107c97-de00-4c80-b9fb-c95676650ab3"",""date"":""2026-07-21T16:09:49.206Z"",""amount"":327.34,""merchant"":""Magazine Luiza"",""type"":""CREDIT""}]",0.00,
202abb9e-a658-4934-a7e9-a27a0c2f3ccb,12310012300,FECHADA,2026-08-10T21:00:00.000Z,2026-08-04T00:02:55.854Z,2026-08-20T03:00:06.236Z,720.30,,10,0.00,77.42,,3870.86,21.70,436.87,28.36,"[{""id"":""1e73869b-d2b2-41bd-a332-4dda5c8ef021"",""date"":""2026-07-27T01:48:39.697Z"",""amount"":240.1,""merchant"":""iFood"",""type"":""CREDIT""},{""id"":""b4303dab-8cc7-48d2-a8a6-3864bd99d08d"",""date"":""2026-07-26T01:48:39.701Z"",""amount"":160.07,""merchant"":""iFood"",""type"":""CREDIT""},{""id"":""e001bd94-141d-4ec6-accb-fd46b9bc5ccd"",""date"":""2026-07-26T01:48:39.693Z"",""amount"":320.13,""merchant"":""Mercado Livre"",""type"":""CREDIT""}]",0.00,
21de1394-7218-49cf-b030-cd1ec4aced37,83052128400,FECHADA,2026-08-10T21:00:00.000Z,2026-08-04T00:02:58.976Z,2026-08-15T03:07:38.063Z,0.00,,0,0.00,0.00,,0.00,0.00,0.00,0.00,[],0.00,
225fb6fc-f800-4377-a794-305748273e07,71078566429,FECHADA,2026-08-10T18:00:00.000Z,2026-08-04T00:02:54.912Z,2026-08-20T03:00:06.236Z,1890.77,,10,0.00,37.82,,0.00,7.66,29.10,1.89,"[{""id"":""e77c8750-52ac-4af7-99e8-8ef1660dd3f3"",""date"":""2026-07-25T00:55:45.758Z"",""amount"":442.2,""merchant"":""Farmacia Pague Menos"",""type"":""CREDIT""},{""id"":""2fbbee59-8997-49eb-93f1-7b9c8e0846c6"",""date"":""2026-07-23T16:09:48.895Z"",""amount"":398.14,""merchant"":""Farmacia Pague Menos"",""type"":""CREDIT""},{""id"":""05eed643-fdc1-45a1-8ebf-70141a0d43de"",""date"":""2026-07-22T16:09:48.900Z"",""amount"":298.61,""merchant"":""Farmacia Pague Menos"",""type"":""CREDIT""},{""id"":""5231b34f-ca1c-4ef4-a531-1225f0f51e6d"",""date"":""2026-07-22T00:55:45.765Z"",""amount"":331.65,""merchant"":""iFood"",""type"":""CREDIT""},{""id"":""867a4bcb-ea8d-4837-92c9-eb09d0449018"",""date"":""2026-07-19T16:09:48.904Z"",""amount"":199.07,""merchant"":""iFood"",""type"":""CREDIT""},{""id"":""30c9759e-1d93-4c33-9fcb-3a2f5cb724f2"",""date"":""2026-07-19T00:55:45.770Z"",""amount"":221.1,""merchant"":""Zara"",""type"":""CREDIT""}]",0.00,
25813712-8854-449c-a6e3-c8a5466982c0,07817267197,FECHADA,2026-08-10T18:00:00.000Z,2026-08-04T00:02:55.605Z,2026-08-20T03:00:06.236Z,402.96,,10,0.00,8.06,,0.00,1.62,6.21,0.39,"[{""id"":""3c26e3a7-18bd-4850-99f0-4fd9d2bc2862"",""date"":""2026-07-21T00:55:46.545Z"",""amount"":179.09,""merchant"":""Farmacia Pague Menos"",""type"":""CREDIT""},{""id"":""4634721d-cac9-4382-9eb4-9e92f563d59f"",""date"":""2026-07-20T00:55:46.591Z"",""amount"":89.55,""merchant"":""iFood"",""type"":""CREDIT""},{""id"":""7085dd04-df9a-4ea2-804b-f600dd371a9c"",""date"":""2026-07-20T00:55:46.558Z"",""amount"":134.32,""merchant"":""Posto Shell"",""type"":""CREDIT""}]",0.00,
25b07e15-1936-40c8-a9bf-8bffc8b0e794,41649264658,FECHADA,2026-08-05T21:00:00.000Z,2026-07-31T04:31:24.454Z,2026-08-20T03:00:06.236Z,697.57,,15,0.00,13.95,,0.00,3.11,10.74,0.69,"[{""id"":""83ba97ab-206c-4254-97c7-ec9d0f59b85f"",""date"":""2026-07-26T04:27:50.244Z"",""amount"":398.61,""merchant"":""Uber"",""type"":""CREDIT""},{""id"":""299ea582-a522-462e-adee-04af7e60d5b9"",""date"":""2026-07-24T04:27:50.250Z"",""amount"":298.96,""merchant"":""Netflix"",""type"":""CREDIT""}]",0.00,
25ecfcf9-2c10-4495-b657-5e1da3901eda,98215828507,FECHADA,2026-07-14T18:00:00.000Z,2026-07-30T02:50:16.153Z,2026-08-17T14:38:17.868Z,3870.86,,0,0.00,77.42,,0.00,19.47,297.86,19.33,"[{""id"":""eee9d34b-b34d-4720-88c2-50e33717248c"",""date"":""2026-06-30T15:00:00.000Z"",""amount"":1720.38,""merchant"":""Mercado Livre"",""type"":""CREDIT""},{""id"":""f4788a6b-1194-4ac4-a114-61db1d8f7e46"",""date"":""2026-07-04T15:00:00.000Z"",""amount"":1290.29,""merchant"":""Farmacia Pague Menos"",""type"":""CREDIT""},{""id"":""368c9411-4384-4bda-8f4d-8daa5ea6512b"",""date"":""2026-07-05T15:00:00.000Z"",""amount"":860.19,""merchant"":""Farmacia Pague Menos"",""type"":""CREDIT""}]",0.00,
27671d51-a4d5-4937-aeec-7488edcad3a2,12558823280,FECHADA,2026-07-19T18:00:00.000Z,2026-08-03T23:33:30.072Z,2026-08-17T03:00:03.090Z,3870.86,,0,0.00,77.42,,0.00,19.47,297.86,19.33,"[{""id"":""31c5084c-1d17-4635-b1b1-d248162b953a"",""date"":""2026-07-03T15:00:00.000Z"",""amount"":1720.38,""merchant"":""Amazon BR"",""type"":""CREDIT""},{""id"":""07e8e17d-1bcb-4f04-b9e4-d121d628c800"",""date"":""2026-07-09T15:00:00.000Z"",""amount"":1290.29,""merchant"":""Netflix"",""type"":""CREDIT""},{""id"":""c33b6e10-95d3-4be7-8bd2-7614b3a4ee17"",""date"":""2026-07-04T15:00:00.000Z"",""amount"":860.19,""merchant"":""Mercado Livre"",""type"":""CREDIT""}]",0.00,
28ec486d-3773-409e-944b-46c5fb882acc,87588846615,FECHADA,2026-08-10T18:00:00.000Z,2026-08-04T00:03:00.184Z,2026-08-20T03:00:06.236Z,1286.75,,10,0.00,25.74,,0.00,5.22,19.80,1.29,"[{""id"":""0ae22cc8-f16e-440a-9402-6babb8a3cfee"",""date"":""2026-07-26T00:55:48.887Z"",""amount"":152.83,""merchant"":""Magazine Luiza"",""type"":""CREDIT""},{""id"":""cad3eb9f-3b61-4895-8cde-ce4f7a5c367d"",""date"":""2026-07-26T00:55:48.876Z"",""amount"":305.67,""merchant"":""Magazine Luiza"",""type"":""CREDIT""},{""id"":""2e9f895e-8f80-42dd-9b4a-9cc0faac74c9"",""date"":""2026-07-25T00:55:48.883Z"",""amount"":229.25,""merchant"":""Mercado Livre"",""type"":""CREDIT""},{""id"":""b27d97a2-6288-479e-a31d-dbe709ad0087"",""date"":""2026-07-24T16:09:50.864Z"",""amount"":266.22,""merchant"":""Farmacia Pague Menos"",""type"":""CREDIT""},{""id"":""28726e52-782f-47a4-a207-2144eac6460b"",""date"":""2026-07-18T16:09:50.870Z"",""amount"":133.11,""merchant"":""Magazine Luiza"",""type"":""CREDIT""},{""id"":""1a816d5f-687e-4a4d-9cd1-2da7d4b815d6"",""date"":""2026-07-18T16:09:50.867Z"",""amount"":199.67,""merchant"":""Amazon BR"",""type"":""CREDIT""}]",0.00,
2bf596bc-1e89-4cf5-885e-15dd2c0683bb,26700822386,FECHADA,2026-07-21T18:00:00.000Z,2026-08-06T01:49:53.460Z,2026-08-20T03:00:06.236Z,3870.86,,30,0.00,77.42,,0.00,19.47,297.86,19.33,"[{""id"":""6c7f2c32-f7e1-4534-97ae-554bd709eeff"",""date"":""2026-07-13T15:00:00.000Z"",""amount"":1720.38,""merchant"":""Posto Shell"",""type"":""CREDIT""},{""id"":""ef58af45-2732-4e04-a3c9-825f723913ac"",""date"":""2026-07-09T15:00:00.000Z"",""amount"":1290.29,""merchant"":""Magazine Luiza"",""type"":""CREDIT""},{""id"":""177f6bf0-1159-4d35-a68e-801f65fad142"",""date"":""2026-07-11T15:00:00.000Z"",""amount"":860.19,""merchant"":""Mercado Livre"",""type"":""CREDIT""}]",0.00,
2f8aad2a-e86b-485a-859c-34a9eee683e6,64866656883,FECHADA,2026-07-10T18:00:00.000Z,2026-07-26T00:55:49.110Z,2026-08-20T03:00:06.236Z,3870.86,,41,0.00,77.42,,0.00,19.47,297.86,19.33,"[{""id"":""1ec5932b-1b56-451d-955a-05706a24bda9"",""date"":""2026-06-24T15:00:00.000Z"",""amount"":1720.38,""merchant"":""Mercado Livre"",""type"":""CREDIT""},{""id"":""fb600a92-e77e-4564-b7c9-f7153d7de987"",""date"":""2026-06-27T15:00:00.000Z"",""amount"":1290.29,""merchant"":""Uber"",""type"":""CREDIT""},{""id"":""091ad4d3-7949-4c40-9b55-da0590d58113"",""date"":""2026-06-27T15:00:00.000Z"",""amount"":860.19,""merchant"":""Netflix"",""type"":""CREDIT""}]",0.00,
303e4679-4a11-49c3-b5e8-7b905a122976,51742065392,FECHADA,2026-07-15T18:00:00.000Z,2026-07-31T04:28:26.077Z,2026-08-20T03:00:06.236Z,3870.86,,36,0.00,77.42,,0.00,19.47,297.86,19.33,"[{""id"":""dff2b509-e44e-48c0-8651-9f0370a97c2d"",""date"":""2026-06-30T15:00:00.000Z"",""amount"":1720.38,""merchant"":""Amazon BR"",""type"":""CREDIT""},{""id"":""c57cd9a1-f870-4919-9b8b-62993ad500e9"",""date"":""2026-07-02T15:00:00.000Z"",""amount"":1290.29,""merchant"":""Mercado Livre"",""type"":""CREDIT""},{""id"":""224ab281-375e-45e1-b7a9-4566612aaee2"",""date"":""2026-07-04T15:00:00.000Z"",""amount"":860.19,""merchant"":""Mercado Livre"",""type"":""CREDIT""}]",0.00,
316fe122-da5b-48bc-aa4e-a751511c5d96,64332859618,FECHADA,2026-08-10T18:00:00.000Z,2026-08-04T00:02:54.732Z,2026-08-20T03:00:06.236Z,1737.21,,10,0.00,34.74,,0.00,7.02,26.73,1.74,"[{""id"":""422c36d7-9424-4966-bde0-b969cc8685c6"",""date"":""2026-07-21T00:55:44.380Z"",""amount"":319.67,""merchant"":""Magazine Luiza"",""type"":""CREDIT""},{""id"":""52c38194-870e-42fc-aa4b-6406c68dee34"",""date"":""2026-07-21T00:55:44.375Z"",""amount"":426.23,""merchant"":""iFood"",""type"":""CREDIT""},{""id"":""69787e73-5f01-4286-889c-a8b91a5ff609"",""date"":""2026-07-20T16:09:48.026Z"",""amount"":172.93,""merchant"":""Posto Shell"",""type"":""CREDIT""},{""id"":""e4e288ad-2ae9-48d0-9ab9-eb4855e6b12f"",""date"":""2026-07-19T00:55:44.384Z"",""amount"":213.11,""merchant"":""Magazine Luiza"",""type"":""CREDIT""},{""id"":""610e1006-3f8e-49dc-b9b2-7e4014acefb8"",""date"":""2026-07-18T16:09:48.016Z"",""amount"":259.4,""merchant"":""iFood"",""type"":""CREDIT""},{""id"":""a56a735d-0c11-48b7-a52f-57c48132794a"",""date"":""2026-07-18T16:09:48.007Z"",""amount"":345.87,""merchant"":""Uber"",""type"":""CREDIT""}]",0.00,
31fe4ebb-c4e2-46d3-84d3-713ae348edc1,44444444444,FECHADA,2026-07-10T18:00:00.000Z,2026-07-26T00:55:47.981Z,2026-08-20T03:00:06.048Z,3870.86,,0,0.00,77.42,,0.00,19.47,297.86,19.33,"[{""id"":""a1d169e4-2ce6-459d-b92e-ef2600c22cd0"",""date"":""2026-06-25T15:00:00.000Z"",""amount"":1720.38,""merchant"":""Netflix"",""type"":""CREDIT""},{""id"":""1f768afa-116a-4115-9160-8ee4858a32c4"",""date"":""2026-06-26T15:00:00.000Z"",""amount"":1290.29,""merchant"":""Mercado Livre"",""type"":""CREDIT""},{""id"":""24220ceb-4504-4b87-a032-d8ab44f2b544"",""date"":""2026-06-28T15:00:00.000Z"",""amount"":860.19,""merchant"":""Uber"",""type"":""CREDIT""}]",0.00,
321bff20-daff-40fe-9270-d644122ca385,73857513853,FECHADA,2026-07-19T18:00:00.000Z,2026-08-03T23:34:08.548Z,2026-08-20T03:00:06.236Z,3870.86,,32,0.00,77.42,,0.00,19.47,297.86,19.33,"[{""id"":""b9755583-d67b-498d-9fb1-7f2a823ef785"",""date"":""2026-07-04T15:00:00.000Z"",""amount"":1720.38,""merchant"":""Posto Shell"",""type"":""CREDIT""},{""id"":""e3af4290-5b2d-4aa7-82ba-84c5a213abe0"",""date"":""2026-07-08T15:00:00.000Z"",""amount"":1290.29,""merchant"":""Farmacia Pague Menos"",""type"":""CREDIT""},{""id"":""990cd041-86dc-4d37-b486-6ca76db6532c"",""date"":""2026-07-03T15:00:00.000Z"",""amount"":860.19,""merchant"":""Amazon BR"",""type"":""CREDIT""}]",0.00,
394a4f57-7400-4ea4-8952-1b858f04407e,66655544433,FECHADA,2026-08-10T18:00:00.000Z,2026-08-04T00:02:57.059Z,2026-08-20T03:00:06.236Z,710.30,,10,0.00,14.21,,0.00,2.88,10.92,0.72,"[{""id"":""3ed1d589-18e1-47e8-b02a-e70e7cd6278b"",""date"":""2026-07-24T00:55:48.094Z"",""amount"":236.77,""merchant"":""Posto Shell"",""type"":""CREDIT""},{""id"":""ec37effb-95ca-4e00-ae79-aca57b8cbd74"",""date"":""2026-07-24T00:55:48.089Z"",""amount"":315.69,""merchant"":""Netflix"",""type"":""CREDIT""},{""id"":""9dd9bc03-7a7e-4f38-991d-06d5e3a98ed2"",""date"":""2026-07-22T00:55:48.100Z"",""amount"":157.84,""merchant"":""Spotify"",""type"":""CREDIT""}]",0.00,
39d29f74-c797-4724-b3ec-aef64f2f0bb5,98215828507,FECHADA,2026-08-05T21:00:00.000Z,2026-07-30T03:23:47.916Z,2026-08-17T14:38:17.868Z,318.80,,0,0.00,77.42,,3870.86,23.92,39.72,2.58,"[{""id"":""8129e274-eb21-40e1-94ed-c3fe97b7f684"",""date"":""2026-07-28T02:50:16.849Z"",""amount"":70.84,""merchant"":""Spotify"",""type"":""CREDIT""},{""id"":""20e84b3a-c15c-4267-adbc-ef5d6b43712d"",""date"":""2026-07-28T02:50:16.781Z"",""amount"":106.27,""merchant"":""Mercado Livre"",""type"":""CREDIT""},{""id"":""86c069b9-afd0-4dad-939f-502b2a22266e"",""date"":""2026-07-27T02:50:16.724Z"",""amount"":141.69,""merchant"":""Mercado Livre"",""type"":""CREDIT""}]",0.00,
3a0466e3-6f72-4a57-a96c-ca988e69eb87,60107482754,FECHADA,2026-08-10T18:00:00.000Z,2026-08-04T00:02:53.760Z,2026-08-20T03:00:06.236Z,1754.79,,10,0.00,35.10,,0.00,7.09,27.00,1.74,"[{""id"":""c8bc2ec5-529a-486c-a7cc-efe1e93df38e"",""date"":""2026-07-26T00:55:44.399Z"",""amount"":306.37,""merchant"":""Spotify"",""type"":""CREDIT""},{""id"":""8de60fb6-475e-41b6-8896-741cdaa52dc8"",""date"":""2026-07-24T16:09:48.082Z"",""amount"":185.71,""merchant"":""Mercado Livre"",""type"":""CREDIT""},{""id"":""b2492dde-f9ab-4db8-9c66-3a16d8ac0f29"",""date"":""2026-07-22T00:55:44.393Z"",""amount"":408.49,""merchant"":""Netflix"",""type"":""CREDIT""},{""id"":""1c2116d4-f188-4d97-9b11-b0ec89a4b8a7"",""date"":""2026-07-19T00:55:44.404Z"",""amount"":204.24,""merchant"":""Uber"",""type"":""CREDIT""},{""id"":""5d97b335-d695-4931-836a-04c9034079b3"",""date"":""2026-07-18T16:09:48.078Z"",""amount"":278.56,""merchant"":""Uber"",""type"":""CREDIT""},{""id"":""3ec66319-1841-4885-b24f-4f54b314a465"",""date"":""2026-07-17T16:09:48.072Z"",""amount"":371.42,""merchant"":""Spotify"",""type"":""CREDIT""}]",0.00,
3bbaf807-96ff-4653-996f-f1de11f96b3b,07154153601,FECHADA,2026-07-30T18:00:00.000Z,2026-08-15T00:45:26.522Z,2026-08-20T03:00:06.236Z,3870.86,,21,0.00,77.42,,0.00,19.47,297.86,19.33,"[{""id"":""502bde9a-a266-414d-bba3-e6342ba94a58"",""date"":""2026-07-18T15:00:00.000Z"",""amount"":1720.38,""merchant"":""iFood"",""type"":""CREDIT""},{""id"":""e956e769-c0f6-4536-a303-82082bfeb8f7"",""date"":""2026-07-20T15:00:00.000Z"",""amount"":1290.29,""merchant"":""iFood"",""type"":""CREDIT""},{""id"":""d76ee46b-cac9-4f6b-8cdf-98da03940a15"",""date"":""2026-07-20T15:00:00.000Z"",""amount"":860.19,""merchant"":""Amazon BR"",""type"":""CREDIT""}]",0.00,
3c7cce61-9849-47a9-865d-b7e19aea539d,73129536620,FECHADA,2026-08-15T21:00:00.000Z,2026-08-09T01:36:39.414Z,2026-08-20T03:00:06.236Z,833.12,,5,0.00,77.42,,3870.86,24.89,635.47,41.26,"[{""id"":""ef778e8e-15d5-4e3b-8ee2-95a388ed0c47"",""date"":""2026-07-24T05:12:41.379Z"",""amount"":140.76,""merchant"":""Zara"",""type"":""CREDIT""},{""id"":""40557898-6ed7-4780-8e17-43bd582b2dfb"",""date"":""2026-07-24T00:55:48.508Z"",""amount"":182.59,""merchant"":""Uber"",""type"":""CREDIT""},{""id"":""4561d90c-918d-4f5c-bb58-91287372f2cc"",""date"":""2026-07-22T00:55:48.513Z"",""amount"":136.94,""merchant"":""Netflix"",""type"":""CREDIT""},{""id"":""59e33e16-8290-4ab1-b93e-2c5931522fad"",""date"":""2026-07-21T05:12:41.368Z"",""amount"":187.68,""merchant"":""Magazine Luiza"",""type"":""CREDIT""},{""id"":""f16233c1-7722-49d1-a0da-db9f7caf50ec"",""date"":""2026-07-21T00:55:48.518Z"",""amount"":91.3,""merchant"":""Uber"",""type"":""CREDIT""},{""id"":""62884c18-37b4-4c61-bce6-952e04d28f5f"",""date"":""2026-07-20T05:12:41.386Z"",""amount"":93.85,""merchant"":""Farmacia Pague Menos"",""type"":""CREDIT""}]",0.00,
3cf97a62-da18-4a53-85ff-523ab46e29d8,98765432100,FECHADA,2026-07-10T18:00:00.000Z,2026-07-26T00:55:47.837Z,2026-08-20T03:00:06.236Z,3870.86,,41,0.00,77.42,,0.00,19.47,297.86,19.33,"[{""id"":""9e6d93db-58cf-43ac-828c-7b8e74576576"",""date"":""2026-07-01T15:00:00.000Z"",""amount"":1720.38,""merchant"":""Mercado Livre"",""type"":""CREDIT""},{""id"":""e03bfc7b-9d3c-4809-a24a-3fbcc91ca050"",""date"":""2026-06-26T15:00:00.000Z"",""amount"":1290.29,""merchant"":""Magazine Luiza"",""type"":""CREDIT""},{""id"":""f6ddc0ab-5b6d-4039-82aa-f771b3d04822"",""date"":""2026-07-01T15:00:00.000Z"",""amount"":860.19,""merchant"":""Posto Shell"",""type"":""CREDIT""}]",0.00,
3d36381f-9c57-4635-9b2a-22baf1de74c9,16165143539,FECHADA,2026-08-10T18:00:00.000Z,2026-08-04T00:02:56.888Z,2026-08-20T03:00:06.236Z,1321.07,,10,0.00,26.42,,0.00,5.35,20.34,1.32,"[{""id"":""32d84491-aed3-41d5-8771-eb6cca1c9609"",""date"":""2026-07-24T00:55:47.815Z"",""amount"":189.05,""merchant"":""Magazine Luiza"",""type"":""CREDIT""},{""id"":""d2ef1eb8-d64e-4829-a726-3a3c206a6a32"",""date"":""2026-07-23T16:09:50.191Z"",""amount"":156.77,""merchant"":""Mercado Livre"",""type"":""CREDIT""},{""id"":""b60f7731-9696-4e81-a6ce-f53e86da9061"",""date"":""2026-07-21T00:55:47.805Z"",""amount"":378.12,""merchant"":""Posto Shell"",""type"":""CREDIT""},{""id"":""cc86efe0-7d84-4b4e-b5a6-cdf999c7f577"",""date"":""2026-07-19T16:09:50.196Z"",""amount"":104.51,""merchant"":""Uber"",""type"":""CREDIT""},{""id"":""268a625e-1b59-4350-8a9d-fa46548facc0"",""date"":""2026-07-19T16:09:50.187Z"",""amount"":209.03,""merchant"":""iFood"",""type"":""CREDIT""},{""id"":""850e0164-d214-46bd-b098-e5c02e551b29"",""date"":""2026-07-19T00:55:47.809Z"",""amount"":283.59,""merchant"":""Uber"",""type"":""CREDIT""}]",0.00,
4071ebc2-e9ee-437e-b5f0-f77f083e2c12,68141495240,FECHADA,2026-08-15T21:00:00.000Z,2026-08-09T01:36:39.203Z,2026-08-20T03:00:06.236Z,690.46,,5,0.00,77.42,,3870.86,24.89,635.47,41.26,"[{""id"":""dc20cd44-5715-4990-ac24-92c2c782b6c3"",""date"":""2026-07-23T00:55:48.767Z"",""amount"":153.44,""merchant"":""Farmacia Pague Menos"",""type"":""CREDIT""},{""id"":""4dd11efc-b41f-4985-8c27-a423203fc886"",""date"":""2026-07-22T00:55:48.758Z"",""amount"":306.87,""merchant"":""Zara"",""type"":""CREDIT""},{""id"":""421ab041-cc21-43e4-a1eb-1ae65ff8ba46"",""date"":""2026-07-21T00:55:48.763Z"",""amount"":230.15,""merchant"":""iFood"",""type"":""CREDIT""}]",0.00,
42bd010f-165c-49ff-b060-f76ba7c2c443,80535757654,FECHADA,2026-07-06T00:00:00.000Z,2026-07-30T02:50:22.817Z,2026-08-15T03:07:38.063Z,3870.86,,0,0.00,0.00,,0.00,0.00,0.00,0.00,"[{""id"":""ef0a8d98-7972-4053-8b2a-67d8e0691ca9"",""date"":""2026-07-06T15:00:00.000Z"",""amount"":1720.38,""merchant"":""Farmacia Pague Menos"",""type"":""CREDIT""},{""id"":""f046b856-ad0e-454c-a23a-71c4318e710a"",""date"":""2026-07-03T15:00:00.000Z"",""amount"":1290.29,""merchant"":""Uber"",""type"":""CREDIT""},{""id"":""6c97b1f3-35b4-4710-a9eb-d39121abf91c"",""date"":""2026-07-01T15:00:00.000Z"",""amount"":860.19,""merchant"":""Magazine Luiza"",""type"":""CREDIT""}]",0.00,
457aff88-a3e3-46e3-832e-03dd648f78d9,38882777448,FECHADA,2026-08-10T18:00:00.000Z,2026-08-04T00:02:57.185Z,2026-08-20T03:00:06.236Z,1397.91,,10,0.00,27.96,,0.00,5.64,21.51,1.41,"[{""id"":""e4e82419-5758-4785-9458-329c77e92417"",""date"":""2026-07-25T00:55:48.129Z"",""amount"":209.85,""merchant"":""Netflix"",""type"":""CREDIT""},{""id"":""4ce7390e-d4eb-4b96-a038-a25878baec1e"",""date"":""2026-07-24T16:09:50.761Z"",""amount"":411.44,""merchant"":""Magazine Luiza"",""type"":""CREDIT""},{""id"":""66bbf014-8587-4f56-af53-fbede0845794"",""date"":""2026-07-23T16:09:50.765Z"",""amount"":308.58,""merchant"":""Amazon BR"",""type"":""CREDIT""},{""id"":""65f39255-5b33-4680-956a-d9679b733901"",""date"":""2026-07-22T16:09:50.769Z"",""amount"":205.72,""merchant"":""Netflix"",""type"":""CREDIT""},{""id"":""8001d610-a874-4190-9c4c-50a686fa3268"",""date"":""2026-07-21T00:55:48.139Z"",""amount"":104.93,""merchant"":""Amazon BR"",""type"":""CREDIT""},{""id"":""6eafe617-3621-4b59-9bdc-e67a7a2178f9"",""date"":""2026-07-19T00:55:48.135Z"",""amount"":157.39,""merchant"":""Mercado Livre"",""type"":""CREDIT""}]",0.00,
476271df-50a1-4759-8856-2afc0d58090b,77777777777,FECHADA,2026-08-10T18:00:00.000Z,2026-08-04T00:02:58.555Z,2026-08-20T03:00:06.236Z,1257.99,,10,0.00,77.42,,3870.86,22.33,476.59,30.94,"[{""id"":""a76c7716-65b4-48f7-aa72-a37c76b30b8b"",""date"":""2026-07-26T00:55:48.583Z"",""amount"":224,""merchant"":""Netflix"",""type"":""CREDIT""},{""id"":""5a3e6aeb-fa8f-4ad8-9119-5da18be56235"",""date"":""2026-07-25T00:55:48.587Z"",""amount"":168,""merchant"":""Uber"",""type"":""CREDIT""},{""id"":""97db5826-219c-4173-80b3-52b49adf0ad6"",""date"":""2026-07-24T00:55:48.591Z"",""amount"":112.01,""merchant"":""Posto Shell"",""type"":""CREDIT""},{""id"":""c60e4951-19ce-45ef-b31f-86c415149003"",""date"":""2026-07-23T16:09:51.166Z"",""amount"":335.1,""merchant"":""Netflix"",""type"":""CREDIT""},{""id"":""2148d6f1-71d3-4acd-828f-1ca547f53109"",""date"":""2026-07-21T16:09:51.169Z"",""amount"":251.33,""merchant"":""Mercado Livre"",""type"":""CREDIT""},{""id"":""b405586d-6b09-4a04-919d-92d5e81ea6ec"",""date"":""2026-07-20T16:09:51.171Z"",""amount"":167.55,""merchant"":""Farmacia Pague Menos"",""type"":""CREDIT""}]",0.00,
47f60ce6-eb7e-4ecc-b30d-c6686862719c,93544490340,FECHADA,2026-08-15T21:00:00.000Z,2026-08-09T01:36:38.800Z,2026-08-20T03:00:06.236Z,733.70,,5,0.00,0.00,,0.00,0.00,0.00,0.00,"[{""id"":""d158a8f2-2a32-4238-9698-c34fb911877c"",""date"":""2026-07-28T04:27:22.143Z"",""amount"":326.09,""merchant"":""Posto Shell"",""type"":""CREDIT""},{""id"":""937bc977-9be6-442c-b9dd-8256d5ec4b2b"",""date"":""2026-07-27T04:27:22.152Z"",""amount"":244.57,""merchant"":""Spotify"",""type"":""CREDIT""},{""id"":""450a84b0-587c-420b-9f4f-aa78bbd50020"",""date"":""2026-07-24T04:27:22.160Z"",""amount"":163.04,""merchant"":""Mercado Livre"",""type"":""CREDIT""}]",0.00,
4880566f-4fda-4e25-8660-ffdca2e9494f,12902848900,FECHADA,2026-08-10T18:00:00.000Z,2026-08-04T00:02:55.222Z,2026-08-20T03:00:06.236Z,859.72,,10,0.00,17.19,,0.00,3.48,13.23,0.87,"[{""id"":""267e1639-14bb-44ac-b586-f478c7ad75fc"",""date"":""2026-07-21T00:55:45.455Z"",""amount"":286.57,""merchant"":""Netflix"",""type"":""CREDIT""},{""id"":""4eb4631a-3b24-4ab3-9101-39442fc8118b"",""date"":""2026-07-21T00:55:45.451Z"",""amount"":382.1,""merchant"":""Amazon BR"",""type"":""CREDIT""},{""id"":""94b5758b-ff96-4aeb-9ddd-7b0ff9c4b0f6"",""date"":""2026-07-19T00:55:45.459Z"",""amount"":191.05,""merchant"":""Farmacia Pague Menos"",""type"":""CREDIT""}]",0.00,
493d1b80-5ab0-4cb6-a66e-9b7c76613f60,27646660477,FECHADA,2026-07-10T18:00:00.000Z,2026-07-26T00:55:45.800Z,2026-08-20T03:00:06.236Z,3870.86,,41,0.00,77.42,,0.00,19.47,297.86,19.33,"[{""id"":""89deebbb-36b5-4e1f-a454-e2fb86c22dee"",""date"":""2026-07-01T15:00:00.000Z"",""amount"":1720.38,""merchant"":""Uber"",""type"":""CREDIT""},{""id"":""78924938-4852-4b3e-802a-46be7f4aaa2e"",""date"":""2026-06-25T15:00:00.000Z"",""amount"":1290.29,""merchant"":""Spotify"",""type"":""CREDIT""},{""id"":""2df79d55-f7c0-4e9e-9389-2fe56e061fe3"",""date"":""2026-06-30T15:00:00.000Z"",""amount"":860.19,""merchant"":""Posto Shell"",""type"":""CREDIT""}]",0.00,
497eeced-ec2e-4caf-999b-20f770d14878,78475680046,FECHADA,2026-07-10T18:00:00.000Z,2026-07-26T00:55:48.683Z,2026-08-18T03:00:12.636Z,3870.86,,0,0.00,77.42,,0.00,19.47,297.86,19.33,"[{""id"":""b315eebb-7e97-4b03-b7a2-d7ea3e85926b"",""date"":""2026-06-26T15:00:00.000Z"",""amount"":1720.38,""merchant"":""Spotify"",""type"":""CREDIT""},{""id"":""87a37b54-da12-4437-a60a-38e7adaf492a"",""date"":""2026-06-30T15:00:00.000Z"",""amount"":1290.29,""merchant"":""Posto Shell"",""type"":""CREDIT""},{""id"":""889e958d-cea3-4edc-96d0-af5b3a601274"",""date"":""2026-07-01T15:00:00.000Z"",""amount"":860.19,""merchant"":""Uber"",""type"":""CREDIT""}]",0.00,
49d4c73f-27a9-40bb-8f5d-dc435d35d222,58628880208,FECHADA,2026-08-10T21:00:00.000Z,2026-08-04T00:02:58.125Z,2026-08-15T03:07:38.063Z,0.00,,0,0.00,0.00,,0.00,0.00,0.00,0.00,[],0.00,
4b290764-4d00-4ecd-8edd-afcab25de622,77551164685,FECHADA,2026-07-10T18:00:00.000Z,2026-07-26T00:55:44.501Z,2026-08-20T03:00:06.236Z,3870.86,,41,0.00,77.42,,0.00,19.47,297.86,19.33,"[{""id"":""caa3259a-67e3-434c-8937-2c5cc7cc0ca6"",""date"":""2026-07-01T15:00:00.000Z"",""amount"":1720.38,""merchant"":""iFood"",""type"":""CREDIT""},{""id"":""2e649670-0758-472a-a006-3caa5072c611"",""date"":""2026-06-24T15:00:00.000Z"",""amount"":1290.29,""merchant"":""Spotify"",""type"":""CREDIT""},{""id"":""f9832495-ea50-442e-bf02-c40e4a46941e"",""date"":""2026-06-30T15:00:00.000Z"",""amount"":860.19,""merchant"":""Amazon BR"",""type"":""CREDIT""}]",0.00,
4c960f36-e744-4e60-807d-e9e841bf25f1,75775457404,FECHADA,2026-07-10T18:00:00.000Z,2026-07-26T00:55:47.901Z,2026-08-20T03:00:06.236Z,3870.86,,41,0.00,77.42,,0.00,19.47,297.86,19.33,"[{""id"":""6af50958-f25a-4830-bae6-c46954daced3"",""date"":""2026-06-27T15:00:00.000Z"",""amount"":1720.38,""merchant"":""Posto Shell"",""type"":""CREDIT""},{""id"":""057a89d0-d95a-40aa-926a-6f29a84e428d"",""date"":""2026-06-28T15:00:00.000Z"",""amount"":1290.29,""merchant"":""Posto Shell"",""type"":""CREDIT""},{""id"":""2664f28f-503b-4d9e-bdd4-60cf06224339"",""date"":""2026-07-03T15:00:00.000Z"",""amount"":860.19,""merchant"":""Netflix"",""type"":""CREDIT""}]",0.00,
4cb6b68a-dffb-41fa-88f3-a7ba6a4e144d,85246671844,FECHADA,2026-07-10T18:00:00.000Z,2026-07-26T00:55:49.008Z,2026-08-20T03:00:06.236Z,3870.86,,41,0.00,77.42,,0.00,19.47,297.86,19.33,"[{""id"":""0f1ca293-7a61-4bd5-a72d-f559780116db"",""date"":""2026-07-03T15:00:00.000Z"",""amount"":1720.38,""merchant"":""Mercado Livre"",""type"":""CREDIT""},{""id"":""72674329-a994-4da7-8bf2-b1b2e71dae21"",""date"":""2026-06-28T15:00:00.000Z"",""amount"":1290.29,""merchant"":""Uber"",""type"":""CREDIT""},{""id"":""0149b7b8-76f8-4149-93e1-479dca2cb7d0"",""date"":""2026-06-30T15:00:00.000Z"",""amount"":860.19,""merchant"":""Farmacia Pague Menos"",""type"":""CREDIT""}]",0.00,
4e7739a6-a5cf-4043-8878-b78198eba7f5,46945365409,FECHADA,2026-08-05T21:00:00.000Z,2026-07-30T03:23:47.760Z,2026-08-20T03:00:06.236Z,404.06,,15,0.00,8.08,,0.00,1.80,6.21,0.39,"[{""id"":""5c2b9337-56e2-45c1-8c7c-1006ebaf8a3b"",""date"":""2026-07-27T02:48:47.375Z"",""amount"":173.17,""merchant"":""Posto Shell"",""type"":""CREDIT""},{""id"":""116a3a3f-8242-4ab1-8125-70dd7d0be373"",""date"":""2026-07-26T02:48:47.372Z"",""amount"":230.89,""merchant"":""Amazon BR"",""type"":""CREDIT""}]",0.00,
4fc66ca5-5bad-4eeb-b4c9-3dfc1d1c7cc1,48318883543,FECHADA,2026-08-10T18:00:00.000Z,2026-08-04T00:03:00.680Z,2026-08-18T03:00:12.636Z,1646.98,,0,0.00,77.42,,3870.86,22.33,476.59,30.94,"[{""id"":""fc11fa26-04f4-4079-98fa-b8e17fe0fe12"",""date"":""2026-07-24T16:09:47.830Z"",""amount"":398.24,""merchant"":""Amazon BR"",""type"":""CREDIT""},{""id"":""858849dd-4651-4e7e-8889-8b558ff3408e"",""date"":""2026-07-23T00:55:44.224Z"",""amount"":166.87,""merchant"":""Netflix"",""type"":""CREDIT""},{""id"":""d8521cfb-5c09-42ae-9997-5602c91ea360"",""date"":""2026-07-22T00:55:44.220Z"",""amount"":250.32,""merchant"":""Mercado Livre"",""type"":""CREDIT""},{""id"":""a85d486a-a265-481b-a09e-4e4bfe6d327b"",""date"":""2026-07-21T00:55:44.215Z"",""amount"":333.76,""merchant"":""Spotify"",""type"":""CREDIT""},{""id"":""a9c6b2af-f054-43cb-bd17-cd31ea025fbd"",""date"":""2026-07-20T16:09:47.839Z"",""amount"":199.11,""merchant"":""Magazine Luiza"",""type"":""CREDIT""},{""id"":""2055d099-d933-45bd-ac92-b336dd533dfb"",""date"":""2026-07-20T16:09:47.834Z"",""amount"":298.68,""merchant"":""Spotify"",""type"":""CREDIT""}]",0.00,
50be81ca-f791-4d5e-ae92-288f47f74fc9,24662236606,FECHADA,2026-07-10T18:00:00.000Z,2026-07-26T00:55:43.945Z,2026-08-20T03:00:06.236Z,3870.86,,41,0.00,77.42,,0.00,19.47,297.86,19.33,"[{""id"":""804c36c6-c3df-4522-9c72-8444650226ac"",""date"":""2026-06-29T15:00:00.000Z"",""amount"":1720.38,""merchant"":""Uber"",""type"":""CREDIT""},{""id"":""c27083ea-855e-4b42-869c-ae896e3340bd"",""date"":""2026-06-30T15:00:00.000Z"",""amount"":1290.29,""merchant"":""Uber"",""type"":""CREDIT""},{""id"":""24fdd708-87f2-4c2e-b30a-8d0da6216544"",""date"":""2026-06-28T15:00:00.000Z"",""amount"":860.19,""merchant"":""iFood"",""type"":""CREDIT""}]",0.00,
51c3bff0-2781-41f7-88b8-f82b583489c4,65184684166,FECHADA,2026-08-10T18:00:00.000Z,2026-08-04T00:02:56.060Z,2026-08-18T03:00:12.636Z,1513.17,,0,0.00,77.42,,3870.86,22.33,476.59,30.94,"[{""id"":""c9c9945a-4602-4f5b-b6db-41fec9e598ba"",""date"":""2026-07-25T00:55:47.188Z"",""amount"":228.58,""merchant"":""iFood"",""type"":""CREDIT""},{""id"":""77e474fb-23d2-40c2-9f4e-1530c95cd466"",""date"":""2026-07-24T16:09:49.654Z"",""amount"":332.96,""merchant"":""Magazine Luiza"",""type"":""CREDIT""},{""id"":""52b6f99d-b621-4672-adf3-8dcc558f1482"",""date"":""2026-07-24T00:55:47.202Z"",""amount"":114.29,""merchant"":""Mercado Livre"",""type"":""CREDIT""},{""id"":""c7adf029-431b-44b7-b23a-92c7071026a6"",""date"":""2026-07-23T16:09:49.650Z"",""amount"":443.94,""merchant"":""Netflix"",""type"":""CREDIT""},{""id"":""ccd4bb1f-ea38-4b7c-a087-3ab136f71d78"",""date"":""2026-07-21T00:55:47.194Z"",""amount"":171.43,""merchant"":""Posto Shell"",""type"":""CREDIT""},{""id"":""913510cd-0afb-4b39-b080-7cc4469107ba"",""date"":""2026-07-19T16:09:49.663Z"",""amount"":221.97,""merchant"":""Magazine Luiza"",""type"":""CREDIT""}]",0.00,
52aa155c-615c-49be-95df-fe17e41456e6,57673944623,FECHADA,2026-08-10T18:00:00.000Z,2026-08-04T00:03:00.445Z,2026-08-20T03:00:06.236Z,1426.65,,10,0.00,77.42,,3870.86,22.33,476.59,30.94,"[{""id"":""8bf77a59-0c1c-42ed-af70-a0ac209752c0"",""date"":""2026-07-25T00:55:47.383Z"",""amount"":105.97,""merchant"":""Magazine Luiza"",""type"":""CREDIT""},{""id"":""18e02fd6-7097-4bcb-a2af-5bf9782e367d"",""date"":""2026-07-23T00:55:47.377Z"",""amount"":158.96,""merchant"":""Farmacia Pague Menos"",""type"":""CREDIT""},{""id"":""ea7e2fdd-1426-46a9-82e1-7fd713143de4"",""date"":""2026-07-21T00:55:47.372Z"",""amount"":211.95,""merchant"":""Mercado Livre"",""type"":""CREDIT""},{""id"":""f4846793-4b21-441c-a31a-ff2629d3317e"",""date"":""2026-07-19T16:09:49.832Z"",""amount"":211.06,""merchant"":""Posto Shell"",""type"":""CREDIT""},{""id"":""31d1428c-5e2f-4f81-8294-3e21fe1f2515"",""date"":""2026-07-19T16:09:49.821Z"",""amount"":422.12,""merchant"":""Spotify"",""type"":""CREDIT""},{""id"":""1b1dcf90-263a-411b-a437-dda88e60d6fc"",""date"":""2026-07-17T16:09:49.828Z"",""amount"":316.59,""merchant"":""Zara"",""type"":""CREDIT""}]",0.00,
535b7d2c-a13e-4a16-a352-73a674005152,34272175349,FECHADA,2026-08-10T18:00:00.000Z,2026-08-04T00:02:54.515Z,2026-08-20T03:00:06.236Z,1299.92,,10,0.00,26.00,,0.00,5.27,20.01,1.29,"[{""id"":""ff7256a7-29cf-4615-93e9-c38f32724927"",""date"":""2026-07-24T00:55:44.846Z"",""amount"":265.1,""merchant"":""Mercado Livre"",""type"":""CREDIT""},{""id"":""6949952f-4634-4fbe-baa5-f39efee4a7fc"",""date"":""2026-07-22T16:09:48.617Z"",""amount"":234.48,""merchant"":""iFood"",""type"":""CREDIT""},{""id"":""74d4602d-f661-413e-9858-8058287e1b09"",""date"":""2026-07-22T16:09:48.612Z"",""amount"":312.64,""merchant"":""iFood"",""type"":""CREDIT""},{""id"":""f17a41c9-cdda-4d5b-9e7e-ee687a1c5eeb"",""date"":""2026-07-20T00:55:44.876Z"",""amount"":132.55,""merchant"":""Amazon BR"",""type"":""CREDIT""},{""id"":""26158821-e294-417e-99eb-223f1539eacc"",""date"":""2026-07-20T00:55:44.856Z"",""amount"":198.83,""merchant"":""Mercado Livre"",""type"":""CREDIT""},{""id"":""dd948553-c26d-4298-9fc1-109f75000970"",""date"":""2026-07-18T16:09:48.621Z"",""amount"":156.32,""merchant"":""Spotify"",""type"":""CREDIT""}]",0.00,
54c632fc-9fc8-4f9d-9048-565b75a560f1,42194343806,FECHADA,2026-08-15T21:00:00.000Z,2026-08-09T01:36:38.148Z,2026-08-18T03:00:12.636Z,1252.29,,0,0.00,77.42,,3870.86,24.89,635.47,41.26,"[{""id"":""5cb57a76-3cf2-4cc3-abfa-57f1fe9dd7be"",""date"":""2026-07-24T05:13:29.878Z"",""amount"":214.72,""merchant"":""iFood"",""type"":""CREDIT""},{""id"":""850f943e-e173-414d-a57e-351ace4477d3"",""date"":""2026-07-24T00:55:44.357Z"",""amount"":270.28,""merchant"":""iFood"",""type"":""CREDIT""},{""id"":""6f080fba-2db1-407a-a7c9-48075dfdcc61"",""date"":""2026-07-23T00:55:44.367Z"",""amount"":135.13,""merchant"":""Amazon BR"",""type"":""CREDIT""},{""id"":""f4865e71-3e42-40aa-b9ce-4118e0f4d0fa"",""date"":""2026-07-23T00:55:44.363Z"",""amount"":202.71,""merchant"":""Amazon BR"",""type"":""CREDIT""},{""id"":""3db655fa-dc1f-4065-bb92-4b1a9b36452f"",""date"":""2026-07-19T05:13:29.883Z"",""amount"":143.15,""merchant"":""Farmacia Pague Menos"",""type"":""CREDIT""},{""id"":""ee55a82b-e1f5-43e9-9070-5eecd24a93b7"",""date"":""2026-07-17T05:13:29.867Z"",""amount"":286.3,""merchant"":""Amazon BR"",""type"":""CREDIT""}]",0.00,
551671a7-e191-48a3-9950-e98fe2e1db36,84585226834,FECHADA,2026-08-01T18:00:00.000Z,2026-08-17T00:13:12.335Z,2026-08-20T03:00:06.236Z,3870.86,,19,0.00,77.42,,0.00,19.47,297.86,19.33,"[{""id"":""bce15741-c3ae-4314-941b-b7f3ef64595f"",""date"":""2026-07-16T15:00:00.000Z"",""amount"":1720.38,""merchant"":""Farmacia Pague Menos"",""type"":""CREDIT""},{""id"":""a4e93c0d-2fc0-4bb1-a1c1-d7d97e4f4c9d"",""date"":""2026-07-22T15:00:00.000Z"",""amount"":1290.29,""merchant"":""Netflix"",""type"":""CREDIT""},{""id"":""90fbdf1e-3738-4833-8569-65743c598e4e"",""date"":""2026-07-19T15:00:00.000Z"",""amount"":860.19,""merchant"":""Spotify"",""type"":""CREDIT""}]",0.00,
55fe6bf0-43ac-48cf-a5a5-10e2337e2a2f,76726514039,FECHADA,2026-07-10T18:00:00.000Z,2026-07-26T00:55:47.656Z,2026-08-20T03:00:06.236Z,3870.86,,41,0.00,77.42,,0.00,19.47,297.86,19.33,"[{""id"":""085160ce-40a4-446c-860e-0019e5fabbad"",""date"":""2026-07-02T15:00:00.000Z"",""amount"":1720.38,""merchant"":""iFood"",""type"":""CREDIT""},{""id"":""91078301-f496-4d19-9f49-0348f4f6b46c"",""date"":""2026-06-28T15:00:00.000Z"",""amount"":1290.29,""merchant"":""Farmacia Pague Menos"",""type"":""CREDIT""},{""id"":""feb96ff4-0939-4d3b-af3e-8e87e71a7e20"",""date"":""2026-06-26T15:00:00.000Z"",""amount"":860.19,""merchant"":""Netflix"",""type"":""CREDIT""}]",0.00,
56422224-0104-47bc-941c-15c840a88fa8,95654548522,FECHADA,2026-08-10T18:00:00.000Z,2026-08-04T00:02:59.176Z,2026-08-20T03:00:06.236Z,1204.71,,10,0.00,24.09,,0.00,4.88,18.54,1.20,"[{""id"":""28ea7309-e275-4662-8c62-e51173ddc244"",""date"":""2026-07-24T16:09:50.930Z"",""amount"":230.38,""merchant"":""Mercado Livre"",""type"":""CREDIT""},{""id"":""b7972396-fd41-4ed4-867f-b11dde68fa3e"",""date"":""2026-07-24T00:55:48.922Z"",""amount"":114.13,""merchant"":""Mercado Livre"",""type"":""CREDIT""},{""id"":""ee91d974-7359-4de3-a14b-d2c404df099c"",""date"":""2026-07-22T00:55:48.918Z"",""amount"":171.19,""merchant"":""Farmacia Pague Menos"",""type"":""CREDIT""},{""id"":""c315f639-5a69-4fae-8448-72596a8c5919"",""date"":""2026-07-22T00:55:48.913Z"",""amount"":228.25,""merchant"":""Spotify"",""type"":""CREDIT""},{""id"":""1101e443-0853-481d-820e-bb5d5f0c681c"",""date"":""2026-07-18T16:09:50.933Z"",""amount"":153.59,""merchant"":""Farmacia Pague Menos"",""type"":""CREDIT""},{""id"":""6c4385ed-3205-456f-a1ad-db4c1b6de17b"",""date"":""2026-07-17T16:09:50.927Z"",""amount"":307.17,""merchant"":""Uber"",""type"":""CREDIT""}]",0.00,
57823bc6-3c4d-4ec5-80dd-6085df5677ee,77777777777,FECHADA,2026-07-10T18:00:00.000Z,2026-07-26T00:55:48.554Z,2026-08-20T03:00:06.236Z,3870.86,,41,0.00,77.42,,0.00,19.47,297.86,19.33,"[{""id"":""ccc89caa-cb29-4d35-8172-bcf4387f6a22"",""date"":""2026-07-02T15:00:00.000Z"",""amount"":1720.38,""merchant"":""Magazine Luiza"",""type"":""CREDIT""},{""id"":""fa4c332a-9ef2-4b87-95a6-279c1f394aeb"",""date"":""2026-06-25T15:00:00.000Z"",""amount"":1290.29,""merchant"":""Posto Shell"",""type"":""CREDIT""},{""id"":""4e56a746-1d32-469b-b1b4-8146e722be4f"",""date"":""2026-06-27T15:00:00.000Z"",""amount"":860.19,""merchant"":""Mercado Livre"",""type"":""CREDIT""}]",0.00,
597d245e-a3ca-483c-a9d8-a111319b8392,72856446096,FECHADA,2026-07-10T18:00:00.000Z,2026-07-26T00:55:47.537Z,2026-08-20T03:00:06.236Z,3870.86,,41,0.00,77.42,,0.00,19.47,297.86,19.33,"[{""id"":""50b20f93-08bb-4cab-8b29-1716238003dd"",""date"":""2026-06-27T15:00:00.000Z"",""amount"":1720.38,""merchant"":""Amazon BR"",""type"":""CREDIT""},{""id"":""316c2f40-f203-413b-899e-e62450af0fca"",""date"":""2026-06-27T15:00:00.000Z"",""amount"":1290.29,""merchant"":""Farmacia Pague Menos"",""type"":""CREDIT""},{""id"":""1f64a21c-ad3d-4c2c-9148-3fa2fa883a26"",""date"":""2026-07-03T15:00:00.000Z"",""amount"":860.19,""merchant"":""iFood"",""type"":""CREDIT""}]",0.00,
59ae7909-4b3c-4f50-ba93-94cf3b311b38,18956389652,FECHADA,2026-08-10T18:00:00.000Z,2026-08-04T00:02:58.839Z,2026-08-20T03:00:06.236Z,1418.14,,10,0.00,28.36,,0.00,5.75,21.84,1.41,"[{""id"":""7a0912ee-d30b-4c11-ad56-acf1da10a276"",""date"":""2026-07-24T16:09:50.598Z"",""amount"":286.01,""merchant"":""Netflix"",""type"":""CREDIT""},{""id"":""759de507-82d5-41fe-bbac-9a77e5dbe965"",""date"":""2026-07-24T00:55:48.449Z"",""amount"":172.13,""merchant"":""Netflix"",""type"":""CREDIT""},{""id"":""c6f470a3-421f-4acc-8b37-3c1c842ebbda"",""date"":""2026-07-23T00:55:48.438Z"",""amount"":344.28,""merchant"":""iFood"",""type"":""CREDIT""},{""id"":""83864f9e-289a-4d20-aea3-a17b310621af"",""date"":""2026-07-20T16:09:50.605Z"",""amount"":143,""merchant"":""Uber"",""type"":""CREDIT""},{""id"":""16fca924-d614-460c-89ef-33e050b6cbaa"",""date"":""2026-07-20T00:55:48.442Z"",""amount"":258.21,""merchant"":""Amazon BR"",""type"":""CREDIT""},{""id"":""f4355f08-d876-469d-9136-80ff94891312"",""date"":""2026-07-17T16:09:50.601Z"",""amount"":214.51,""merchant"":""Farmacia Pague Menos"",""type"":""CREDIT""}]",0.00,
5b786915-1f4b-45f5-a772-e878856e7372,42194343806,FECHADA,2026-07-10T18:00:00.000Z,2026-07-26T00:55:44.329Z,2026-08-18T03:00:12.636Z,3870.86,,0,0.00,77.42,,0.00,19.47,297.86,19.33,"[{""id"":""f705ece2-7177-4882-9849-b0beac92642f"",""date"":""2026-07-02T15:00:00.000Z"",""amount"":1720.38,""merchant"":""iFood"",""type"":""CREDIT""},{""id"":""6fc3b5c5-442f-45e2-813a-a39f53505b01"",""date"":""2026-06-28T15:00:00.000Z"",""amount"":1290.29,""merchant"":""iFood"",""type"":""CREDIT""},{""id"":""b2a911b4-4d1b-4631-874d-4af4eedbd5f3"",""date"":""2026-07-03T15:00:00.000Z"",""amount"":860.19,""merchant"":""Spotify"",""type"":""CREDIT""}]",0.00,
5b996357-f5ca-4215-a5a5-3c0639627657,17334727380,FECHADA,2026-08-10T18:00:00.000Z,2026-08-04T00:02:51.871Z,2026-08-20T03:00:06.236Z,1593.09,,10,0.00,31.86,,0.00,6.44,24.51,1.59,"[{""id"":""9a270d8c-bfe4-4639-8c3c-9d85700da610"",""date"":""2026-07-24T16:09:47.388Z"",""amount"":442.22,""merchant"":""iFood"",""type"":""CREDIT""},{""id"":""a887a849-eedb-4151-afe3-bcad363c70cc"",""date"":""2026-07-24T00:55:43.893Z"",""amount"":265.82,""merchant"":""Magazine Luiza"",""type"":""CREDIT""},{""id"":""47f5c4b4-4f8c-4fa9-b21a-b1ab97499391"",""date"":""2026-07-22T00:55:43.899Z"",""amount"":199.37,""merchant"":""Uber"",""type"":""CREDIT""},{""id"":""3c0cbc38-fab4-48ce-852c-b34be7f3bf05"",""date"":""2026-07-21T00:55:43.903Z"",""amount"":132.91,""merchant"":""Posto Shell"",""type"":""CREDIT""},{""id"":""22f20d20-53f2-4fc3-9c2d-c3ec8324e3ff"",""date"":""2026-07-19T16:09:47.404Z"",""amount"":331.66,""merchant"":""Spotify"",""type"":""CREDIT""},{""id"":""1eb89cae-5cb4-4e7a-881d-f9d641dd161a"",""date"":""2026-07-17T16:09:47.420Z"",""amount"":221.11,""merchant"":""iFood"",""type"":""CREDIT""}]",0.00,
5c10404c-df8e-42b2-a2d7-b596845d9119,11111111111,FECHADA,2026-06-15T03:00:00.000Z,2026-07-06T15:38:50.889Z,2026-07-18T20:46:02.509Z,0.00,2026-07-18T20:46:02.507Z,0,0.00,0.00,,0.00,0.00,0.00,0.00,,0.00,
5c43c456-8631-417e-a138-25ccebb2e207,81722521295,FECHADA,2026-08-10T18:00:00.000Z,2026-08-04T00:02:59.231Z,2026-08-20T03:00:06.236Z,1086.71,,10,0.00,21.73,,0.00,4.40,16.71,1.08,"[{""id"":""cb0c1037-1de8-4514-b170-e0553053ff23"",""date"":""2026-07-26T00:55:48.988Z"",""amount"":126.31,""merchant"":""iFood"",""type"":""CREDIT""},{""id"":""f5fde6ff-bd36-4d09-876c-d434a4c820b2"",""date"":""2026-07-25T00:55:48.981Z"",""amount"":252.61,""merchant"":""Uber"",""type"":""CREDIT""},{""id"":""2209986a-86c0-44d3-a6ec-a14cd9381e72"",""date"":""2026-07-24T16:09:50.990Z"",""amount"":172.78,""merchant"":""Magazine Luiza"",""type"":""CREDIT""},{""id"":""cf4cc92a-5c3e-4c3e-8451-c8918279d7d1"",""date"":""2026-07-23T00:55:48.984Z"",""amount"":189.46,""merchant"":""Farmacia Pague Menos"",""type"":""CREDIT""},{""id"":""459e1b5c-1481-4b4b-92a8-f883dfd6e3a7"",""date"":""2026-07-20T16:09:50.994Z"",""amount"":115.18,""merchant"":""Amazon BR"",""type"":""CREDIT""},{""id"":""501ed480-a5a1-4356-90a5-04dafa5ade23"",""date"":""2026-07-19T16:09:50.986Z"",""amount"":230.37,""merchant"":""Amazon BR"",""type"":""CREDIT""}]",0.00,
5c653e7c-e0f6-499c-a6e5-8d6c9c1cd38d,89331225245,FECHADA,2026-08-25T21:00:00.000Z,2026-08-19T00:27:21.188Z,2026-08-19T00:27:21.188Z,562.03,,0,0.00,0.00,,0.00,0.00,0.00,0.00,"[{""id"":""6777f497-372e-4b00-96ce-aea4487c82e4"",""date"":""2026-07-31T05:38:42.868Z"",""amount"":124.9,""merchant"":""Mercado Livre"",""type"":""CREDIT""},{""id"":""c7694424-1c9a-44fe-95ad-33044390d5b5"",""date"":""2026-07-29T05:38:42.865Z"",""amount"":187.34,""merchant"":""Spotify"",""type"":""CREDIT""},{""id"":""dbdccc63-4452-4204-ba5d-e3e54a50981b"",""date"":""2026-07-25T05:38:42.859Z"",""amount"":249.79,""merchant"":""Netflix"",""type"":""CREDIT""}]",0.00,
6299e660-e1a7-46fd-bbcc-22bd192a1d74,37810513150,FECHADA,2026-08-10T18:00:00.000Z,2026-08-04T00:02:52.765Z,2026-08-15T03:07:38.063Z,1356.53,,0,0.00,77.42,,3870.86,22.33,476.59,30.94,"[{""id"":""d72cc780-11ae-41ad-84c3-8f83bd39fcfd"",""date"":""2026-07-26T00:55:44.286Z"",""amount"":150.89,""merchant"":""Magazine Luiza"",""type"":""CREDIT""},{""id"":""89ba21d2-a513-4f7e-a252-c091a8eed481"",""date"":""2026-07-25T00:55:44.276Z"",""amount"":301.79,""merchant"":""Zara"",""type"":""CREDIT""},{""id"":""7c5ad0c3-4b73-4a66-9f89-9334099593c6"",""date"":""2026-07-22T16:09:47.882Z"",""amount"":225.84,""merchant"":""Posto Shell"",""type"":""CREDIT""},{""id"":""0068c923-b57b-423a-aa9a-841a3d2b198b"",""date"":""2026-07-21T00:55:44.282Z"",""amount"":226.34,""merchant"":""Mercado Livre"",""type"":""CREDIT""},{""id"":""5fe10efd-ed9e-41ba-9550-7e15e412c16c"",""date"":""2026-07-19T16:09:47.875Z"",""amount"":301.12,""merchant"":""Magazine Luiza"",""type"":""CREDIT""},{""id"":""2fd4742c-6a7a-4007-951c-b79b3f186535"",""date"":""2026-07-17T16:09:47.887Z"",""amount"":150.55,""merchant"":""Magazine Luiza"",""type"":""CREDIT""}]",0.00,
634ae932-e63d-4a26-87bf-333092594f98,76782744325,FECHADA,2026-08-25T21:00:00.000Z,2026-08-19T00:27:21.323Z,2026-08-19T00:27:21.323Z,672.14,,0,0.00,77.42,,3870.86,28.08,337.62,21.93,"[{""id"":""c254f9c3-811b-480e-8643-83624fad1749"",""date"":""2026-07-30T05:39:20.195Z"",""amount"":298.73,""merchant"":""Spotify"",""type"":""CREDIT""},{""id"":""1c37ae78-fbeb-413a-b82b-5818fb0cee63"",""date"":""2026-07-28T05:39:20.200Z"",""amount"":149.36,""merchant"":""Uber"",""type"":""CREDIT""},{""id"":""21b115e6-3113-49c3-aa5b-52002cdb7f58"",""date"":""2026-07-28T05:39:20.197Z"",""amount"":224.05,""merchant"":""Netflix"",""type"":""CREDIT""}]",0.00,
65987519-dc86-4fbc-8920-f9988803b53c,24662236606,FECHADA,2026-08-10T18:00:00.000Z,2026-08-04T00:02:52.671Z,2026-08-20T03:00:06.236Z,1420.72,,10,0.00,77.42,,3870.86,22.33,476.59,30.94,"[{""id"":""7bb59e1d-0b95-41e4-9192-f1a2d77fc8df"",""date"":""2026-07-26T00:55:43.981Z"",""amount"":107.09,""merchant"":""Mercado Livre"",""type"":""CREDIT""},{""id"":""4dba3643-9f82-48c0-be89-ec24551071b3"",""date"":""2026-07-26T00:55:43.972Z"",""amount"":214.19,""merchant"":""Zara"",""type"":""CREDIT""},{""id"":""c79ae691-c00d-4732-bb2b-a03ba46a48d3"",""date"":""2026-07-25T00:55:43.976Z"",""amount"":160.64,""merchant"":""Mercado Livre"",""type"":""CREDIT""},{""id"":""6aff53f4-a279-48a1-bd7b-d80b3c66aea1"",""date"":""2026-07-19T16:09:47.565Z"",""amount"":208.63,""merchant"":""Magazine Luiza"",""type"":""CREDIT""},{""id"":""70e4cef2-e123-41a0-b607-5514bb802880"",""date"":""2026-07-19T16:09:47.555Z"",""amount"":417.24,""merchant"":""Spotify"",""type"":""CREDIT""},{""id"":""b2650a30-025c-4963-84a0-474b9e5639fb"",""date"":""2026-07-18T16:09:47.561Z"",""amount"":312.93,""merchant"":""Zara"",""type"":""CREDIT""}]",0.00,
66897af5-3001-45da-bd26-99dde5b561b1,68737946439,FECHADA,2026-08-25T21:00:00.000Z,2026-08-19T00:27:21.125Z,2026-08-19T00:27:21.125Z,354.96,,0,0.00,77.42,,3870.86,25.55,357.48,23.22,"[{""id"":""cab78fd6-5e38-4a14-bab1-57449938916a"",""date"":""2026-07-31T04:28:08.911Z"",""amount"":118.32,""merchant"":""Netflix"",""type"":""CREDIT""},{""id"":""a23c759c-e449-4b52-81cb-4c7dc03fbac4"",""date"":""2026-07-27T04:28:08.916Z"",""amount"":78.88,""merchant"":""Farmacia Pague Menos"",""type"":""CREDIT""},{""id"":""f7dd339d-1ad5-4b87-b8e9-807e2f883e8b"",""date"":""2026-07-27T04:28:08.907Z"",""amount"":157.76,""merchant"":""Magazine Luiza"",""type"":""CREDIT""}]",0.00,
69650b4f-4b7d-4532-a777-44917e781667,33333333333,FECHADA,2026-08-05T07:58:07.514Z,2026-08-20T01:58:12.945Z,2026-08-20T01:58:12.945Z,0.00,,0,0.00,347.42,,490.05,25.52,178.74,79.04,[],0.00,
6bdf3e1b-63df-4f0f-8c06-8183a50adfe9,18642038977,FECHADA,2026-08-01T18:00:00.000Z,2026-08-17T00:32:41.313Z,2026-08-20T03:00:06.236Z,3870.86,,19,0.00,77.42,,0.00,19.47,297.86,19.33,"[{""id"":""5b307c93-2589-4502-b6a1-fc540c3841db"",""date"":""2026-07-23T15:00:00.000Z"",""amount"":1720.38,""merchant"":""iFood"",""type"":""CREDIT""},{""id"":""8abedc2c-7bdc-4481-9fe9-41e3c804e252"",""date"":""2026-07-16T15:00:00.000Z"",""amount"":1290.29,""merchant"":""Zara"",""type"":""CREDIT""},{""id"":""a612aae2-d085-4e91-8e86-6f9e37706a2c"",""date"":""2026-07-20T15:00:00.000Z"",""amount"":860.19,""merchant"":""Magazine Luiza"",""type"":""CREDIT""}]",0.00,
6bf984f4-d618-43ba-a478-e7eadeaab161,42681570697,FECHADA,2026-07-12T18:00:00.000Z,2026-07-27T06:39:40.964Z,2026-08-20T03:00:06.236Z,3870.86,,39,0.00,77.42,,0.00,19.47,297.86,19.33,"[{""id"":""c9a725f0-4c66-408c-b571-6382802157af"",""date"":""2026-07-01T15:00:00.000Z"",""amount"":1720.38,""merchant"":""Zara"",""type"":""CREDIT""},{""id"":""ac0d5e6f-8ad0-4454-842d-6a5e64fbe16a"",""date"":""2026-07-01T15:00:00.000Z"",""amount"":1290.29,""merchant"":""Magazine Luiza"",""type"":""CREDIT""},{""id"":""4d48d621-0c2b-4b9b-ab0e-4134e40e180e"",""date"":""2026-07-03T15:00:00.000Z"",""amount"":860.19,""merchant"":""Netflix"",""type"":""CREDIT""}]",0.00,
6ef96673-76d1-44af-be2d-17ef6211b90d,28818393472,FECHADA,2026-08-10T18:00:00.000Z,2026-08-04T00:02:59.513Z,2026-08-20T03:00:06.236Z,1099.77,,10,0.00,77.42,,3870.86,22.33,476.59,30.94,"[{""id"":""7366d9b2-8f94-4eda-8eb5-fc962ba1baec"",""date"":""2026-07-24T16:09:50.957Z"",""amount"":302.97,""merchant"":""Farmacia Pague Menos"",""type"":""CREDIT""},{""id"":""d48a8be8-36be-4e3b-8fda-6242663c54a0"",""date"":""2026-07-23T00:55:48.969Z"",""amount"":139.36,""merchant"":""Netflix"",""type"":""CREDIT""},{""id"":""63c6d968-fdb8-4adc-904f-fb6258f3674a"",""date"":""2026-07-23T00:55:48.966Z"",""amount"":185.81,""merchant"":""Magazine Luiza"",""type"":""CREDIT""},{""id"":""54acb803-cba8-4604-b481-326dd784c588"",""date"":""2026-07-22T00:55:48.972Z"",""amount"":92.91,""merchant"":""Spotify"",""type"":""CREDIT""},{""id"":""f56dbe2b-7c80-4a0a-a04f-3da0a5984e89"",""date"":""2026-07-21T16:09:50.961Z"",""amount"":227.23,""merchant"":""Magazine Luiza"",""type"":""CREDIT""},{""id"":""b6ee975d-a8e0-48cd-92ae-a9d17e28f463"",""date"":""2026-07-19T16:09:50.964Z"",""amount"":151.49,""merchant"":""Uber"",""type"":""CREDIT""}]",0.00,
7126675c-877f-4eab-aede-91080049bb99,68141495240,FECHADA,2026-07-10T18:00:00.000Z,2026-07-26T00:55:48.733Z,2026-08-20T03:00:06.236Z,3870.86,,41,0.00,77.42,,0.00,19.47,297.86,19.33,"[{""id"":""1ec23e34-4ad0-4111-8d9c-b3623f3b25a3"",""date"":""2026-06-30T15:00:00.000Z"",""amount"":1720.38,""merchant"":""Mercado Livre"",""type"":""CREDIT""},{""id"":""c78470fa-925c-44e1-86d4-2eac6311035d"",""date"":""2026-06-25T15:00:00.000Z"",""amount"":1290.29,""merchant"":""Netflix"",""type"":""CREDIT""},{""id"":""880ac029-b377-4b23-908b-2a0944264e37"",""date"":""2026-06-24T15:00:00.000Z"",""amount"":860.19,""merchant"":""Posto Shell"",""type"":""CREDIT""}]",0.00,
71bad456-3abf-429b-92f1-8b1822833912,20250513611,FECHADA,2026-07-10T18:00:00.000Z,2026-07-26T00:55:46.427Z,2026-08-20T03:00:06.236Z,3870.86,,41,0.00,77.42,,0.00,19.47,297.86,19.33,"[{""id"":""0c77de24-b685-4138-8169-451794ab105c"",""date"":""2026-06-30T15:00:00.000Z"",""amount"":1720.38,""merchant"":""Amazon BR"",""type"":""CREDIT""},{""id"":""a149d58b-28e1-45fe-a7de-89efc1f724f7"",""date"":""2026-07-03T15:00:00.000Z"",""amount"":1290.29,""merchant"":""Amazon BR"",""type"":""CREDIT""},{""id"":""267084b5-8f65-47aa-8be0-f4537666d7de"",""date"":""2026-06-29T15:00:00.000Z"",""amount"":860.19,""merchant"":""Spotify"",""type"":""CREDIT""}]",0.00,
743c5004-e4f4-466a-acda-06288f6f2473,92454501635,FECHADA,2026-08-10T18:00:00.000Z,2026-08-04T00:03:00.731Z,2026-08-20T03:00:06.236Z,1005.88,,10,0.00,77.42,,3870.86,22.33,476.59,30.94,"[{""id"":""77c08e65-212d-41e9-b17c-b7f648581af2"",""date"":""2026-07-25T00:55:49.206Z"",""amount"":206.67,""merchant"":""Uber"",""type"":""CREDIT""},{""id"":""a674d72f-30b9-4a5a-928b-0f9c166bb0e5"",""date"":""2026-07-24T00:55:49.216Z"",""amount"":103.34,""merchant"":""Zara"",""type"":""CREDIT""},{""id"":""81fb774c-50d3-44ab-9068-7222f1e10a77"",""date"":""2026-07-23T16:09:51.202Z"",""amount"":120.19,""merchant"":""iFood"",""type"":""CREDIT""},{""id"":""9634188b-fbce-44b9-ae5c-69fa373b1630"",""date"":""2026-07-23T16:09:51.199Z"",""amount"":180.29,""merchant"":""Zara"",""type"":""CREDIT""},{""id"":""809c78d5-b2f7-4cb4-8f15-882da2eafce1"",""date"":""2026-07-22T16:09:51.196Z"",""amount"":240.39,""merchant"":""Zara"",""type"":""CREDIT""},{""id"":""b3d62152-047b-4f9b-970e-d6cc131f00bf"",""date"":""2026-07-21T00:55:49.210Z"",""amount"":155,""merchant"":""Amazon BR"",""type"":""CREDIT""}]",0.00,
755352d3-5b17-4746-828f-41b3103e1c44,93852856961,FECHADA,2026-08-10T18:00:00.000Z,2026-08-04T00:02:52.828Z,2026-08-20T03:00:06.236Z,1483.17,,10,0.00,77.42,,3870.86,22.33,476.59,30.94,"[{""id"":""82c6d91e-ccb0-4715-81de-130f9a650ba2"",""date"":""2026-07-26T00:55:43.875Z"",""amount"":275.52,""merchant"":""Farmacia Pague Menos"",""type"":""CREDIT""},{""id"":""6e556a3f-0ff0-47df-a463-ed0ed00c25a4"",""date"":""2026-07-23T16:09:47.290Z"",""amount"":287.75,""merchant"":""Mercado Livre"",""type"":""CREDIT""},{""id"":""08459b30-5e17-41e6-9072-07beb1116aa3"",""date"":""2026-07-22T00:55:43.885Z"",""amount"":137.75,""merchant"":""Zara"",""type"":""CREDIT""},{""id"":""15b157dd-4fa3-4d90-a68b-850dde58f8a7"",""date"":""2026-07-21T00:55:43.880Z"",""amount"":206.64,""merchant"":""Farmacia Pague Menos"",""type"":""CREDIT""},{""id"":""1cf65b0a-eca6-45c5-8c45-cba3b1e14713"",""date"":""2026-07-19T16:09:47.301Z"",""amount"":191.84,""merchant"":""Amazon BR"",""type"":""CREDIT""},{""id"":""4e2c14e2-187f-4414-978b-5cc2ce6fcb64"",""date"":""2026-07-18T16:09:47.284Z"",""amount"":383.67,""merchant"":""Posto Shell"",""type"":""CREDIT""}]",0.00,
76631b29-d2af-495f-88b1-6cddcca8b721,77529588591,FECHADA,2026-07-10T18:00:00.000Z,2026-07-26T00:55:47.746Z,2026-08-20T03:00:06.236Z,3870.86,,41,0.00,77.42,,0.00,19.47,297.86,19.33,"[{""id"":""bfa0b195-f127-4abd-9a57-c19159e9d3cd"",""date"":""2026-07-03T15:00:00.000Z"",""amount"":1720.38,""merchant"":""Zara"",""type"":""CREDIT""},{""id"":""8f79efc0-bb1c-4d84-8267-b01afbe145c3"",""date"":""2026-06-30T15:00:00.000Z"",""amount"":1290.29,""merchant"":""Spotify"",""type"":""CREDIT""},{""id"":""b425bfd1-d286-43f1-a8f4-171b8808095f"",""date"":""2026-07-02T15:00:00.000Z"",""amount"":860.19,""merchant"":""Spotify"",""type"":""CREDIT""}]",0.00,
78418f37-5dc0-4d37-91e4-45cf8c593ad1,36072364535,FECHADA,2026-07-20T18:00:00.000Z,2026-08-04T18:15:20.344Z,2026-08-20T03:00:06.236Z,3870.86,,31,0.00,77.42,,0.00,19.47,297.86,19.33,"[{""id"":""86532b69-84a3-44fd-9266-b8e47e624119"",""date"":""2026-07-06T15:00:00.000Z"",""amount"":1720.38,""merchant"":""Zara"",""type"":""CREDIT""},{""id"":""989eb340-ab20-42ea-a2f1-2ad3a3a92ab0"",""date"":""2026-07-10T15:00:00.000Z"",""amount"":1290.29,""merchant"":""Spotify"",""type"":""CREDIT""},{""id"":""59f9279a-6a4b-4aaa-ac2c-ad293b308ff7"",""date"":""2026-07-09T15:00:00.000Z"",""amount"":860.19,""merchant"":""Farmacia Pague Menos"",""type"":""CREDIT""}]",0.00,
789c9774-2d6f-4f82-b603-0a61623df6ca,64866656883,FECHADA,2026-08-10T18:00:00.000Z,2026-08-04T00:02:59.685Z,2026-08-20T03:00:06.236Z,1223.46,,10,0.00,77.42,,3870.86,22.33,476.59,30.94,"[{""id"":""81a85f34-b70e-42a1-80aa-acebad97145f"",""date"":""2026-07-24T00:55:49.135Z"",""amount"":303,""merchant"":""Posto Shell"",""type"":""CREDIT""},{""id"":""2787e8a3-d4a6-49e0-8562-47a9f15ad3ad"",""date"":""2026-07-23T16:09:51.080Z"",""amount"":180.57,""merchant"":""iFood"",""type"":""CREDIT""},{""id"":""20daaa4d-e6a7-4bd3-b3e9-a4269fd15036"",""date"":""2026-07-23T16:09:51.077Z"",""amount"":240.76,""merchant"":""iFood"",""type"":""CREDIT""},{""id"":""945aae54-39da-41b8-8925-96a5b91dc8d6"",""date"":""2026-07-23T00:55:49.142Z"",""amount"":151.49,""merchant"":""Spotify"",""type"":""CREDIT""},{""id"":""15e96707-6966-4e96-ae97-9f7edb6685df"",""date"":""2026-07-21T00:55:49.139Z"",""amount"":227.25,""merchant"":""Mercado Livre"",""type"":""CREDIT""},{""id"":""4ef61b92-18ea-40d2-983b-563326eff42e"",""date"":""2026-07-18T16:09:51.083Z"",""amount"":120.39,""merchant"":""Netflix"",""type"":""CREDIT""}]",0.00,
79cb894b-ea2b-4524-96c1-f87f9f0cb34a,76671725950,FECHADA,2026-08-10T18:00:00.000Z,2026-08-04T00:02:53.111Z,2026-08-20T03:00:06.236Z,929.08,,10,0.00,77.42,,3870.86,22.33,476.59,30.94,"[{""id"":""636cfda8-d16e-41b4-a921-0dad8ca42e36"",""date"":""2026-07-26T00:55:44.142Z"",""amount"":172.27,""merchant"":""Zara"",""type"":""CREDIT""},{""id"":""93a5ce79-b810-4ddf-a42a-4942ce96b8d9"",""date"":""2026-07-23T16:09:47.730Z"",""amount"":183.23,""merchant"":""Amazon BR"",""type"":""CREDIT""},{""id"":""2d50559e-64a8-4857-8ca4-0898eab09135"",""date"":""2026-07-23T00:55:44.137Z"",""amount"":229.7,""merchant"":""iFood"",""type"":""CREDIT""},{""id"":""85bb0314-a43a-4c23-9f01-fe5b13641b01"",""date"":""2026-07-22T00:55:44.148Z"",""amount"":114.85,""merchant"":""Amazon BR"",""type"":""CREDIT""},{""id"":""bd8f85e4-764d-474f-863a-433c63d2c640"",""date"":""2026-07-18T16:09:47.737Z"",""amount"":137.42,""merchant"":""Spotify"",""type"":""CREDIT""},{""id"":""75c54962-d0e4-4834-b866-8ebeadea9da5"",""date"":""2026-07-17T16:09:47.744Z"",""amount"":91.61,""merchant"":""Posto Shell"",""type"":""CREDIT""}]",0.00,
7a74f06a-1c57-442b-9a8a-5122fb03515b,12923841310,FECHADA,2026-08-01T18:00:00.000Z,2026-08-17T01:42:19.219Z,2026-08-20T03:00:06.236Z,3870.86,,19,0.00,77.42,,0.00,19.47,297.86,19.33,"[{""id"":""def55d9b-a31e-476a-96fc-bd64255fde14"",""date"":""2026-07-24T15:00:00.000Z"",""amount"":1720.38,""merchant"":""Spotify"",""type"":""CREDIT""},{""id"":""e832c9ab-5288-4c50-a1a9-0a7cbf8cc8f0"",""date"":""2026-07-21T15:00:00.000Z"",""amount"":1290.29,""merchant"":""Netflix"",""type"":""CREDIT""},{""id"":""7a6c5940-f87a-4ded-81e4-11855519a329"",""date"":""2026-07-18T15:00:00.000Z"",""amount"":860.19,""merchant"":""Amazon BR"",""type"":""CREDIT""}]",0.00,
7d2bd421-2624-400b-9f6c-7597547059dd,33333333333,FECHADA,2026-08-15T12:00:00.000Z,2026-08-09T01:36:39.030Z,2026-08-20T03:00:06.236Z,490.05,,5,0.00,77.42,,3870.86,23.31,536.18,34.81,"[{""id"":""a128cb2e-24ef-423c-a103-c6051c7e40a0"",""date"":""2026-07-24T05:09:51.043Z"",""amount"":217.8,""merchant"":""Farmacia Pague Menos"",""type"":""CREDIT""},{""id"":""f19dc60e-c144-434b-b610-e108bb77d5af"",""date"":""2026-07-23T05:09:51.057Z"",""amount"":163.35,""merchant"":""Amazon BR"",""type"":""CREDIT""},{""id"":""dfeb9faa-4bef-4751-8146-9b13103430c9"",""date"":""2026-07-22T05:09:51.062Z"",""amount"":108.9,""merchant"":""Mercado Livre"",""type"":""CREDIT""}]",0.00,
7d4038b5-b9ec-4c1f-87d9-9249c9e705a1,42718533218,FECHADA,2026-08-10T18:00:00.000Z,2026-08-04T00:02:55.524Z,2026-08-20T03:00:06.236Z,1218.37,,10,0.00,24.37,,0.00,4.93,18.75,1.23,"[{""id"":""b23f0ae7-5e3b-4839-92ff-b2dee15ee8a0"",""date"":""2026-07-26T00:55:46.173Z"",""amount"":276.49,""merchant"":""Zara"",""type"":""CREDIT""},{""id"":""8a6759ab-00f9-4b7a-b384-9cba0bba1f81"",""date"":""2026-07-23T16:09:49.166Z"",""amount"":265.01,""merchant"":""Mercado Livre"",""type"":""CREDIT""},{""id"":""b4382a6d-1109-4dff-ba5f-8f0fdbf7913f"",""date"":""2026-07-23T00:55:46.208Z"",""amount"":138.24,""merchant"":""Posto Shell"",""type"":""CREDIT""},{""id"":""d77c45a5-7183-4470-93eb-c04da6994466"",""date"":""2026-07-21T16:09:49.173Z"",""amount"":132.5,""merchant"":""Magazine Luiza"",""type"":""CREDIT""},{""id"":""212287cb-318a-4c01-8c8e-2c4041aebb42"",""date"":""2026-07-20T00:55:46.197Z"",""amount"":207.37,""merchant"":""Farmacia Pague Menos"",""type"":""CREDIT""},{""id"":""9859cfce-acbf-46b5-bd71-6181e3128581"",""date"":""2026-07-19T16:09:49.169Z"",""amount"":198.76,""merchant"":""Spotify"",""type"":""CREDIT""}]",0.00,
7f6b6efc-34fb-4e91-8541-3ee20846d3f3,88877766655,FECHADA,2026-08-10T18:00:00.000Z,2026-08-04T00:02:57.113Z,2026-08-20T03:00:06.236Z,1440.59,,10,0.00,28.81,,0.00,5.83,22.17,1.44,"[{""id"":""881e6177-3200-450c-aab5-466f2b213476"",""date"":""2026-07-24T16:09:50.532Z"",""amount"":179.66,""merchant"":""Netflix"",""type"":""CREDIT""},{""id"":""4ab3041f-ff44-4550-ac03-18691650e6fb"",""date"":""2026-07-24T00:55:48.117Z"",""amount"":210.71,""merchant"":""iFood"",""type"":""CREDIT""},{""id"":""ef6fd8c4-3c74-419c-b9d3-246d35fc73a1"",""date"":""2026-07-22T16:09:50.524Z"",""amount"":359.31,""merchant"":""Posto Shell"",""type"":""CREDIT""},{""id"":""ddadd8e6-74e3-4e16-8453-8abcb9b9c966"",""date"":""2026-07-21T16:09:50.529Z"",""amount"":269.48,""merchant"":""Mercado Livre"",""type"":""CREDIT""},{""id"":""29fa53ef-d3b4-45ef-9611-af888ef936be"",""date"":""2026-07-21T00:55:48.110Z"",""amount"":280.95,""merchant"":""Uber"",""type"":""CREDIT""},{""id"":""a77de6f0-9117-47cd-b9f5-6cef8afd20b0"",""date"":""2026-07-20T00:55:48.121Z"",""amount"":140.48,""merchant"":""Netflix"",""type"":""CREDIT""}]",0.00,
8026c622-35b8-453b-a4b2-c616190c6135,77529588591,FECHADA,2026-08-10T18:00:00.000Z,2026-08-04T00:02:55.983Z,2026-08-20T03:00:06.236Z,991.36,,10,0.00,77.42,,3870.86,22.33,476.59,30.94,"[{""id"":""7eb2c1ca-7c0f-463b-9759-05dfd9e5cc97"",""date"":""2026-07-26T00:55:47.789Z"",""amount"":127.25,""merchant"":""Spotify"",""type"":""CREDIT""},{""id"":""65d4ca1d-f590-49c8-bed5-92d1f5df7d81"",""date"":""2026-07-25T00:55:47.793Z"",""amount"":84.83,""merchant"":""Magazine Luiza"",""type"":""CREDIT""},{""id"":""b9ca189e-5ac7-4040-8926-3922b0d8354c"",""date"":""2026-07-23T16:09:50.160Z"",""amount"":135.47,""merchant"":""Spotify"",""type"":""CREDIT""},{""id"":""17f4fe80-5cfb-47f8-a405-47407eae2e29"",""date"":""2026-07-21T16:09:50.156Z"",""amount"":203.2,""merchant"":""Spotify"",""type"":""CREDIT""},{""id"":""a1ee4ff4-241a-4d2c-b991-b3a345110c51"",""date"":""2026-07-21T16:09:50.151Z"",""amount"":270.94,""merchant"":""Zara"",""type"":""CREDIT""},{""id"":""e7c0ff96-4342-4075-abfa-859c66d2be7b"",""date"":""2026-07-21T00:55:47.784Z"",""amount"":169.67,""merchant"":""Amazon BR"",""type"":""CREDIT""}]",0.00,
806f165e-7b0f-49b3-978f-1d22b7dbf3e8,65451936372,FECHADA,2026-08-10T18:00:00.000Z,2026-08-04T00:02:56.592Z,2026-08-20T03:00:06.236Z,1247.97,,10,0.00,24.96,,0.00,5.04,19.20,1.26,"[{""id"":""bb2044fc-f60e-48a8-a241-73778264bd16"",""date"":""2026-07-24T16:09:49.786Z"",""amount"":242.81,""merchant"":""iFood"",""type"":""CREDIT""},{""id"":""f09c0fa6-151b-4b6a-bf53-849d4d8ec2b1"",""date"":""2026-07-24T00:55:47.275Z"",""amount"":173.18,""merchant"":""Magazine Luiza"",""type"":""CREDIT""},{""id"":""a01a7287-1c62-4f3c-b42c-03520b023af6"",""date"":""2026-07-23T00:55:47.270Z"",""amount"":230.9,""merchant"":""Spotify"",""type"":""CREDIT""},{""id"":""475c3f9f-ddf0-4293-8af4-aaed7c775793"",""date"":""2026-07-21T16:09:49.780Z"",""amount"":323.75,""merchant"":""Uber"",""type"":""CREDIT""},{""id"":""f7645f06-371b-4f15-9f76-b08fcdccbe03"",""date"":""2026-07-19T16:09:49.790Z"",""amount"":161.88,""merchant"":""Farmacia Pague Menos"",""type"":""CREDIT""},{""id"":""76ded5dc-0ce3-4400-bc7f-d977fea6720f"",""date"":""2026-07-19T00:55:47.284Z"",""amount"":115.45,""merchant"":""Spotify"",""type"":""CREDIT""}]",0.00,
8116d54e-d889-4aa4-8201-97f741dc8990,27646660477,FECHADA,2026-08-10T18:00:00.000Z,2026-08-04T00:03:00.584Z,2026-08-20T03:00:06.236Z,1269.49,,10,0.00,77.42,,3870.86,22.33,476.59,30.94,"[{""id"":""9cf1866a-6781-4374-a7ef-dec61151c7dd"",""date"":""2026-07-25T00:55:45.841Z"",""amount"":169.67,""merchant"":""Netflix"",""type"":""CREDIT""},{""id"":""24019bca-6412-4315-a7e1-f63c95a075cf"",""date"":""2026-07-24T16:09:49.067Z"",""amount"":253.49,""merchant"":""Amazon BR"",""type"":""CREDIT""},{""id"":""ee48ad96-4fb5-4d61-a7ab-9b76da658f70"",""date"":""2026-07-23T00:55:45.847Z"",""amount"":113.12,""merchant"":""Posto Shell"",""type"":""CREDIT""},{""id"":""efc8c50a-0cd7-4c81-a2ca-3547915cc467"",""date"":""2026-07-21T00:55:45.836Z"",""amount"":226.23,""merchant"":""Magazine Luiza"",""type"":""CREDIT""},{""id"":""42dbe1c5-a892-4f4a-9664-f3aacfd3f090"",""date"":""2026-07-19T16:09:49.061Z"",""amount"":337.99,""merchant"":""Magazine Luiza"",""type"":""CREDIT""},{""id"":""722696fd-4568-42dd-9ea7-5545479f5684"",""date"":""2026-07-17T16:09:49.071Z"",""amount"":168.99,""merchant"":""Amazon BR"",""type"":""CREDIT""}]",0.00,
817f7848-b18a-48c8-9a2f-688f19ff2803,61369613180,FECHADA,2026-08-10T18:00:00.000Z,2026-08-04T00:02:54.070Z,2026-08-20T03:00:06.236Z,1647.33,,10,0.00,32.95,,0.00,6.68,25.35,1.65,"[{""id"":""599b3c61-e85f-454e-9dcb-fe27bef2eee4"",""date"":""2026-07-24T16:09:48.296Z"",""amount"":401.08,""merchant"":""Mercado Livre"",""type"":""CREDIT""},{""id"":""f7adabd8-a9d9-4437-8877-17c7c5180c32"",""date"":""2026-07-23T00:55:44.469Z"",""amount"":248.3,""merchant"":""Posto Shell"",""type"":""CREDIT""},{""id"":""5d4d3c19-ae20-47ca-a250-1b46c9903d81"",""date"":""2026-07-22T00:55:44.473Z"",""amount"":165.54,""merchant"":""Amazon BR"",""type"":""CREDIT""},{""id"":""a8c096fe-a102-469a-b7ea-93399f3bb188"",""date"":""2026-07-22T00:55:44.466Z"",""amount"":331.07,""merchant"":""Posto Shell"",""type"":""CREDIT""},{""id"":""9e64a52e-06a9-4f54-a7e3-4ea21b3401ca"",""date"":""2026-07-19T16:09:48.307Z"",""amount"":200.53,""merchant"":""Uber"",""type"":""CREDIT""},{""id"":""2473b1f9-f03a-4d5c-b5a3-63440c14c32d"",""date"":""2026-07-18T16:09:48.303Z"",""amount"":300.81,""merchant"":""Zara"",""type"":""CREDIT""}]",0.00,
818055c9-fb99-4bd1-b014-c41112139a9f,67154864257,FECHADA,2026-07-10T18:00:00.000Z,2026-07-26T00:55:48.836Z,2026-08-20T03:00:06.236Z,3870.86,,41,0.00,77.42,,0.00,19.47,297.86,19.33,"[{""id"":""db857a01-8a74-48f2-b2df-a4d87c266903"",""date"":""2026-06-25T15:00:00.000Z"",""amount"":1720.38,""merchant"":""Farmacia Pague Menos"",""type"":""CREDIT""},{""id"":""1ec74249-bc41-42cf-ba3b-19fd7390f4b8"",""date"":""2026-07-02T15:00:00.000Z"",""amount"":1290.29,""merchant"":""Mercado Livre"",""type"":""CREDIT""},{""id"":""d2eb61b0-e844-4396-a836-958c7fd1c563"",""date"":""2026-06-30T15:00:00.000Z"",""amount"":860.19,""merchant"":""Amazon BR"",""type"":""CREDIT""}]",0.00,
8458467c-8edc-4897-bd3e-5f5325592492,80535757654,FECHADA,2026-08-05T21:00:00.000Z,2026-07-30T03:23:47.718Z,2026-08-15T03:00:53.499Z,364.97,,0,0.00,77.42,,3870.86,19.47,297.86,19.33,"[{""id"":""c6ebd376-a76a-4ba6-9cfd-a50bc4dd0048"",""date"":""2026-07-27T02:50:22.846Z"",""amount"":121.66,""merchant"":""Farmacia Pague Menos"",""type"":""CREDIT""},{""id"":""f44f3c15-4e33-4e3d-bf04-19df825414e2"",""date"":""2026-07-26T02:50:22.841Z"",""amount"":162.21,""merchant"":""Netflix"",""type"":""CREDIT""},{""id"":""830c13eb-0cd7-4ee4-a597-0026a7393553"",""date"":""2026-07-25T02:50:22.850Z"",""amount"":81.1,""merchant"":""Mercado Livre"",""type"":""CREDIT""}]",0.00,
871d781c-1fc2-44a0-8a57-dd5dd8c53f7e,48318883543,FECHADA,2026-07-10T18:00:00.000Z,2026-07-26T00:55:44.188Z,2026-08-18T03:00:12.636Z,3870.86,,0,0.00,77.42,,0.00,19.47,297.86,19.33,"[{""id"":""483cfb76-f5a0-4ff6-99f4-b048c1cc45c2"",""date"":""2026-06-28T15:00:00.000Z"",""amount"":1720.38,""merchant"":""Spotify"",""type"":""CREDIT""},{""id"":""766b7f26-821c-4a88-8eb1-62560e8cce9a"",""date"":""2026-07-03T15:00:00.000Z"",""amount"":1290.29,""merchant"":""iFood"",""type"":""CREDIT""},{""id"":""19c3648d-8109-43b5-8ed3-57440f904f84"",""date"":""2026-06-29T15:00:00.000Z"",""amount"":860.19,""merchant"":""Posto Shell"",""type"":""CREDIT""}]",0.00,
87201a81-e77c-4f97-9dd5-687a2efeae40,81698023189,FECHADA,2026-08-10T18:00:00.000Z,2026-08-04T00:02:52.572Z,2026-08-20T03:00:06.236Z,1523.41,,10,0.00,30.47,,0.00,6.15,23.46,1.53,"[{""id"":""f8cf2da0-f7b0-4a92-9f07-7b7d56681eaf"",""date"":""2026-07-26T00:55:43.619Z"",""amount"":266.81,""merchant"":""Mercado Livre"",""type"":""CREDIT""},{""id"":""0f87b717-f457-4a98-8865-5fc9fb82c769"",""date"":""2026-07-24T00:55:43.627Z"",""amount"":177.87,""merchant"":""Posto Shell"",""type"":""CREDIT""},{""id"":""d36b2072-d5ee-4b10-9e32-d49b7c714189"",""date"":""2026-07-22T16:09:46.951Z"",""amount"":160.66,""merchant"":""Mercado Livre"",""type"":""CREDIT""},{""id"":""39923f65-7083-41d8-bee4-e697af6a20f0"",""date"":""2026-07-20T16:09:46.937Z"",""amount"":241,""merchant"":""Amazon BR"",""type"":""CREDIT""},{""id"":""504b1dae-9095-4945-983b-41710e600a93"",""date"":""2026-07-20T00:55:43.604Z"",""amount"":355.74,""merchant"":""Uber"",""type"":""CREDIT""},{""id"":""127006e3-8f72-442f-a914-062b1b0b5c14"",""date"":""2026-07-17T16:09:46.919Z"",""amount"":321.33,""merchant"":""Netflix"",""type"":""CREDIT""}]",0.00,
882d868a-e187-42bf-891f-f9f638e935c4,27888186700,FECHADA,2026-08-10T18:00:00.000Z,2026-08-04T00:02:59.391Z,2026-08-20T03:00:06.236Z,1601.83,,10,0.00,77.42,,3870.86,22.33,476.59,30.94,"[{""id"":""3893f9ec-6a0b-4c7a-95cb-17c289e0f597"",""date"":""2026-07-26T00:55:48.815Z"",""amount"":226.45,""merchant"":""Uber"",""type"":""CREDIT""},{""id"":""2cbd8e74-8c97-443c-9b5c-0ccd90ba3a61"",""date"":""2026-07-23T16:09:50.801Z"",""amount"":307.49,""merchant"":""Uber"",""type"":""CREDIT""},{""id"":""f332ba02-cab7-4bea-aca9-d4c7a5e5569f"",""date"":""2026-07-22T16:09:50.806Z"",""amount"":205,""merchant"":""Posto Shell"",""type"":""CREDIT""},{""id"":""bddafac0-b44b-4c32-8263-fe792fe2f8af"",""date"":""2026-07-22T00:55:48.818Z"",""amount"":150.97,""merchant"":""Magazine Luiza"",""type"":""CREDIT""},{""id"":""370cf168-1a96-4f56-bef5-36efd48e4138"",""date"":""2026-07-21T00:55:48.810Z"",""amount"":301.93,""merchant"":""Zara"",""type"":""CREDIT""},{""id"":""6a329153-7f53-4467-abda-b7d8cb72cdb8"",""date"":""2026-07-17T16:09:50.797Z"",""amount"":409.99,""merchant"":""Netflix"",""type"":""CREDIT""}]",0.00,
89c4c8c3-1051-4caf-a084-d1ef48c95e7c,21005484686,FECHADA,2026-08-10T21:00:00.000Z,2026-08-04T00:02:57.895Z,2026-08-15T03:07:38.063Z,0.00,,0,0.00,0.00,,0.00,0.00,0.00,0.00,[],0.00,
89eeda8f-5f7c-4f3b-a85c-143ffb149fab,80417045181,FECHADA,2026-08-10T18:00:00.000Z,2026-08-04T00:02:57.267Z,2026-08-20T03:00:06.236Z,1353.73,,10,0.00,27.07,,0.00,5.47,20.82,1.35,"[{""id"":""04f41485-8871-46cf-ac2a-b6af086bbf90"",""date"":""2026-07-26T00:55:48.148Z"",""amount"":273.43,""merchant"":""Amazon BR"",""type"":""CREDIT""},{""id"":""e7420ce0-3bfa-4d7b-ad18-76eb62ff1c0c"",""date"":""2026-07-25T00:55:48.155Z"",""amount"":136.71,""merchant"":""Mercado Livre"",""type"":""CREDIT""},{""id"":""b0e7d170-4866-4913-a0ea-edfa64e836fc"",""date"":""2026-07-23T16:09:50.360Z"",""amount"":246.17,""merchant"":""Amazon BR"",""type"":""CREDIT""},{""id"":""e43f0d78-07b3-4a93-bd44-6c862d23de4a"",""date"":""2026-07-22T16:09:50.356Z"",""amount"":328.23,""merchant"":""Posto Shell"",""type"":""CREDIT""},{""id"":""83a481ce-9189-412a-bed9-c05fdecf8a68"",""date"":""2026-07-20T16:09:50.364Z"",""amount"":164.12,""merchant"":""Uber"",""type"":""CREDIT""},{""id"":""5c991a78-f6c1-44a3-9775-9711e8eb7de3"",""date"":""2026-07-20T00:55:48.152Z"",""amount"":205.07,""merchant"":""iFood"",""type"":""CREDIT""}]",0.00,
8b83c35d-adb7-43e4-8365-0578f2fd5841,27888186700,FECHADA,2026-07-10T18:00:00.000Z,2026-07-26T00:55:48.787Z,2026-08-20T03:00:06.236Z,3870.86,,41,0.00,77.42,,0.00,19.47,297.86,19.33,"[{""id"":""5a9e8251-2501-449b-a1d5-689c530ce948"",""date"":""2026-07-02T15:00:00.000Z"",""amount"":1720.38,""merchant"":""Netflix"",""type"":""CREDIT""},{""id"":""91838cd7-f5a9-48b3-aa77-2aebc3ad57b2"",""date"":""2026-06-24T15:00:00.000Z"",""amount"":1290.29,""merchant"":""Farmacia Pague Menos"",""type"":""CREDIT""},{""id"":""26a89fc1-5dbf-4125-a110-ea7d2cf3ba73"",""date"":""2026-06-29T15:00:00.000Z"",""amount"":860.19,""merchant"":""Farmacia Pague Menos"",""type"":""CREDIT""}]",0.00,
8c609463-5082-4d72-bc7d-068befc9d373,12345678909,FECHADA,2026-08-10T18:00:00.000Z,2026-08-04T00:02:55.303Z,2026-08-20T03:00:06.236Z,802.61,,10,0.00,16.05,,0.00,3.26,12.36,0.81,"[{""id"":""6c7ef982-46c0-468d-92c0-410182c858ba"",""date"":""2026-07-26T00:55:45.642Z"",""amount"":356.72,""merchant"":""Uber"",""type"":""CREDIT""},{""id"":""0e04e1ab-f790-4895-9d1b-30eeec0a7806"",""date"":""2026-07-21T00:55:45.656Z"",""amount"":178.35,""merchant"":""Mercado Livre"",""type"":""CREDIT""},{""id"":""76c00040-25f2-41e8-a8cb-b188143aaf33"",""date"":""2026-07-20T00:55:45.652Z"",""amount"":267.54,""merchant"":""Mercado Livre"",""type"":""CREDIT""}]",0.00,
9070ada1-605f-42b7-98b5-e5d3299777a9,27234768980,FECHADA,2026-08-10T18:00:00.000Z,2026-08-04T00:02:53.893Z,2026-08-20T03:00:06.236Z,1010.27,,10,0.00,20.21,,0.00,4.08,15.54,1.02,"[{""id"":""e0feb0dc-f29b-403d-b7fb-85f362d757ad"",""date"":""2026-07-22T00:55:44.438Z"",""amount"":121.23,""merchant"":""Zara"",""type"":""CREDIT""},{""id"":""cba3565e-f0b6-4c3d-bc11-f754455af8af"",""date"":""2026-07-22T00:55:44.430Z"",""amount"":242.44,""merchant"":""Uber"",""type"":""CREDIT""},{""id"":""b143d7ac-fb6b-4b83-a92e-5243952e6aff"",""date"":""2026-07-20T16:09:48.170Z"",""amount"":154.92,""merchant"":""Magazine Luiza"",""type"":""CREDIT""},{""id"":""4ccd03d9-ce5e-4505-81b5-c018b9865e9f"",""date"":""2026-07-19T00:55:44.434Z"",""amount"":181.83,""merchant"":""Magazine Luiza"",""type"":""CREDIT""},{""id"":""51e48b67-6033-41a8-96d2-e3467e444fb9"",""date"":""2026-07-18T16:09:48.174Z"",""amount"":103.29,""merchant"":""Farmacia Pague Menos"",""type"":""CREDIT""},{""id"":""e4669af3-a221-42cc-8326-4bd4ed21157e"",""date"":""2026-07-17T16:09:48.165Z"",""amount"":206.56,""merchant"":""Magazine Luiza"",""type"":""CREDIT""}]",0.00,
944021c5-82c0-48fd-b247-152f2b88caca,57855482407,FECHADA,2026-07-30T18:00:00.000Z,2026-08-14T23:43:29.358Z,2026-08-20T03:00:06.236Z,3870.86,,21,0.00,77.42,,0.00,19.47,297.86,19.33,"[{""id"":""0233e732-3a50-4bcd-988b-ce522d9dbc6a"",""date"":""2026-07-19T15:00:00.000Z"",""amount"":1720.38,""merchant"":""Zara"",""type"":""CREDIT""},{""id"":""82c0c9fa-2621-470b-892e-5cb46a1a5496"",""date"":""2026-07-19T15:00:00.000Z"",""amount"":1290.29,""merchant"":""Posto Shell"",""type"":""CREDIT""},{""id"":""ee5eb991-0b93-45c2-8e5e-cbf449f7e0a0"",""date"":""2026-07-15T15:00:00.000Z"",""amount"":860.19,""merchant"":""Amazon BR"",""type"":""CREDIT""}]",0.00,
94d12cc9-920e-464d-8dc0-f801800c2d4d,53281863159,FECHADA,2026-08-10T18:00:00.000Z,2026-08-04T00:02:51.816Z,2026-08-20T03:00:06.236Z,1231.95,,10,0.00,24.64,,0.00,4.98,18.96,1.23,"[{""id"":""7ad6897e-855c-4eb6-bb8f-11c0c19252ae"",""date"":""2026-07-25T00:55:43.821Z"",""amount"":165.26,""merchant"":""Uber"",""type"":""CREDIT""},{""id"":""bac721fb-5003-4112-a009-cd6063ab81ea"",""date"":""2026-07-25T00:55:43.815Z"",""amount"":247.88,""merchant"":""Spotify"",""type"":""CREDIT""},{""id"":""dd3cd11c-3593-4066-9294-96cbad400dff"",""date"":""2026-07-22T16:09:47.219Z"",""amount"":217.02,""merchant"":""Posto Shell"",""type"":""CREDIT""},{""id"":""357bd6f1-0f5c-4ad4-89df-e48dda392d3c"",""date"":""2026-07-22T00:55:43.809Z"",""amount"":330.51,""merchant"":""Posto Shell"",""type"":""CREDIT""},{""id"":""d86fdfa2-58d8-485b-8c2d-0b49959bfcad"",""date"":""2026-07-21T16:09:47.234Z"",""amount"":108.51,""merchant"":""Posto Shell"",""type"":""CREDIT""},{""id"":""fd600200-21a6-44a0-b51c-5dc852385c47"",""date"":""2026-07-17T16:09:47.228Z"",""amount"":162.77,""merchant"":""Spotify"",""type"":""CREDIT""}]",0.00,
975c0369-071e-4307-9387-e1c7187c89a5,84823321987,FECHADA,2026-08-10T18:00:00.000Z,2026-08-04T00:02:52.005Z,2026-08-20T03:00:06.236Z,1440.17,,10,0.00,28.80,,0.00,5.83,22.17,1.44,"[{""id"":""ca45bd59-32e9-4ac3-b06a-60e3d8a035ce"",""date"":""2026-07-25T00:55:44.155Z"",""amount"":307.11,""merchant"":""Magazine Luiza"",""type"":""CREDIT""},{""id"":""0923662b-c37a-41ca-982a-2170b132e57b"",""date"":""2026-07-24T00:55:44.166Z"",""amount"":153.56,""merchant"":""iFood"",""type"":""CREDIT""},{""id"":""7e7020b9-7c84-422e-b123-c2d40e446c1c"",""date"":""2026-07-24T00:55:44.161Z"",""amount"":230.33,""merchant"":""Zara"",""type"":""CREDIT""},{""id"":""284f5180-97e7-42e6-adc9-ff6e7d65a173"",""date"":""2026-07-23T16:09:47.795Z"",""amount"":166.49,""merchant"":""Spotify"",""type"":""CREDIT""},{""id"":""fb176a70-71b2-4948-b05e-3d510b008959"",""date"":""2026-07-22T16:09:47.783Z"",""amount"":332.96,""merchant"":""Amazon BR"",""type"":""CREDIT""},{""id"":""74bf330e-be27-47f3-8885-8b38816c3cc2"",""date"":""2026-07-17T16:09:47.788Z"",""amount"":249.72,""merchant"":""Magazine Luiza"",""type"":""CREDIT""}]",0.00,
99da79ef-afd2-44a9-a2ed-a40c9e0f60fb,08025476561,FECHADA,2026-07-30T18:00:00.000Z,2026-08-15T00:45:46.482Z,2026-08-20T03:00:06.236Z,3870.86,,21,0.00,77.42,,0.00,19.47,297.86,19.33,"[{""id"":""db8e978c-a7f4-4355-9d42-015c27878551"",""date"":""2026-07-17T15:00:00.000Z"",""amount"":1720.38,""merchant"":""Posto Shell"",""type"":""CREDIT""},{""id"":""e3dee5e5-b26e-49fb-a0ba-bb97ce5269f5"",""date"":""2026-07-19T15:00:00.000Z"",""amount"":1290.29,""merchant"":""Posto Shell"",""type"":""CREDIT""},{""id"":""62c41a87-6e34-41a0-b148-642c50388341"",""date"":""2026-07-14T15:00:00.000Z"",""amount"":860.19,""merchant"":""Spotify"",""type"":""CREDIT""}]",0.00,
99ea4783-fe16-4304-a27e-c9ab9b42c243,82499572612,FECHADA,2026-08-10T18:00:00.000Z,2026-08-04T00:02:57.986Z,2026-08-20T03:00:06.236Z,1338.01,,10,0.00,26.76,,0.00,5.41,20.58,1.35,"[{""id"":""804814f1-ae44-4f1c-9cb8-1ab56f63e6ad"",""date"":""2026-07-25T00:55:48.230Z"",""amount"":175.22,""merchant"":""iFood"",""type"":""CREDIT""},{""id"":""e6458795-07f7-45c0-a39b-ba904634489a"",""date"":""2026-07-24T00:55:48.224Z"",""amount"":233.63,""merchant"":""Zara"",""type"":""CREDIT""},{""id"":""55561493-3b18-489f-b7d4-f0126c68f231"",""date"":""2026-07-23T16:09:50.437Z"",""amount"":180.52,""merchant"":""Netflix"",""type"":""CREDIT""},{""id"":""a4edea3b-b135-49fb-b7a2-3b78b5320ba8"",""date"":""2026-07-22T16:09:50.433Z"",""amount"":270.78,""merchant"":""iFood"",""type"":""CREDIT""},{""id"":""9aed0ae6-d0b5-453a-9b67-1d8a9e004cee"",""date"":""2026-07-19T16:09:50.430Z"",""amount"":361.04,""merchant"":""Spotify"",""type"":""CREDIT""},{""id"":""9e2f3dcc-7461-4e4b-8f8e-bcf52435e313"",""date"":""2026-07-19T00:55:48.234Z"",""amount"":116.82,""merchant"":""Posto Shell"",""type"":""CREDIT""}]",0.00,
9d8a4bb8-4e8f-4314-8298-879d5b84015b,26986473966,FECHADA,2026-07-10T18:00:00.000Z,2026-07-26T00:55:46.702Z,2026-08-20T03:00:06.236Z,3870.86,,41,0.00,77.42,,0.00,19.47,297.86,19.33,"[{""id"":""3ef61c28-d366-4e69-8ff4-4f6884efbf47"",""date"":""2026-06-28T15:00:00.000Z"",""amount"":1720.38,""merchant"":""Uber"",""type"":""CREDIT""},{""id"":""cb4795e7-c5c3-477b-8326-03c746cf0a4b"",""date"":""2026-06-27T15:00:00.000Z"",""amount"":1290.29,""merchant"":""Amazon BR"",""type"":""CREDIT""},{""id"":""00fcf28e-0efd-43d7-978c-7f279a6e9e4d"",""date"":""2026-07-01T15:00:00.000Z"",""amount"":860.19,""merchant"":""Netflix"",""type"":""CREDIT""}]",0.00,
9dbe01e1-8fea-4803-a486-1f3ab8e628cd,41750109719,FECHADA,2026-08-01T18:00:00.000Z,2026-08-17T00:10:27.813Z,2026-08-20T03:00:06.236Z,3870.86,,19,0.00,77.42,,0.00,19.47,297.86,19.33,"[{""id"":""5ea39078-3d61-49b7-9490-7983385c744c"",""date"":""2026-07-24T15:00:00.000Z"",""amount"":1720.38,""merchant"":""Uber"",""type"":""CREDIT""},{""id"":""0f1168b9-78bb-4a0b-8f1e-13daea242512"",""date"":""2026-07-23T15:00:00.000Z"",""amount"":1290.29,""merchant"":""Amazon BR"",""type"":""CREDIT""},{""id"":""9676077d-b52e-42b0-92c2-19ba100e35be"",""date"":""2026-07-18T15:00:00.000Z"",""amount"":860.19,""merchant"":""Posto Shell"",""type"":""CREDIT""}]",0.00,
9f73a9e5-1344-4ce8-8fd1-b6d6d480317e,45116448614,FECHADA,2026-08-10T18:00:00.000Z,2026-08-04T00:02:51.921Z,2026-08-20T03:00:06.236Z,1829.11,,10,0.00,36.58,,0.00,7.40,28.14,1.83,"[{""id"":""7109b006-0f0a-48f6-97a1-dc716738c1c0"",""date"":""2026-07-26T00:55:43.910Z"",""amount"":406.84,""merchant"":""Netflix"",""type"":""CREDIT""},{""id"":""34b93698-5ad7-4800-86a7-3828f6326589"",""date"":""2026-07-24T16:09:47.501Z"",""amount"":406.1,""merchant"":""Zara"",""type"":""CREDIT""},{""id"":""13be6a81-a7d0-4cbf-a39b-bb403f805b65"",""date"":""2026-07-21T00:55:43.916Z"",""amount"":305.13,""merchant"":""Posto Shell"",""type"":""CREDIT""},{""id"":""beb1e860-ef0c-46cd-8f15-27746f78c12c"",""date"":""2026-07-20T00:55:43.920Z"",""amount"":203.41,""merchant"":""Farmacia Pague Menos"",""type"":""CREDIT""},{""id"":""9fe70c74-16e1-4953-ad79-19a874c354b8"",""date"":""2026-07-18T16:09:47.508Z"",""amount"":304.58,""merchant"":""Posto Shell"",""type"":""CREDIT""},{""id"":""3e35820d-3314-44be-9432-f0d51dcb997c"",""date"":""2026-07-17T16:09:47.515Z"",""amount"":203.05,""merchant"":""Magazine Luiza"",""type"":""CREDIT""}]",0.00,
a11324f3-75ec-4d12-aad5-437fe8399a7c,33333333333,FECHADA,2026-07-15T18:00:00.000Z,2026-07-25T05:09:50.994Z,2026-08-20T03:00:06.236Z,3870.86,,36,0.00,77.42,,0.00,17.57,178.72,11.60,"[{""id"":""eee71ed8-891b-430a-b867-5d60758e8984"",""date"":""2026-07-02T15:00:00.000Z"",""amount"":1720.38,""merchant"":""Magazine Luiza"",""type"":""CREDIT""},{""id"":""ec55a610-e474-4e12-b4b0-b86c499f5bf6"",""date"":""2026-07-05T15:00:00.000Z"",""amount"":1290.29,""merchant"":""Netflix"",""type"":""CREDIT""},{""id"":""c4eab8ac-481f-405f-88e6-bae719c8216f"",""date"":""2026-07-02T15:00:00.000Z"",""amount"":860.19,""merchant"":""Magazine Luiza"",""type"":""CREDIT""}]",0.00,
a15fa124-5fa1-4578-8f75-461f70874ada,18011225638,FECHADA,2026-08-10T18:00:00.000Z,2026-08-04T00:02:56.766Z,2026-08-20T03:00:06.236Z,1293.85,,10,0.00,25.88,,0.00,5.25,19.92,1.29,"[{""id"":""3e2c7def-41b7-45b8-9bc3-afa0b89b8bdf"",""date"":""2026-07-24T00:55:47.632Z"",""amount"":182.06,""merchant"":""Amazon BR"",""type"":""CREDIT""},{""id"":""9edbe593-66c7-48c2-a7bc-e4c15d88f7fd"",""date"":""2026-07-24T00:55:47.621Z"",""amount"":364.11,""merchant"":""Uber"",""type"":""CREDIT""},{""id"":""3dc6b6f5-48ba-4761-b56e-9250282d2cd5"",""date"":""2026-07-23T16:09:50.029Z"",""amount"":158.2,""merchant"":""Farmacia Pague Menos"",""type"":""CREDIT""},{""id"":""03f7c2bf-f75c-4be5-ad5c-d5b424489d67"",""date"":""2026-07-23T16:09:50.024Z"",""amount"":210.93,""merchant"":""Posto Shell"",""type"":""CREDIT""},{""id"":""30dc2b7e-05f8-40f5-a4ad-0bf2616dff26"",""date"":""2026-07-20T16:09:50.034Z"",""amount"":105.47,""merchant"":""Mercado Livre"",""type"":""CREDIT""},{""id"":""eab0b395-47bd-49c8-9ca7-267f0ebe0990"",""date"":""2026-07-19T00:55:47.626Z"",""amount"":273.08,""merchant"":""Amazon BR"",""type"":""CREDIT""}]",0.00,
a4631bca-8015-4f35-af34-0d0e4d1ffd15,65184684166,FECHADA,2026-07-10T18:00:00.000Z,2026-07-26T00:55:47.133Z,2026-08-18T03:00:12.636Z,3870.86,,0,0.00,77.42,,0.00,19.47,297.86,19.33,"[{""id"":""b9e0e1cb-551f-46a6-933f-afd52a4483dd"",""date"":""2026-06-28T15:00:00.000Z"",""amount"":1720.38,""merchant"":""Uber"",""type"":""CREDIT""},{""id"":""035af7ce-1e20-4196-a1f5-79b8814eab54"",""date"":""2026-06-28T15:00:00.000Z"",""amount"":1290.29,""merchant"":""Magazine Luiza"",""type"":""CREDIT""},{""id"":""4ffb0312-1d58-48f9-8755-82a6bc63fb45"",""date"":""2026-06-28T15:00:00.000Z"",""amount"":860.19,""merchant"":""Posto Shell"",""type"":""CREDIT""}]",0.00,
a5a04fd5-775f-4771-80de-ead595cc284e,38160081359,FECHADA,2026-08-05T21:00:00.000Z,2026-07-30T03:23:47.871Z,2026-08-15T03:00:53.499Z,556.97,,0,0.00,77.42,,3870.86,23.92,39.72,2.58,"[{""id"":""60885e9d-6309-47e7-82d7-384a3d0bcb23"",""date"":""2026-07-29T02:50:09.535Z"",""amount"":238.7,""merchant"":""Posto Shell"",""type"":""CREDIT""},{""id"":""57ad6062-a2b6-4a18-9e5f-c887cb388670"",""date"":""2026-07-26T02:50:09.531Z"",""amount"":318.27,""merchant"":""Posto Shell"",""type"":""CREDIT""}]",0.00,
af599893-f153-4949-b642-f2e70983fc20,97504636177,FECHADA,2026-08-10T18:00:00.000Z,2026-08-04T00:02:58.052Z,2026-08-20T03:00:06.236Z,1309.91,,10,0.00,26.20,,0.00,5.31,20.16,1.32,"[{""id"":""10378b57-6c6e-4128-9c69-6776039e3064"",""date"":""2026-07-24T16:09:50.295Z"",""amount"":282.14,""merchant"":""Netflix"",""type"":""CREDIT""},{""id"":""b7afb416-0777-40c4-8f99-34e496d9edd7"",""date"":""2026-07-24T00:55:48.243Z"",""amount"":300.04,""merchant"":""Amazon BR"",""type"":""CREDIT""},{""id"":""8afb086d-8978-4582-b612-ab38f43ca103"",""date"":""2026-07-21T00:55:48.250Z"",""amount"":225.03,""merchant"":""Zara"",""type"":""CREDIT""},{""id"":""2ee77a51-b0e2-499c-94a3-ae79491ca883"",""date"":""2026-07-20T16:09:50.301Z"",""amount"":141.07,""merchant"":""Magazine Luiza"",""type"":""CREDIT""},{""id"":""32aa099f-40ed-4c54-a7d0-cd30dee5ad45"",""date"":""2026-07-19T16:09:50.298Z"",""amount"":211.61,""merchant"":""Spotify"",""type"":""CREDIT""},{""id"":""06a183f2-16fb-488d-ba10-4062e4cfb2e3"",""date"":""2026-07-19T00:55:48.254Z"",""amount"":150.02,""merchant"":""Spotify"",""type"":""CREDIT""}]",0.00,
afba24d3-13c8-4321-b65d-eb73200bb72d,34310951783,FECHADA,2026-08-15T21:00:00.000Z,2026-08-09T01:36:38.450Z,2026-08-17T03:00:03.090Z,607.60,,0,0.00,0.00,,0.00,0.00,0.00,0.00,"[{""id"":""005c100e-d710-4c60-ada7-f96057ed2c29"",""date"":""2026-07-27T06:39:18.512Z"",""amount"":202.53,""merchant"":""Netflix"",""type"":""CREDIT""},{""id"":""4001239b-2514-4a96-810f-503f9326376a"",""date"":""2026-07-25T06:39:18.503Z"",""amount"":270.04,""merchant"":""Posto Shell"",""type"":""CREDIT""},{""id"":""c4a7dc34-0d16-4093-acdb-d95f52d41e1d"",""date"":""2026-07-20T06:39:18.517Z"",""amount"":135.03,""merchant"":""iFood"",""type"":""CREDIT""}]",0.00,
b12bf7de-0270-4847-8490-2bfec51dec6c,95167270006,FECHADA,2026-08-20T21:00:00.000Z,2026-08-14T00:31:15.018Z,2026-08-14T00:31:15.018Z,426.73,,0,0.00,0.00,,0.00,0.00,0.00,0.00,"[{""id"":""b09c9dd9-d9e5-4264-a953-bd9d86d0ef91"",""date"":""2026-07-31T05:39:32.874Z"",""amount"":142.24,""merchant"":""iFood"",""type"":""CREDIT""},{""id"":""716a7aec-b859-4bfd-bdc9-ae6ce7be9e46"",""date"":""2026-07-27T05:39:32.877Z"",""amount"":94.83,""merchant"":""iFood"",""type"":""CREDIT""},{""id"":""7dfbb496-6cb0-4157-a220-e4a6989d9394"",""date"":""2026-07-27T05:39:32.869Z"",""amount"":189.66,""merchant"":""Amazon BR"",""type"":""CREDIT""}]",0.00,
b2becf2a-8220-4013-8efa-89a7f0ed581b,76925831102,FECHADA,2026-08-10T18:00:00.000Z,2026-08-04T00:02:59.117Z,2026-08-20T03:00:06.236Z,1453.50,,10,0.00,29.07,,0.00,5.88,22.38,1.44,"[{""id"":""8dd0d4c3-c990-470d-8bf0-d1a5996a8279"",""date"":""2026-07-26T00:55:48.901Z"",""amount"":158.12,""merchant"":""Posto Shell"",""type"":""CREDIT""},{""id"":""a1c6cef0-c3db-4f79-a19b-611933355248"",""date"":""2026-07-25T00:55:48.895Z"",""amount"":210.83,""merchant"":""Posto Shell"",""type"":""CREDIT""},{""id"":""d3bef4cd-8cb1-4f0d-8cc8-e9b637cc0e29"",""date"":""2026-07-23T00:55:48.904Z"",""amount"":105.42,""merchant"":""Uber"",""type"":""CREDIT""},{""id"":""b9267655-fa92-4687-a0b5-9e174628af47"",""date"":""2026-07-22T16:09:50.902Z"",""amount"":217.58,""merchant"":""iFood"",""type"":""CREDIT""},{""id"":""e659261d-07b0-4230-ad86-e0b484855b42"",""date"":""2026-07-19T16:09:50.896Z"",""amount"":435.17,""merchant"":""Amazon BR"",""type"":""CREDIT""},{""id"":""21f27ec6-5c01-452b-a0dc-b93a32270b74"",""date"":""2026-07-18T16:09:50.899Z"",""amount"":326.38,""merchant"":""Magazine Luiza"",""type"":""CREDIT""}]",0.00,
b3eadf7b-acf5-4057-b00c-90a05cb6d799,73012176728,FECHADA,2026-08-10T18:00:00.000Z,2026-08-04T00:02:56.704Z,2026-08-20T03:00:06.236Z,1156.21,,10,0.00,23.12,,0.00,4.66,17.79,1.17,"[{""id"":""22000424-2b99-4560-aba2-24767b96f5e6"",""date"":""2026-07-22T16:09:49.994Z"",""amount"":98.77,""merchant"":""Spotify"",""type"":""CREDIT""},{""id"":""3ae9b397-6d31-4f78-be67-fcc94ec444a5"",""date"":""2026-07-22T00:55:47.605Z"",""amount"":237.26,""merchant"":""Netflix"",""type"":""CREDIT""},{""id"":""fcbed557-1655-4814-a0de-199788a7a59a"",""date"":""2026-07-20T00:55:47.610Z"",""amount"":158.17,""merchant"":""Magazine Luiza"",""type"":""CREDIT""},{""id"":""c604818d-1d9c-4e03-966e-1c58f83f7918"",""date"":""2026-07-19T16:09:49.989Z"",""amount"":148.14,""merchant"":""Farmacia Pague Menos"",""type"":""CREDIT""},{""id"":""98542100-184b-4aea-aa78-1b4aa1f19c09"",""date"":""2026-07-19T16:09:49.985Z"",""amount"":197.52,""merchant"":""Spotify"",""type"":""CREDIT""},{""id"":""719b0f11-f888-4ad4-a336-6b13ac28560e"",""date"":""2026-07-19T00:55:47.600Z"",""amount"":316.35,""merchant"":""Mercado Livre"",""type"":""CREDIT""}]",0.00,
b5502db8-eb20-4505-876e-f2a7bf3af728,68737946439,FECHADA,2026-07-15T18:00:00.000Z,2026-07-31T04:28:08.874Z,2026-08-20T03:00:06.236Z,3870.86,,36,0.00,77.42,,0.00,19.47,297.86,19.33,"[{""id"":""79280a4f-46b6-4f00-9bdb-470acdbb7a52"",""date"":""2026-07-01T15:00:00.000Z"",""amount"":1720.38,""merchant"":""Farmacia Pague Menos"",""type"":""CREDIT""},{""id"":""4dda3316-5c45-4189-a00d-1ca591e8c44d"",""date"":""2026-07-06T15:00:00.000Z"",""amount"":1290.29,""merchant"":""iFood"",""type"":""CREDIT""},{""id"":""51b07d10-191f-4f61-916e-d8a6e898e825"",""date"":""2026-07-03T15:00:00.000Z"",""amount"":860.19,""merchant"":""Posto Shell"",""type"":""CREDIT""}]",0.00,
b6c3fdb0-c350-4a26-8406-feeeceaf0dd8,26775244657,FECHADA,2026-08-10T18:00:00.000Z,2026-08-04T00:02:59.625Z,2026-08-20T03:00:06.236Z,1028.37,,10,0.00,77.42,,3870.86,22.33,476.59,30.94,"[{""id"":""ade174c2-089a-4b03-831b-bcb17261da98"",""date"":""2026-07-24T00:55:49.089Z"",""amount"":132.37,""merchant"":""Netflix"",""type"":""CREDIT""},{""id"":""103b5f24-9009-42a4-971c-42bcb5c06110"",""date"":""2026-07-23T00:55:49.085Z"",""amount"":198.56,""merchant"":""Zara"",""type"":""CREDIT""},{""id"":""c7d59b3d-e6dc-4217-ad56-f78bc6ebc008"",""date"":""2026-07-22T00:55:49.080Z"",""amount"":264.75,""merchant"":""Mercado Livre"",""type"":""CREDIT""},{""id"":""3bd45dc5-6e44-4f66-bdb0-cf63ad1e2ce9"",""date"":""2026-07-21T16:09:51.051Z"",""amount"":144.23,""merchant"":""Amazon BR"",""type"":""CREDIT""},{""id"":""b1862789-9201-4206-bef4-1311bab63432"",""date"":""2026-07-21T16:09:51.048Z"",""amount"":192.31,""merchant"":""Mercado Livre"",""type"":""CREDIT""},{""id"":""fb173d23-7665-4ceb-b9af-1765de34b739"",""date"":""2026-07-20T16:09:51.054Z"",""amount"":96.15,""merchant"":""Posto Shell"",""type"":""CREDIT""}]",0.00,
b7dd3456-05ac-4ccc-9772-71fdaffa63af,12310012300,FECHADA,2026-07-12T18:00:00.000Z,2026-07-28T01:48:39.671Z,2026-08-20T03:00:06.236Z,3870.86,,39,0.00,77.42,,0.00,19.47,297.86,19.33,"[{""id"":""97c6fc74-6b45-4304-aff6-77b363c8ecd1"",""date"":""2026-07-05T15:00:00.000Z"",""amount"":1720.38,""merchant"":""iFood"",""type"":""CREDIT""},{""id"":""03ddb438-abac-4f75-b309-467f21e01ac6"",""date"":""2026-06-26T15:00:00.000Z"",""amount"":1290.29,""merchant"":""Spotify"",""type"":""CREDIT""},{""id"":""76aa2f04-b829-4a13-b062-d095d5ac68d5"",""date"":""2026-06-28T15:00:00.000Z"",""amount"":860.19,""merchant"":""Magazine Luiza"",""type"":""CREDIT""}]",0.00,
b7f3546f-981f-4c9f-a9ac-4e5462f42b0a,77766655544,FECHADA,2026-07-10T18:00:00.000Z,2026-07-26T00:55:46.958Z,2026-08-20T03:00:06.236Z,3870.86,,41,0.00,77.42,,0.00,19.47,297.86,19.33,"[{""id"":""1a5f4422-c8fa-4988-bacb-2759bc18fa54"",""date"":""2026-07-01T15:00:00.000Z"",""amount"":1720.38,""merchant"":""Mercado Livre"",""type"":""CREDIT""},{""id"":""dd37958d-6ff2-42e5-ad83-72cb574c3278"",""date"":""2026-06-30T15:00:00.000Z"",""amount"":1290.29,""merchant"":""Posto Shell"",""type"":""CREDIT""},{""id"":""85d2f20d-3cac-496a-9454-b76c793183d7"",""date"":""2026-07-02T15:00:00.000Z"",""amount"":860.19,""merchant"":""iFood"",""type"":""CREDIT""}]",0.00,
b9baf383-163f-49b8-b960-f1f80e8a9625,12345678901,FECHADA,2026-08-10T18:00:00.000Z,2026-08-04T00:02:53.645Z,2026-08-20T03:00:06.236Z,749.16,,10,0.00,14.98,,0.00,3.03,11.52,0.75,"[{""id"":""497f2d1b-fac2-4215-bcc3-d18e932da1dc"",""date"":""2026-07-23T00:55:43.770Z"",""amount"":288.77,""merchant"":""Posto Shell"",""type"":""CREDIT""},{""id"":""18a13394-f2c1-44e3-be47-b7c97e359507"",""date"":""2026-07-22T02:38:27.361Z"",""amount"":99.43,""merchant"":""Sensor Vel 70"",""type"":""CREDIT""},{""id"":""0ca35ae8-2234-4787-93b1-10ec16e55418"",""date"":""2026-07-20T00:55:43.781Z"",""amount"":144.38,""merchant"":""Posto Shell"",""type"":""CREDIT""},{""id"":""1c2681c4-3a07-4a75-98a4-3717ddb3366b"",""date"":""2026-07-19T00:55:43.775Z"",""amount"":216.58,""merchant"":""Farmacia Pague Menos"",""type"":""CREDIT""}]",0.00,
bd2661a8-3961-4c2f-8787-3051bb9abfa3,51243235758,FECHADA,2026-08-10T18:00:00.000Z,2026-08-04T00:02:57.762Z,2026-08-20T03:00:06.236Z,1594.15,,10,0.00,31.88,,0.00,6.45,24.54,1.59,"[{""id"":""3baa53a2-d544-4823-ab49-ed80d788e9f6"",""date"":""2026-07-25T00:55:47.955Z"",""amount"":255.97,""merchant"":""Amazon BR"",""type"":""CREDIT""},{""id"":""bfb68774-ab6e-4efa-8a7c-fc58af4c72e1"",""date"":""2026-07-25T00:55:47.951Z"",""amount"":341.29,""merchant"":""Netflix"",""type"":""CREDIT""},{""id"":""84377f10-5574-410d-9b5d-2c88debd491a"",""date"":""2026-07-24T16:09:50.327Z"",""amount"":367.22,""merchant"":""iFood"",""type"":""CREDIT""},{""id"":""9a6eca77-4436-4e4e-a7e1-1d92b74e550a"",""date"":""2026-07-24T00:55:47.960Z"",""amount"":170.64,""merchant"":""Farmacia Pague Menos"",""type"":""CREDIT""},{""id"":""063b9782-80dd-4510-857e-6549070d591a"",""date"":""2026-07-22T16:09:50.333Z"",""amount"":183.61,""merchant"":""Zara"",""type"":""CREDIT""},{""id"":""fd6a79f0-9675-4c20-bf06-6aca3aa14683"",""date"":""2026-07-22T16:09:50.330Z"",""amount"":275.42,""merchant"":""Amazon BR"",""type"":""CREDIT""}]",0.00,
bdf9cc67-9e57-4c19-8faf-6b0c2f79d26f,74929424194,FECHADA,2026-08-15T21:00:00.000Z,2026-08-09T01:36:38.674Z,2026-08-20T03:00:06.236Z,401.29,,5,0.00,77.42,,3870.86,22.99,516.32,33.52,"[{""id"":""cce493e1-a139-42e9-a155-1c698cb2f2ab"",""date"":""2026-08-01T05:39:13.870Z"",""amount"":133.76,""merchant"":""Spotify"",""type"":""CREDIT""},{""id"":""ad6b1500-3170-4ba9-a515-6450e093e242"",""date"":""2026-08-01T05:39:13.866Z"",""amount"":178.35,""merchant"":""Zara"",""type"":""CREDIT""},{""id"":""f99edeec-67f7-4f7f-a265-26a461c02d9e"",""date"":""2026-07-31T05:39:13.874Z"",""amount"":89.18,""merchant"":""iFood"",""type"":""CREDIT""}]",0.00,
be81dab8-b762-4f91-af35-3bee9f380ac2,98765432100,FECHADA,2026-08-10T18:00:00.000Z,2026-08-04T00:02:57.386Z,2026-08-20T03:00:06.236Z,1521.76,,10,0.00,77.42,,3870.86,22.33,476.59,30.94,"[{""id"":""b279baee-b709-406b-943b-5ad81b60dcfe"",""date"":""2026-07-23T00:55:47.868Z"",""amount"":312.18,""merchant"":""Posto Shell"",""type"":""CREDIT""},{""id"":""7917cd28-cdc6-45f9-afb1-70f8599d6799"",""date"":""2026-07-22T00:55:47.871Z"",""amount"":234.14,""merchant"":""Uber"",""type"":""CREDIT""},{""id"":""4bc4ae93-5658-4dbc-9141-6372035d5859"",""date"":""2026-07-21T00:55:47.876Z"",""amount"":156.09,""merchant"":""Magazine Luiza"",""type"":""CREDIT""},{""id"":""09b9991c-edec-4baa-bd00-d7dcd441429a"",""date"":""2026-07-19T16:09:50.223Z"",""amount"":364.16,""merchant"":""Spotify"",""type"":""CREDIT""},{""id"":""5ef4583d-8886-4bd7-b1e9-3b4965d3950c"",""date"":""2026-07-18T16:09:50.228Z"",""amount"":273.12,""merchant"":""iFood"",""type"":""CREDIT""},{""id"":""12c91fa0-b3a3-4e9e-a929-ec107e171bf1"",""date"":""2026-07-17T16:09:50.232Z"",""amount"":182.07,""merchant"":""Uber"",""type"":""CREDIT""}]",0.00,
c087425a-db2f-4014-915b-03813c3fb306,86236132526,FECHADA,2026-08-10T21:00:00.000Z,2026-08-04T00:02:58.318Z,2026-08-20T03:00:06.236Z,848.41,,10,0.00,16.97,,0.00,3.43,13.05,0.84,"[{""id"":""ff6472da-5f65-438b-b7c7-7b978f09184b"",""date"":""2026-07-24T00:55:48.367Z"",""amount"":188.54,""merchant"":""Mercado Livre"",""type"":""CREDIT""},{""id"":""631a88ba-a4cd-4198-acd9-c68e15a199b1"",""date"":""2026-07-24T00:55:48.360Z"",""amount"":282.8,""merchant"":""Mercado Livre"",""type"":""CREDIT""},{""id"":""ba549143-9adc-419c-88ee-bfc0130dd43f"",""date"":""2026-07-20T00:55:48.355Z"",""amount"":377.07,""merchant"":""iFood"",""type"":""CREDIT""}]",0.00,
c40f9cb4-1798-4343-9754-582ef0a85922,37810513150,FECHADA,2026-07-10T18:00:00.000Z,2026-07-26T00:55:44.246Z,2026-08-15T03:00:53.499Z,3870.86,,0,0.00,77.42,,0.00,19.47,297.86,19.33,"[{""id"":""17357817-f0b1-45fd-aa45-03a28ff4b80a"",""date"":""2026-07-01T15:00:00.000Z"",""amount"":1720.38,""merchant"":""iFood"",""type"":""CREDIT""},{""id"":""a73afcd5-76f8-489f-ad66-14d3243d23a1"",""date"":""2026-06-28T15:00:00.000Z"",""amount"":1290.29,""merchant"":""Magazine Luiza"",""type"":""CREDIT""},{""id"":""7bbb295a-787b-4456-83d7-9bc5f7ef7570"",""date"":""2026-06-28T15:00:00.000Z"",""amount"":860.19,""merchant"":""Amazon BR"",""type"":""CREDIT""}]",0.00,
c5cdb0b8-6eac-485c-ad92-36e62f952150,67154864257,FECHADA,2026-08-10T18:00:00.000Z,2026-08-04T00:02:59.458Z,2026-08-20T03:00:06.236Z,1265.02,,10,0.00,77.42,,3870.86,22.33,476.59,30.94,"[{""id"":""c95f7176-4831-42e1-8059-4e669a1818cd"",""date"":""2026-07-25T00:55:48.863Z"",""amount"":202.25,""merchant"":""Mercado Livre"",""type"":""CREDIT""},{""id"":""7cff1d27-d9d3-422f-bbf8-ef33dfd75318"",""date"":""2026-07-24T00:55:48.867Z"",""amount"":134.84,""merchant"":""Posto Shell"",""type"":""CREDIT""},{""id"":""df7cb6c3-14aa-49d5-8272-2c43f958c0e7"",""date"":""2026-07-23T16:09:50.832Z"",""amount"":292.56,""merchant"":""Netflix"",""type"":""CREDIT""},{""id"":""f55db1fe-7609-4ea6-97dd-ebe2dc8f69e3"",""date"":""2026-07-23T00:55:48.858Z"",""amount"":269.67,""merchant"":""Zara"",""type"":""CREDIT""},{""id"":""2154ebda-4fa3-461f-8b66-4ec29694adb1"",""date"":""2026-07-22T16:09:50.838Z"",""amount"":146.28,""merchant"":""iFood"",""type"":""CREDIT""},{""id"":""efc7be3b-d004-4730-90a3-307245f6c40d"",""date"":""2026-07-18T16:09:50.835Z"",""amount"":219.42,""merchant"":""Mercado Livre"",""type"":""CREDIT""}]",0.00,
c7552257-88b8-481f-8c38-6069e81d85bd,77766655599,FECHADA,2026-07-10T18:00:00.000Z,2026-07-26T00:55:48.614Z,2026-08-20T03:00:06.236Z,3870.86,,41,0.00,77.42,,0.00,19.47,297.86,19.33,"[{""id"":""fedaf2ba-6861-4b41-b57d-2f6b5dc91974"",""date"":""2026-06-25T15:00:00.000Z"",""amount"":1720.38,""merchant"":""Spotify"",""type"":""CREDIT""},{""id"":""bd36ee6f-2e33-4ad4-9413-f08e895edc83"",""date"":""2026-06-24T15:00:00.000Z"",""amount"":1290.29,""merchant"":""iFood"",""type"":""CREDIT""},{""id"":""29591417-d9fc-4640-8ba1-c201ee304f9d"",""date"":""2026-06-25T15:00:00.000Z"",""amount"":860.19,""merchant"":""Mercado Livre"",""type"":""CREDIT""}]",0.00,
c8732c6d-6006-448a-8f44-89cbe96ae14a,34715548313,FECHADA,2026-08-10T18:00:00.000Z,2026-08-04T00:02:54.326Z,2026-08-20T03:00:06.236Z,1742.71,,10,0.00,34.85,,0.00,7.04,26.82,1.74,"[{""id"":""6a2bd79f-80e6-46c2-8beb-a790ab4cfa21"",""date"":""2026-07-22T16:09:48.486Z"",""amount"":272.07,""merchant"":""Uber"",""type"":""CREDIT""},{""id"":""a8faf165-efc6-4600-ab70-3782041f9303"",""date"":""2026-07-22T00:55:44.706Z"",""amount"":205.89,""merchant"":""Uber"",""type"":""CREDIT""},{""id"":""6d1e09cc-b9e9-492f-94a7-e915f59e4d69"",""date"":""2026-07-22T00:55:44.699Z"",""amount"":308.83,""merchant"":""Farmacia Pague Menos"",""type"":""CREDIT""},{""id"":""d2fce519-cd36-4e83-bb3c-d4f14c499116"",""date"":""2026-07-22T00:55:44.693Z"",""amount"":411.77,""merchant"":""Mercado Livre"",""type"":""CREDIT""},{""id"":""e75cd1bf-b6bc-4b7d-8cf8-fcce3fd563f3"",""date"":""2026-07-21T16:09:48.482Z"",""amount"":362.76,""merchant"":""Posto Shell"",""type"":""CREDIT""},{""id"":""4ff6d468-f6e9-450d-a1af-afa6c3e9b7e4"",""date"":""2026-07-20T16:09:48.490Z"",""amount"":181.39,""merchant"":""Zara"",""type"":""CREDIT""}]",0.00,
cb6f219d-d380-4a0b-bd11-90ee4b6f7e61,44444444444,FECHADA,2026-08-10T18:00:00.000Z,2026-08-04T00:02:57.467Z,2026-08-20T03:00:06.048Z,1146.07,,0,0.00,77.42,,3870.86,22.33,476.59,30.94,"[{""id"":""7576c1e6-8c6c-4aea-bb01-1ece80f65434"",""date"":""2026-07-26T00:55:48.007Z"",""amount"":297.87,""merchant"":""Spotify"",""type"":""CREDIT""},{""id"":""9f5be2b2-e286-458f-a94c-2e52f0c22a62"",""date"":""2026-07-25T00:55:48.018Z"",""amount"":148.94,""merchant"":""Magazine Luiza"",""type"":""CREDIT""},{""id"":""f60e20aa-b13c-47c8-a245-84c00ea46028"",""date"":""2026-07-24T16:09:50.267Z"",""amount"":105.75,""merchant"":""Farmacia Pague Menos"",""type"":""CREDIT""},{""id"":""61f2845c-94de-4fd5-ab1e-f7b874c08356"",""date"":""2026-07-23T00:55:48.013Z"",""amount"":223.4,""merchant"":""Magazine Luiza"",""type"":""CREDIT""},{""id"":""c8aa3ce1-ea49-4196-b3a6-a6f927711da1"",""date"":""2026-07-22T16:09:50.263Z"",""amount"":158.62,""merchant"":""Mercado Livre"",""type"":""CREDIT""},{""id"":""c69c7d9f-fac8-4e7d-89cd-cee2d2601f68"",""date"":""2026-07-21T16:09:50.259Z"",""amount"":211.49,""merchant"":""Posto Shell"",""type"":""CREDIT""}]",0.00,
cba279f5-dc40-4533-8428-11ef057cbd49,11111111111,FECHADA,2026-07-15T15:00:00.000Z,2026-07-07T06:00:00.234Z,2026-07-31T04:20:48.030Z,3870.86,2026-07-31T04:20:47.878Z,15,0.00,77.42,,0.00,17.25,158.86,10.31,"[{""id"":""c466eb35-7f55-4e75-a068-b17c6d304640"",""date"":""2026-07-05T02:26:37.841Z"",""amount"":3599.91,""merchant"":""Smartphone Fintech X"",""type"":""CREDIT""},{""id"":""backfill-df5fa000-ddf2-4c60-91ed-11aa8604df0a-1"",""date"":""2026-07-08T23:59:59.999Z"",""amount"":70,""merchant"":""ErgoFlex Office Chair"",""type"":""INVOICE_INSTALLMENT"",""installments"":""1/5"",""currentInstallment"":1,""totalInstallments"":5},{""id"":""backfill-8f6201a5-988d-49a0-8ebd-7077be141199-1"",""date"":""2026-07-08T23:59:59.999Z"",""amount"":6.25,""merchant"":""Minimalist Desk Lamp"",""type"":""INVOICE_INSTALLMENT"",""installments"":""1/12"",""currentInstallment"":1,""totalInstallments"":12},{""id"":""backfill-c5dcc726-c34e-4d33-82a9-c5d51a09c145-1"",""date"":""2026-07-08T23:59:59.999Z"",""amount"":79.9,""merchant"":""AeroView 4K Drone"",""type"":""INVOICE_INSTALLMENT"",""installments"":""1/10"",""currentInstallment"":1,""totalInstallments"":10},{""id"":""backfill-94f81773-3bd6-4c39-9048-30c5799749cf-1"",""date"":""2026-07-08T23:59:59.999Z"",""amount"":15,""merchant"":""Minimalist Desk Lamp"",""type"":""INVOICE_INSTALLMENT"",""installments"":""1/5"",""currentInstallment"":1,""totalInstallments"":5},{""id"":""backfill-a15de39b-54ee-47f1-ae60-528603f50326-1"",""date"":""2026-07-08T23:59:59.999Z"",""amount"":99.8,""merchant"":""Compra shop"",""type"":""INVOICE_INSTALLMENT"",""installments"":""1/5"",""currentInstallment"":1,""totalInstallments"":5}]",3870.86,
cbac0551-0701-4684-bc1a-258ea73f9085,58480256907,FECHADA,2026-08-20T21:00:00.000Z,2026-08-14T00:31:14.879Z,2026-08-14T00:31:14.879Z,958.36,,0,0.00,0.00,,0.00,0.00,0.00,0.00,"[{""id"":""07854476-43fa-4d3b-9327-242501bd8e54"",""date"":""2026-07-29T02:49:44.685Z"",""amount"":212.97,""merchant"":""Uber"",""type"":""CREDIT""},{""id"":""3a9b57f2-8d02-4a12-bf36-d3a1f81fd455"",""date"":""2026-07-29T02:49:44.671Z"",""amount"":425.94,""merchant"":""Spotify"",""type"":""CREDIT""},{""id"":""2367801e-ee1b-4e16-a8d5-25b56da430cc"",""date"":""2026-07-27T02:49:44.680Z"",""amount"":319.45,""merchant"":""iFood"",""type"":""CREDIT""}]",0.00,
cbae3300-a7b0-481e-89c2-744c2dd40f27,88888888888,FECHADA,2026-08-10T18:00:00.000Z,2026-08-04T00:02:58.237Z,2026-08-20T03:00:06.236Z,1479.56,,10,0.00,29.59,,0.00,5.98,22.77,1.47,"[{""id"":""29824cd5-7c59-4ba1-a038-c99e7ce5abdd"",""date"":""2026-07-26T00:55:48.268Z"",""amount"":199.57,""merchant"":""Magazine Luiza"",""type"":""CREDIT""},{""id"":""c107f972-5d84-47c6-919e-7b6fa7376b23"",""date"":""2026-07-26T00:55:48.263Z"",""amount"":266.09,""merchant"":""Uber"",""type"":""CREDIT""},{""id"":""22e84c7d-004a-4433-9278-6231a2a44dd5"",""date"":""2026-07-21T16:09:50.560Z"",""amount"":293.62,""merchant"":""Amazon BR"",""type"":""CREDIT""},{""id"":""9925e5dc-6c02-4a70-abe3-f638e320d685"",""date"":""2026-07-20T16:09:50.564Z"",""amount"":195.74,""merchant"":""Mercado Livre"",""type"":""CREDIT""},{""id"":""daf18e2f-d4c9-4bdd-b9fe-9f7443deebbd"",""date"":""2026-07-19T00:55:48.273Z"",""amount"":133.05,""merchant"":""Magazine Luiza"",""type"":""CREDIT""},{""id"":""9639a269-857f-4bce-af12-956ad5395c74"",""date"":""2026-07-17T16:09:50.555Z"",""amount"":391.49,""merchant"":""Posto Shell"",""type"":""CREDIT""}]",0.00,
ccb867ce-46d4-4f97-8d93-4e5bb3110351,73129536620,FECHADA,2026-07-10T18:00:00.000Z,2026-07-26T00:55:48.474Z,2026-08-20T03:00:06.236Z,3870.86,,41,0.00,77.42,,0.00,19.47,297.86,19.33,"[{""id"":""b2a60a12-b1b4-4688-af8b-fe011e1856c7"",""date"":""2026-06-24T15:00:00.000Z"",""amount"":1720.38,""merchant"":""Farmacia Pague Menos"",""type"":""CREDIT""},{""id"":""fc30b4a9-cf9c-4b35-a988-96b3b7357a59"",""date"":""2026-07-02T15:00:00.000Z"",""amount"":1290.29,""merchant"":""Amazon BR"",""type"":""CREDIT""},{""id"":""a1aaf006-4f35-41a5-ad9f-f7505391a018"",""date"":""2026-06-24T15:00:00.000Z"",""amount"":860.19,""merchant"":""Mercado Livre"",""type"":""CREDIT""}]",0.00,
ce158dc2-5afb-4f94-94dc-5202641b4d94,23626419533,FECHADA,2026-08-25T21:00:00.000Z,2026-08-19T00:27:20.995Z,2026-08-19T00:27:20.995Z,692.55,,0,0.00,0.00,,0.00,0.00,0.00,0.00,"[{""id"":""a1287e33-564b-493b-b2b0-d8c6723d2c4c"",""date"":""2026-07-29T02:48:35.726Z"",""amount"":153.9,""merchant"":""Uber"",""type"":""CREDIT""},{""id"":""f6e93407-4f26-4e76-a3a0-de2ce9b15b47"",""date"":""2026-07-28T02:48:35.719Z"",""amount"":307.8,""merchant"":""Posto Shell"",""type"":""CREDIT""},{""id"":""fb4210d8-aa66-4c51-977a-7aa655c05022"",""date"":""2026-07-23T02:48:35.723Z"",""amount"":230.85,""merchant"":""Spotify"",""type"":""CREDIT""}]",0.00,
d13281e0-748f-458a-9768-4c7549b13e56,93852856961,FECHADA,2026-07-10T18:00:00.000Z,2026-07-26T00:55:43.846Z,2026-08-20T03:00:06.236Z,3870.86,,41,0.00,77.42,,0.00,19.47,297.86,19.33,"[{""id"":""a72e874e-f5b7-4463-bd27-27790d275893"",""date"":""2026-07-01T15:00:00.000Z"",""amount"":1720.38,""merchant"":""Amazon BR"",""type"":""CREDIT""},{""id"":""d90ae9ec-7cb0-4818-a001-3985a65336a7"",""date"":""2026-07-02T15:00:00.000Z"",""amount"":1290.29,""merchant"":""iFood"",""type"":""CREDIT""},{""id"":""9274328c-d89d-454a-a216-0a15dde18cfd"",""date"":""2026-06-27T15:00:00.000Z"",""amount"":860.19,""merchant"":""Uber"",""type"":""CREDIT""}]",0.00,
d3d92b65-b690-4ae6-96e5-5b00b12f8af2,28818393472,FECHADA,2026-07-10T18:00:00.000Z,2026-07-26T00:55:48.941Z,2026-08-20T03:00:06.236Z,3870.86,,41,0.00,77.42,,0.00,19.47,297.86,19.33,"[{""id"":""ea865040-1f58-4ffd-83ae-7a6cb516760f"",""date"":""2026-07-02T15:00:00.000Z"",""amount"":1720.38,""merchant"":""iFood"",""type"":""CREDIT""},{""id"":""b81b4ab4-9f37-4d50-b82c-12e0d9062f21"",""date"":""2026-07-01T15:00:00.000Z"",""amount"":1290.29,""merchant"":""Mercado Livre"",""type"":""CREDIT""},{""id"":""b4042c68-5a39-474e-b19c-7657dd11f364"",""date"":""2026-06-30T15:00:00.000Z"",""amount"":860.19,""merchant"":""Farmacia Pague Menos"",""type"":""CREDIT""}]",0.00,
d3fea8cf-8d2c-4f66-98ca-96e0a460ae47,96873928860,FECHADA,2026-07-20T18:00:00.000Z,2026-08-04T22:39:36.109Z,2026-08-20T03:00:06.236Z,3870.86,,31,0.00,77.42,,0.00,19.47,297.86,19.33,"[{""id"":""153a2238-e26e-4aa3-becb-d0181103858d"",""date"":""2026-07-09T15:00:00.000Z"",""amount"":1720.38,""merchant"":""Farmacia Pague Menos"",""type"":""CREDIT""},{""id"":""d15c37ae-8292-4947-a4ac-5a6154f510b3"",""date"":""2026-07-13T15:00:00.000Z"",""amount"":1290.29,""merchant"":""Farmacia Pague Menos"",""type"":""CREDIT""},{""id"":""c609cd2d-b6c5-4d9a-804f-dc33b5615b69"",""date"":""2026-07-05T15:00:00.000Z"",""amount"":860.19,""merchant"":""Posto Shell"",""type"":""CREDIT""}]",0.00,
d4456133-e9df-4670-83df-8e0c54af0af6,28832869497,FECHADA,2026-07-10T18:00:00.000Z,2026-07-26T00:55:48.177Z,2026-08-20T03:00:06.236Z,3870.86,,41,0.00,77.42,,0.00,19.47,297.86,19.33,"[{""id"":""6dfa9256-fe7f-4846-bd43-9a4f968f4f5e"",""date"":""2026-06-29T15:00:00.000Z"",""amount"":1720.38,""merchant"":""iFood"",""type"":""CREDIT""},{""id"":""353882ca-e400-4f90-8b27-605106d7c31e"",""date"":""2026-06-26T15:00:00.000Z"",""amount"":1290.29,""merchant"":""Netflix"",""type"":""CREDIT""},{""id"":""5c32dbc5-8dad-4f80-81a9-ef8bd6434ef7"",""date"":""2026-07-02T15:00:00.000Z"",""amount"":860.19,""merchant"":""Zara"",""type"":""CREDIT""}]",0.00,
d63cd0e6-57c3-4fe0-82b6-3d17c37aae4c,24930613945,FECHADA,2026-07-10T18:00:00.000Z,2026-07-26T00:55:47.441Z,2026-08-20T03:00:06.236Z,3870.86,,41,0.00,77.42,,0.00,19.47,297.86,19.33,"[{""id"":""66cb31f9-4f06-4fba-8399-386f13ca03d4"",""date"":""2026-06-24T15:00:00.000Z"",""amount"":1720.38,""merchant"":""Uber"",""type"":""CREDIT""},{""id"":""5d072ae1-305a-461d-8989-ff4342ff3120"",""date"":""2026-06-30T15:00:00.000Z"",""amount"":1290.29,""merchant"":""Amazon BR"",""type"":""CREDIT""},{""id"":""f225edf2-1cf8-43ea-a876-45dfbf43aa69"",""date"":""2026-06-24T15:00:00.000Z"",""amount"":860.19,""merchant"":""Spotify"",""type"":""CREDIT""}]",0.00,
d6dab6e1-0a20-49f0-8930-a3ea26a65002,75775457404,FECHADA,2026-08-10T18:00:00.000Z,2026-08-04T00:03:00.518Z,2026-08-20T03:00:06.236Z,1612.82,,10,0.00,77.42,,3870.86,22.33,476.59,30.94,"[{""id"":""08f84327-8418-4b7b-9c0f-0ede7ea6b165"",""date"":""2026-07-23T16:09:50.465Z"",""amount"":272.93,""merchant"":""Zara"",""type"":""CREDIT""},{""id"":""96497ee1-b1ce-4cc7-8d36-a31d59f9c615"",""date"":""2026-07-23T00:55:47.942Z"",""amount"":176.45,""merchant"":""Netflix"",""type"":""CREDIT""},{""id"":""075dc2bb-86d3-4afc-ace9-f955e579edcf"",""date"":""2026-07-22T00:55:47.938Z"",""amount"":264.67,""merchant"":""Uber"",""type"":""CREDIT""},{""id"":""103bc3c1-5884-4712-b4c3-41fa39538760"",""date"":""2026-07-21T00:55:47.933Z"",""amount"":352.9,""merchant"":""Zara"",""type"":""CREDIT""},{""id"":""1997af3c-2c71-48f3-a2b8-0f34f038d34e"",""date"":""2026-07-20T16:09:50.461Z"",""amount"":363.91,""merchant"":""Netflix"",""type"":""CREDIT""},{""id"":""c9d24067-f8ce-487e-9c4b-471f89e6d5d8"",""date"":""2026-07-18T16:09:50.468Z"",""amount"":181.96,""merchant"":""Spotify"",""type"":""CREDIT""}]",0.00,
d7e866af-7d81-4c0c-bd31-eb8822830555,77017682203,FECHADA,2026-08-10T18:00:00.000Z,2026-08-04T00:02:54.240Z,2026-08-20T03:00:06.236Z,1257.75,,10,0.00,25.16,,0.00,5.08,19.35,1.26,"[{""id"":""0bf293f0-b459-4d97-80b2-d3afe117a1eb"",""date"":""2026-07-24T16:09:48.380Z"",""amount"":238.88,""merchant"":""Zara"",""type"":""CREDIT""},{""id"":""d1d800b3-1feb-435e-aa73-82e99b6439e7"",""date"":""2026-07-20T16:09:48.384Z"",""amount"":179.16,""merchant"":""Netflix"",""type"":""CREDIT""},{""id"":""08fcaf02-ad41-4925-acda-37e5b9cf4aff"",""date"":""2026-07-20T00:55:44.573Z"",""amount"":240.09,""merchant"":""Magazine Luiza"",""type"":""CREDIT""},{""id"":""3c182198-9ee6-438d-ba2e-e67c8ff62f91"",""date"":""2026-07-20T00:55:44.567Z"",""amount"":320.12,""merchant"":""Mercado Livre"",""type"":""CREDIT""},{""id"":""254ec270-2ec0-4a69-9732-6555943538da"",""date"":""2026-07-19T16:09:48.388Z"",""amount"":119.43,""merchant"":""Posto Shell"",""type"":""CREDIT""},{""id"":""3d5eef28-b264-41be-9542-a001d551037b"",""date"":""2026-07-19T00:55:44.586Z"",""amount"":160.07,""merchant"":""Uber"",""type"":""CREDIT""}]",0.00,
d8c68c7e-6b15-49fc-b1e2-e8d54446f357,57673944623,FECHADA,2026-07-10T18:00:00.000Z,2026-07-26T00:55:47.323Z,2026-08-20T03:00:06.236Z,3870.86,,41,0.00,77.42,,0.00,19.47,297.86,19.33,"[{""id"":""a9742af4-261f-4f01-a9e3-29e731243837"",""date"":""2026-06-24T15:00:00.000Z"",""amount"":1720.38,""merchant"":""Amazon BR"",""type"":""CREDIT""},{""id"":""0130a1d0-caa2-478e-8686-cf0afdd8c3d6"",""date"":""2026-06-27T15:00:00.000Z"",""amount"":1290.29,""merchant"":""Spotify"",""type"":""CREDIT""},{""id"":""0e2529b8-3277-4b2f-9e23-3f7ceeeaaf05"",""date"":""2026-06-24T15:00:00.000Z"",""amount"":860.19,""merchant"":""Farmacia Pague Menos"",""type"":""CREDIT""}]",0.00,
da02c474-ab42-49c7-b93b-b90166c0b143,41689983639,FECHADA,2026-08-10T18:00:00.000Z,2026-08-04T00:02:51.744Z,2026-08-20T03:00:06.236Z,1358.04,,10,0.00,27.16,,0.00,5.49,20.91,1.35,"[{""id"":""1dedd05b-029d-4738-b4ae-bb57cd579ef4"",""date"":""2026-07-24T00:55:43.798Z"",""amount"":197.67,""merchant"":""Zara"",""type"":""CREDIT""},{""id"":""cd202a75-ecdd-48f1-8174-8b5a4b30221b"",""date"":""2026-07-23T16:09:47.045Z"",""amount"":156.18,""merchant"":""Amazon BR"",""type"":""CREDIT""},{""id"":""71df4229-6874-4f38-86fb-7cb2fa363548"",""date"":""2026-07-22T00:55:43.789Z"",""amount"":395.34,""merchant"":""Spotify"",""type"":""CREDIT""},{""id"":""df4fe2e0-2d38-4704-be12-afe4b21b9056"",""date"":""2026-07-21T00:55:43.793Z"",""amount"":296.5,""merchant"":""Netflix"",""type"":""CREDIT""},{""id"":""019f15f3-0fe6-4623-ac61-5b105624cf03"",""date"":""2026-07-19T16:09:47.054Z"",""amount"":104.11,""merchant"":""Zara"",""type"":""CREDIT""},{""id"":""f29e908f-dfb4-4ba4-aeb8-66be769e06c2"",""date"":""2026-07-19T16:09:47.036Z"",""amount"":208.24,""merchant"":""Netflix"",""type"":""CREDIT""}]",0.00,
dac51ebf-0bda-4309-8588-b26d4e7dadb2,48431018434,FECHADA,2026-08-10T18:00:00.000Z,2026-08-04T00:02:51.619Z,2026-08-20T03:00:06.236Z,1344.36,,10,0.00,26.89,,0.00,5.44,20.70,1.35,"[{""id"":""4052f8e6-38e0-4876-998c-3dbd493eb22b"",""date"":""2026-07-25T00:55:43.759Z"",""amount"":119.58,""merchant"":""Uber"",""type"":""CREDIT""},{""id"":""31950fe0-cb08-4271-8525-e460b0657d48"",""date"":""2026-07-24T16:09:47.122Z"",""amount"":358.33,""merchant"":""Magazine Luiza"",""type"":""CREDIT""},{""id"":""66a61dfd-73f0-46d0-b877-a37e8d28186c"",""date"":""2026-07-23T00:55:43.752Z"",""amount"":239.16,""merchant"":""Uber"",""type"":""CREDIT""},{""id"":""a616ef4c-fe82-44c3-abf3-4948407f6d9f"",""date"":""2026-07-22T00:55:43.755Z"",""amount"":179.37,""merchant"":""Posto Shell"",""type"":""CREDIT""},{""id"":""0db4b2a2-4ac8-4421-95f0-a1f8532df74e"",""date"":""2026-07-20T16:09:47.136Z"",""amount"":179.17,""merchant"":""Zara"",""type"":""CREDIT""},{""id"":""9ea4e9ee-b297-4bfa-a37b-772a607c8165"",""date"":""2026-07-20T16:09:47.129Z"",""amount"":268.75,""merchant"":""Farmacia Pague Menos"",""type"":""CREDIT""}]",0.00,
dc3a051e-fa70-4bb9-aa30-49c5eeaf8fa6,26775244657,FECHADA,2026-07-10T18:00:00.000Z,2026-07-26T00:55:49.056Z,2026-08-20T03:00:06.236Z,3870.86,,41,0.00,77.42,,0.00,19.47,297.86,19.33,"[{""id"":""67185014-dcf0-4b07-a164-7c7db0148bf1"",""date"":""2026-07-01T15:00:00.000Z"",""amount"":1720.38,""merchant"":""Spotify"",""type"":""CREDIT""},{""id"":""15d95021-0c5a-4997-9ac7-016ab2008af7"",""date"":""2026-07-03T15:00:00.000Z"",""amount"":1290.29,""merchant"":""Mercado Livre"",""type"":""CREDIT""},{""id"":""277cfd58-9a11-46f4-ac0a-51cb884c3ae9"",""date"":""2026-06-28T15:00:00.000Z"",""amount"":860.19,""merchant"":""Magazine Luiza"",""type"":""CREDIT""}]",0.00,
dca12a99-0bdc-4843-960b-161399365669,66414169091,FECHADA,2026-08-10T18:00:00.000Z,2026-08-04T00:02:56.649Z,2026-08-20T03:00:06.236Z,1021.83,,10,0.00,20.44,,0.00,4.12,15.72,1.02,"[{""id"":""3b34fdda-f8ce-4b4a-8f1a-944225b38f54"",""date"":""2026-07-26T00:55:47.407Z"",""amount"":93.35,""merchant"":""Posto Shell"",""type"":""CREDIT""},{""id"":""2ee9ac7d-c5dc-490d-b210-2dbef96a1b31"",""date"":""2026-07-24T00:55:47.401Z"",""amount"":140.02,""merchant"":""Posto Shell"",""type"":""CREDIT""},{""id"":""9d3b30ce-2ade-402c-a619-6c5aef64244e"",""date"":""2026-07-21T16:09:49.873Z"",""amount"":133.73,""merchant"":""iFood"",""type"":""CREDIT""},{""id"":""41b027a8-d027-4071-a465-078ed1c21781"",""date"":""2026-07-20T16:09:49.869Z"",""amount"":200.59,""merchant"":""Amazon BR"",""type"":""CREDIT""},{""id"":""1126dd46-ce44-47eb-927b-cc55d3663e87"",""date"":""2026-07-20T16:09:49.864Z"",""amount"":267.45,""merchant"":""Zara"",""type"":""CREDIT""},{""id"":""dda87bdd-93e2-4ddc-b093-b103a02a15b2"",""date"":""2026-07-19T00:55:47.395Z"",""amount"":186.69,""merchant"":""Spotify"",""type"":""CREDIT""}]",0.00,
dcdeb327-f99e-4d83-8820-9155c4652b12,24719788947,FECHADA,2026-08-10T18:00:00.000Z,2026-08-04T00:02:59.285Z,2026-08-20T03:00:06.236Z,1309.70,,10,0.00,26.19,,0.00,5.31,20.16,1.32,"[{""id"":""22a9e505-a11c-4405-a600-d04e2102e105"",""date"":""2026-07-26T00:55:49.156Z"",""amount"":144.98,""merchant"":""Magazine Luiza"",""type"":""CREDIT""},{""id"":""658e3b2b-371e-4f5c-b74d-e9d7fca0c35e"",""date"":""2026-07-24T16:09:51.107Z"",""amount"":388.79,""merchant"":""iFood"",""type"":""CREDIT""},{""id"":""adfa96c8-3a64-4b90-ac4a-b7dc99e6bbaa"",""date"":""2026-07-19T00:55:49.160Z"",""amount"":96.65,""merchant"":""Magazine Luiza"",""type"":""CREDIT""},{""id"":""d099cf48-36e1-4064-b9e4-1c16b70dd43d"",""date"":""2026-07-19T00:55:49.152Z"",""amount"":193.3,""merchant"":""Spotify"",""type"":""CREDIT""},{""id"":""4bf6621a-1bec-485d-9c5b-725833ff89d7"",""date"":""2026-07-18T16:09:51.114Z"",""amount"":194.39,""merchant"":""Uber"",""type"":""CREDIT""},{""id"":""72decd8b-01b3-4f4f-996b-58f035f4f412"",""date"":""2026-07-17T16:09:51.110Z"",""amount"":291.59,""merchant"":""Magazine Luiza"",""type"":""CREDIT""}]",0.00,
dd31cce6-862a-475f-b86a-6c7c42e1563f,15351515369,FECHADA,2026-08-20T21:00:00.000Z,2026-08-14T00:31:14.929Z,2026-08-14T00:31:14.929Z,915.65,,0,0.00,0.00,,0.00,0.00,0.00,0.00,"[{""id"":""4eea71c8-b913-4761-b398-4622a79d757c"",""date"":""2026-07-26T04:28:15.005Z"",""amount"":203.47,""merchant"":""Mercado Livre"",""type"":""CREDIT""},{""id"":""68d58c30-d77c-4f1b-b9ca-09acf7f3f492"",""date"":""2026-07-24T04:28:15.001Z"",""amount"":305.22,""merchant"":""Netflix"",""type"":""CREDIT""},{""id"":""9b395653-a06e-4872-8e0b-a2ef9c96414a"",""date"":""2026-07-24T04:28:14.996Z"",""amount"":406.96,""merchant"":""Netflix"",""type"":""CREDIT""}]",0.00,
de588735-89c3-4358-aaf5-b28bef2f3045,84979979998,FECHADA,2026-08-01T18:00:00.000Z,2026-08-17T00:11:24.210Z,2026-08-20T03:00:06.236Z,3870.86,,19,0.00,77.42,,0.00,19.47,297.86,19.33,"[{""id"":""fb403610-c58e-416c-b2f7-041b92382edb"",""date"":""2026-07-23T15:00:00.000Z"",""amount"":1720.38,""merchant"":""Farmacia Pague Menos"",""type"":""CREDIT""},{""id"":""6a9e4029-a635-46e0-9cc7-1523c8d49533"",""date"":""2026-07-16T15:00:00.000Z"",""amount"":1290.29,""merchant"":""iFood"",""type"":""CREDIT""},{""id"":""998180d4-8661-496b-8a44-81729ce99c29"",""date"":""2026-07-20T15:00:00.000Z"",""amount"":860.19,""merchant"":""iFood"",""type"":""CREDIT""}]",0.00,
e1213001-012b-4921-a474-90c0106b2f81,44794065574,FECHADA,2026-08-10T18:00:00.000Z,2026-08-04T00:02:52.997Z,2026-08-20T03:00:06.236Z,1377.96,,10,0.00,77.42,,3870.86,22.33,476.59,30.94,"[{""id"":""f85ca6d8-1655-4169-8457-3f41749f4b85"",""date"":""2026-07-26T00:55:44.032Z"",""amount"":138.91,""merchant"":""Mercado Livre"",""type"":""CREDIT""},{""id"":""90dfb026-2717-4601-a07e-952ddaecb75f"",""date"":""2026-07-25T00:55:44.027Z"",""amount"":185.21,""merchant"":""Posto Shell"",""type"":""CREDIT""},{""id"":""477a86a1-cf5e-4410-87f1-b0c4e973ebdd"",""date"":""2026-07-24T00:55:44.036Z"",""amount"":92.61,""merchant"":""iFood"",""type"":""CREDIT""},{""id"":""ccf4e383-1762-42a6-ab63-ac567db05a71"",""date"":""2026-07-20T16:09:47.617Z"",""amount"":213.61,""merchant"":""Zara"",""type"":""CREDIT""},{""id"":""03178a6f-617e-44d2-8672-d10ada3de641"",""date"":""2026-07-19T16:09:47.605Z"",""amount"":427.21,""merchant"":""Posto Shell"",""type"":""CREDIT""},{""id"":""2ffcf3e1-60cb-4462-a0c1-46928921142e"",""date"":""2026-07-18T16:09:47.611Z"",""amount"":320.41,""merchant"":""Zara"",""type"":""CREDIT""}]",0.00,
e12e00f5-e715-4229-814d-5839e4170d1d,12424713839,FECHADA,2026-08-10T18:00:00.000Z,2026-08-04T00:02:54.413Z,2026-08-20T03:00:06.236Z,1247.67,,10,0.00,24.95,,0.00,5.04,19.20,1.26,"[{""id"":""cc090e79-7133-4d23-9237-9f7d3cd81894"",""date"":""2026-07-26T00:55:44.821Z"",""amount"":200.74,""merchant"":""Uber"",""type"":""CREDIT""},{""id"":""bb88389e-600a-4dc7-a3b9-54e09a9c3267"",""date"":""2026-07-21T16:09:48.568Z"",""amount"":265.34,""merchant"":""Amazon BR"",""type"":""CREDIT""},{""id"":""95897f56-15d8-4cba-8a59-79cf102c326d"",""date"":""2026-07-20T00:55:44.825Z"",""amount"":150.55,""merchant"":""Netflix"",""type"":""CREDIT""},{""id"":""67b3f246-5171-4770-b92a-61fb2176218d"",""date"":""2026-07-19T16:09:48.577Z"",""amount"":176.89,""merchant"":""iFood"",""type"":""CREDIT""},{""id"":""674d47fa-6f72-487a-971a-99b227d548f4"",""date"":""2026-07-19T00:55:44.833Z"",""amount"":100.37,""merchant"":""Zara"",""type"":""CREDIT""},{""id"":""887d01e4-95c5-4052-9d56-b1fe31dc47ef"",""date"":""2026-07-18T16:09:48.564Z"",""amount"":353.78,""merchant"":""Farmacia Pague Menos"",""type"":""CREDIT""}]",0.00,
e189eb51-0c3e-4362-b45d-3704976faffe,76726514039,FECHADA,2026-08-10T18:00:00.000Z,2026-08-04T00:02:55.921Z,2026-08-20T03:00:06.236Z,1147.39,,10,0.00,77.42,,3870.86,22.33,476.59,30.94,"[{""id"":""bb9b4a72-c85f-48cb-aeba-ebb1c81e9afe"",""date"":""2026-07-25T00:55:47.694Z"",""amount"":150.2,""merchant"":""Magazine Luiza"",""type"":""CREDIT""},{""id"":""e8e35fc0-2ee6-4b7f-96aa-d1696d2691a6"",""date"":""2026-07-23T16:09:50.079Z"",""amount"":154.84,""merchant"":""Uber"",""type"":""CREDIT""},{""id"":""9196a14c-5178-4638-8ade-76d7d7c3de0d"",""date"":""2026-07-23T00:55:47.700Z"",""amount"":100.14,""merchant"":""Zara"",""type"":""CREDIT""},{""id"":""21b9e81d-0078-4861-b71f-5dd9920183f6"",""date"":""2026-07-23T00:55:47.689Z"",""amount"":200.27,""merchant"":""Zara"",""type"":""CREDIT""},{""id"":""359873c4-7804-49cb-b747-2f6aa4c49a80"",""date"":""2026-07-22T16:09:50.068Z"",""amount"":309.68,""merchant"":""Mercado Livre"",""type"":""CREDIT""},{""id"":""e2dee50e-4efa-4b73-b4b6-56893a18ea41"",""date"":""2026-07-20T16:09:50.072Z"",""amount"":232.26,""merchant"":""Magazine Luiza"",""type"":""CREDIT""}]",0.00,
e5a94fb8-df27-4ca1-a169-2d7d480aa82a,99999999999,FECHADA,2026-07-10T18:00:00.000Z,2026-07-26T00:55:48.299Z,2026-07-28T15:06:34.583Z,3870.86,2026-07-26T16:49:06.414Z,15,0.00,77.42,,0.00,19.47,297.86,19.33,"[{""id"":""080e86d1-8645-4ec8-875b-488f22df4a1a"",""date"":""2026-07-01T15:00:00.000Z"",""amount"":1720.38,""merchant"":""Amazon BR"",""type"":""CREDIT""},{""id"":""775f4e16-451b-4913-8aa4-d7a0fb24a5d3"",""date"":""2026-06-30T15:00:00.000Z"",""amount"":1290.29,""merchant"":""Amazon BR"",""type"":""CREDIT""},{""id"":""cd2b04cf-5f93-4320-a03a-f7cb2130daba"",""date"":""2026-07-01T15:00:00.000Z"",""amount"":860.19,""merchant"":""Uber"",""type"":""CREDIT""}]",3870.86,2026-07-26T16:49:06.414Z
e7647ba4-bf0f-42de-b153-62c70f7479e2,77551164685,FECHADA,2026-08-10T18:00:00.000Z,2026-08-04T00:02:53.294Z,2026-08-20T03:00:06.236Z,1594.55,,10,0.00,77.42,,3870.86,22.33,476.59,30.94,"[{""id"":""282d8c33-87c6-4dc0-a0c3-f1327a2a60de"",""date"":""2026-07-24T00:55:44.535Z"",""amount"":272.91,""merchant"":""Mercado Livre"",""type"":""CREDIT""},{""id"":""94e9707d-db9d-49df-9dba-512a40208bb5"",""date"":""2026-07-23T00:55:44.552Z"",""amount"":136.45,""merchant"":""Netflix"",""type"":""CREDIT""},{""id"":""5c1f9ae0-d085-4bcb-ae1f-677d1ab85c7e"",""date"":""2026-07-21T16:09:48.344Z"",""amount"":326.84,""merchant"":""Spotify"",""type"":""CREDIT""},{""id"":""c263f36b-3e6d-4793-a63c-b2ef2cdd5855"",""date"":""2026-07-21T00:55:44.540Z"",""amount"":204.68,""merchant"":""Uber"",""type"":""CREDIT""},{""id"":""f28d5df2-3d16-427e-845a-a0c87332ff92"",""date"":""2026-07-20T16:09:48.340Z"",""amount"":435.78,""merchant"":""Zara"",""type"":""CREDIT""},{""id"":""bfd2e126-0d62-470f-8085-0cb7f865aa80"",""date"":""2026-07-17T16:09:48.349Z"",""amount"":217.89,""merchant"":""Magazine Luiza"",""type"":""CREDIT""}]",0.00,
e7b81180-f37e-49e4-abff-f12b48a9aef2,77766655544,FECHADA,2026-08-10T18:00:00.000Z,2026-08-04T00:02:57.628Z,2026-08-20T03:00:06.236Z,1340.37,,10,0.00,77.42,,3870.86,22.33,476.59,30.94,"[{""id"":""b2078183-409b-41e5-8fda-77e499d9308a"",""date"":""2026-07-23T16:09:49.604Z"",""amount"":439.9,""merchant"":""Uber"",""type"":""CREDIT""},{""id"":""2f77a523-1d1d-4feb-9a7d-996591b32463"",""date"":""2026-07-23T00:55:47.071Z"",""amount"":77.91,""merchant"":""Zara"",""type"":""CREDIT""},{""id"":""deee146a-362f-4875-b5d1-17faed61ac8e"",""date"":""2026-07-22T00:55:47.061Z"",""amount"":116.87,""merchant"":""Farmacia Pague Menos"",""type"":""CREDIT""},{""id"":""81ea0302-bca5-43cc-872f-5cc33bac9f9d"",""date"":""2026-07-21T00:55:47.051Z"",""amount"":155.82,""merchant"":""Posto Shell"",""type"":""CREDIT""},{""id"":""f5c3814a-58bf-4ea1-b09d-f64e7e4e4430"",""date"":""2026-07-20T16:09:49.612Z"",""amount"":329.92,""merchant"":""Amazon BR"",""type"":""CREDIT""},{""id"":""9568a916-d75c-42ed-aaa7-c94d89873cae"",""date"":""2026-07-18T16:09:49.616Z"",""amount"":219.95,""merchant"":""Zara"",""type"":""CREDIT""}]",0.00,
e8497c02-f4d0-4f89-ae5c-1dc0f873ffd9,28832869497,FECHADA,2026-08-10T18:00:00.000Z,2026-08-04T00:02:58.690Z,2026-08-20T03:00:06.236Z,1429.26,,10,0.00,77.42,,3870.86,22.33,476.59,30.94,"[{""id"":""d1f65e68-54dc-4f17-9b96-f6b6d55b71a8"",""date"":""2026-07-26T00:55:48.215Z"",""amount"":128.79,""merchant"":""Uber"",""type"":""CREDIT""},{""id"":""b6885df8-fbfe-40b4-bcfd-ea972749c7a8"",""date"":""2026-07-25T00:55:48.205Z"",""amount"":257.58,""merchant"":""Magazine Luiza"",""type"":""CREDIT""},{""id"":""650d84fb-1591-48a8-ba83-bfc5325fbebd"",""date"":""2026-07-24T16:09:50.391Z"",""amount"":283.23,""merchant"":""Farmacia Pague Menos"",""type"":""CREDIT""},{""id"":""2f051caf-0c98-47e2-b998-0775370fd30b"",""date"":""2026-07-24T00:55:48.210Z"",""amount"":193.19,""merchant"":""Spotify"",""type"":""CREDIT""},{""id"":""8178a010-1ece-4b3a-bf07-3cb5807bebe3"",""date"":""2026-07-23T16:09:50.395Z"",""amount"":188.83,""merchant"":""Spotify"",""type"":""CREDIT""},{""id"":""34a9b7d2-6010-42f6-9ea7-f4b06006bb9b"",""date"":""2026-07-21T16:09:50.387Z"",""amount"":377.64,""merchant"":""Posto Shell"",""type"":""CREDIT""}]",0.00,
e9942ea2-a4d0-48db-a9c6-ec7a0ce09ebc,16266323249,FECHADA,2026-07-10T18:00:00.000Z,2026-07-26T00:55:44.056Z,2026-08-20T03:00:06.236Z,3870.86,,41,0.00,77.42,,0.00,19.47,297.86,19.33,"[{""id"":""740eda78-36dd-4dfa-a08c-0e272ca4270a"",""date"":""2026-06-27T15:00:00.000Z"",""amount"":1720.38,""merchant"":""Amazon BR"",""type"":""CREDIT""},{""id"":""58314cb4-dde4-406c-a5aa-8bb02f647d40"",""date"":""2026-06-28T15:00:00.000Z"",""amount"":1290.29,""merchant"":""Farmacia Pague Menos"",""type"":""CREDIT""},{""id"":""4eb23827-0b29-4b8f-a212-6b68422a4a41"",""date"":""2026-06-29T15:00:00.000Z"",""amount"":860.19,""merchant"":""Zara"",""type"":""CREDIT""}]",0.00,
ea0cbf14-c98b-49d3-b664-35da4d3aec72,25713468361,FECHADA,2026-08-10T18:00:00.000Z,2026-08-04T00:02:56.818Z,2026-08-20T03:00:06.236Z,1479.87,,10,0.00,29.60,,0.00,5.98,22.77,1.47,"[{""id"":""a2d7b594-e8cc-4df5-a561-c7c67c7d1919"",""date"":""2026-07-26T00:55:47.720Z"",""amount"":165.65,""merchant"":""Uber"",""type"":""CREDIT""},{""id"":""84f2534a-e14a-4d1d-b8aa-2d86ef86726c"",""date"":""2026-07-25T00:55:47.715Z"",""amount"":248.48,""merchant"":""iFood"",""type"":""CREDIT""},{""id"":""48cdc5ee-4579-4bb4-a1c5-418ec190aa9a"",""date"":""2026-07-22T16:09:50.112Z"",""amount"":326.42,""merchant"":""Amazon BR"",""type"":""CREDIT""},{""id"":""860bf915-4094-4807-a945-1fdb1db2afa2"",""date"":""2026-07-21T00:55:47.710Z"",""amount"":331.3,""merchant"":""Mercado Livre"",""type"":""CREDIT""},{""id"":""00216c0a-3ad9-4df8-bcde-296913a11677"",""date"":""2026-07-19T16:09:50.116Z"",""amount"":244.81,""merchant"":""Farmacia Pague Menos"",""type"":""CREDIT""},{""id"":""b1c24011-4e45-4574-a06e-6ce1bd448a99"",""date"":""2026-07-18T16:09:50.120Z"",""amount"":163.21,""merchant"":""Netflix"",""type"":""CREDIT""}]",0.00,
ea2dce65-5ceb-42fb-946a-7bf1d11f754f,42111679011,FECHADA,2026-07-10T18:00:00.000Z,2026-07-26T00:55:48.389Z,2026-08-20T03:00:06.236Z,3870.86,,41,0.00,77.42,,0.00,19.47,297.86,19.33,"[{""id"":""9eb5a66b-88eb-4aee-ae54-4be21c416338"",""date"":""2026-06-29T15:00:00.000Z"",""amount"":1720.38,""merchant"":""Uber"",""type"":""CREDIT""},{""id"":""f0a8938b-cfc9-4b97-b6d4-5ac24b937721"",""date"":""2026-06-27T15:00:00.000Z"",""amount"":1290.29,""merchant"":""Posto Shell"",""type"":""CREDIT""},{""id"":""a508cc2a-fc2d-405d-8b5e-ad27156f40be"",""date"":""2026-06-26T15:00:00.000Z"",""amount"":860.19,""merchant"":""Amazon BR"",""type"":""CREDIT""}]",0.00,
edf089f0-2f81-40b7-97cc-7a4bb40b3efe,85246671844,FECHADA,2026-08-10T18:00:00.000Z,2026-08-04T00:02:59.571Z,2026-08-20T03:00:06.236Z,1235.62,,10,0.00,77.42,,3870.86,22.33,476.59,30.94,"[{""id"":""8de5caa5-2ab7-464b-8d2b-7f5b2bcbb967"",""date"":""2026-07-24T16:09:51.020Z"",""amount"":284.44,""merchant"":""Posto Shell"",""type"":""CREDIT""},{""id"":""3dbfaf5d-a3bc-4b65-8132-5a34863618a1"",""date"":""2026-07-24T00:55:49.035Z"",""amount"":127.44,""merchant"":""iFood"",""type"":""CREDIT""},{""id"":""b9702d63-64c1-466d-a0b5-49364895ddb1"",""date"":""2026-07-24T00:55:49.031Z"",""amount"":169.92,""merchant"":""Netflix"",""type"":""CREDIT""},{""id"":""44ce5207-f19f-4b55-a4db-751cac87adca"",""date"":""2026-07-22T16:09:51.017Z"",""amount"":379.25,""merchant"":""Farmacia Pague Menos"",""type"":""CREDIT""},{""id"":""6e3f1fb2-48e0-4f9d-b9ff-820cb3bd90eb"",""date"":""2026-07-22T00:55:49.038Z"",""amount"":84.95,""merchant"":""Netflix"",""type"":""CREDIT""},{""id"":""758d7d7b-1192-47a7-a7b1-890baddc0b59"",""date"":""2026-07-17T16:09:51.023Z"",""amount"":189.62,""merchant"":""Uber"",""type"":""CREDIT""}]",0.00,
eeb8926a-7f06-4db9-b111-17304ea1dfe3,02915062919,FECHADA,2026-08-20T21:00:00.000Z,2026-08-14T00:31:14.767Z,2026-08-14T00:31:14.767Z,782.67,,0,0.00,0.00,,0.00,0.00,0.00,0.00,"[{""id"":""690ec65f-a2a5-412c-ac74-4e2cedfd7ea0"",""date"":""2026-07-29T02:49:02.116Z"",""amount"":347.85,""merchant"":""Amazon BR"",""type"":""CREDIT""},{""id"":""c6c15df0-5a17-446b-aa3c-e1e3a3d38369"",""date"":""2026-07-26T02:49:02.119Z"",""amount"":260.89,""merchant"":""Magazine Luiza"",""type"":""CREDIT""},{""id"":""4935a838-c1a9-4812-b233-3cf49bbb2183"",""date"":""2026-07-23T02:49:02.123Z"",""amount"":173.93,""merchant"":""Zara"",""type"":""CREDIT""}]",0.00,
f11f381c-531b-4648-b96d-dae2c5e9b5bc,77766655599,FECHADA,2026-08-10T18:00:00.000Z,2026-08-04T00:02:59.819Z,2026-08-20T03:00:06.236Z,358.15,,10,0.00,77.42,,3870.86,22.33,476.59,30.94,"[{""id"":""ea05646d-60a6-4ef1-a7ec-0e78b1727962"",""date"":""2026-07-25T00:55:48.645Z"",""amount"":79.59,""merchant"":""Amazon BR"",""type"":""CREDIT""},{""id"":""060a8911-d3c4-4e37-ad73-4f02804626c6"",""date"":""2026-07-23T00:55:48.641Z"",""amount"":119.38,""merchant"":""Netflix"",""type"":""CREDIT""},{""id"":""8009e535-e15c-4a22-8a0f-98cae45dae9e"",""date"":""2026-07-23T00:55:48.637Z"",""amount"":159.18,""merchant"":""Posto Shell"",""type"":""CREDIT""}]",0.00,
f19d988b-1221-4232-bf3e-3e8616bde048,05458223608,FECHADA,2026-08-10T18:00:00.000Z,2026-08-04T00:02:56.461Z,2026-08-20T03:00:06.236Z,947.46,,10,0.00,18.95,,0.00,3.84,14.58,0.96,"[{""id"":""06969394-51f1-48e4-8214-ce6cae0cd8da"",""date"":""2026-07-26T00:55:46.526Z"",""amount"":105.81,""merchant"":""Zara"",""type"":""CREDIT""},{""id"":""fa27a4db-96f1-4e61-af20-39a6b0bafbf3"",""date"":""2026-07-24T16:09:49.555Z"",""amount"":157.1,""merchant"":""Mercado Livre"",""type"":""CREDIT""},{""id"":""4b8d95dd-ea1f-451b-a360-f02f0606644d"",""date"":""2026-07-22T16:09:49.559Z"",""amount"":104.74,""merchant"":""Uber"",""type"":""CREDIT""},{""id"":""f2e2d23e-5e80-4233-8ed7-0b4b1ad6c051"",""date"":""2026-07-21T16:09:49.551Z"",""amount"":209.47,""merchant"":""Magazine Luiza"",""type"":""CREDIT""},{""id"":""dd49dbf3-3e7d-46c1-8a11-8134b48a2e27"",""date"":""2026-07-21T00:55:46.519Z"",""amount"":158.72,""merchant"":""Spotify"",""type"":""CREDIT""},{""id"":""d83ad46a-bd08-4284-a1aa-e8ddddcd66d4"",""date"":""2026-07-20T00:55:46.512Z"",""amount"":211.62,""merchant"":""Uber"",""type"":""CREDIT""}]",0.00,
f201a527-80f2-498b-aa9a-5394ed2b22d3,88339779788,FECHADA,2026-08-10T18:00:00.000Z,2026-08-04T00:02:55.376Z,2026-08-20T03:00:06.236Z,1053.33,,10,0.00,21.07,,0.00,4.27,16.20,1.05,"[{""id"":""6810d0ee-7091-4514-8094-69ec1a30df6a"",""date"":""2026-07-22T16:09:48.852Z"",""amount"":119.45,""merchant"":""Netflix"",""type"":""CREDIT""},{""id"":""57d30ad2-5ef1-4458-ba2f-d4dae5cb3aab"",""date"":""2026-07-22T16:09:48.833Z"",""amount"":238.89,""merchant"":""Amazon BR"",""type"":""CREDIT""},{""id"":""f49557a2-98ed-42f5-8f5d-1e3d845d91b9"",""date"":""2026-07-22T00:55:45.873Z"",""amount"":114.63,""merchant"":""iFood"",""type"":""CREDIT""},{""id"":""4aa642fe-162d-4aac-b6c9-cf85456da973"",""date"":""2026-07-22T00:55:45.867Z"",""amount"":171.94,""merchant"":""Amazon BR"",""type"":""CREDIT""},{""id"":""7819c51c-a850-4f07-853a-aa12d63ac900"",""date"":""2026-07-19T00:55:45.860Z"",""amount"":229.25,""merchant"":""Amazon BR"",""type"":""CREDIT""},{""id"":""9c35b06d-3436-425c-8205-efb861569a3f"",""date"":""2026-07-17T16:09:48.838Z"",""amount"":179.17,""merchant"":""Amazon BR"",""type"":""CREDIT""}]",0.00,
f3757c62-c821-49c1-a51c-9ce78f4eb0d1,19983621512,FECHADA,2026-08-10T18:00:00.000Z,2026-08-04T00:02:54.654Z,2026-08-20T03:00:06.236Z,757.20,,10,0.00,15.14,,0.00,3.06,11.64,0.75,"[{""id"":""2ac93106-1c97-4d34-bac4-02a692911bd9"",""date"":""2026-07-26T00:55:44.304Z"",""amount"":168.27,""merchant"":""Zara"",""type"":""CREDIT""},{""id"":""8cf09c68-6adf-43f3-949f-40812d1637c5"",""date"":""2026-07-26T00:55:44.294Z"",""amount"":336.53,""merchant"":""Amazon BR"",""type"":""CREDIT""},{""id"":""16cd7bc0-d4b3-4df1-979e-b5f095d2bc83"",""date"":""2026-07-23T00:55:44.300Z"",""amount"":252.4,""merchant"":""Zara"",""type"":""CREDIT""}]",0.00,
f46f66b4-b19c-4ca4-bd05-908b8105eaa7,51742065392,FECHADA,2026-08-20T21:00:00.000Z,2026-08-14T00:31:14.977Z,2026-08-14T00:31:14.977Z,614.43,,0,0.00,77.42,,3870.86,23.95,258.18,16.77,"[{""id"":""58c55f26-353e-490f-a62e-c800eb045336"",""date"":""2026-07-31T04:28:26.106Z"",""amount"":273.08,""merchant"":""Uber"",""type"":""CREDIT""},{""id"":""159acc91-c8f8-480f-873f-a52535bbefbb"",""date"":""2026-07-28T04:28:26.110Z"",""amount"":204.81,""merchant"":""Magazine Luiza"",""type"":""CREDIT""},{""id"":""31d471ec-9112-4a5e-a050-6704ac916160"",""date"":""2026-07-26T04:28:26.115Z"",""amount"":136.54,""merchant"":""iFood"",""type"":""CREDIT""}]",0.00,
f80711a6-02fe-4652-9371-71bac4f372c4,17693911189,FECHADA,2026-08-10T18:00:00.000Z,2026-08-04T00:02:54.818Z,2026-08-20T03:00:06.236Z,1422.82,,10,0.00,28.46,,0.00,5.77,21.90,1.41,"[{""id"":""3656200e-dc70-4eac-bd04-e2a96bbea9e8"",""date"":""2026-07-24T16:09:49.509Z"",""amount"":96.19,""merchant"":""Posto Shell"",""type"":""CREDIT""},{""id"":""24766969-198b-46f9-8f99-91bf322a4909"",""date"":""2026-07-24T16:09:49.247Z"",""amount"":192.36,""merchant"":""Posto Shell"",""type"":""CREDIT""},{""id"":""2582a316-bb74-4c44-9ecb-6c3ad3d60856"",""date"":""2026-07-23T00:55:45.485Z"",""amount"":220,""merchant"":""Farmacia Pague Menos"",""type"":""CREDIT""},{""id"":""4c10c4bb-beab-49f1-83f1-8ff4cb988ea5"",""date"":""2026-07-22T00:55:45.472Z"",""amount"":440,""merchant"":""Netflix"",""type"":""CREDIT""},{""id"":""f37cf5be-2528-491c-a4de-4707263b12ca"",""date"":""2026-07-20T16:09:49.505Z"",""amount"":144.27,""merchant"":""Mercado Livre"",""type"":""CREDIT""},{""id"":""f619f3d8-70ad-4cd4-8f38-8c996111e885"",""date"":""2026-07-19T00:55:45.479Z"",""amount"":330,""merchant"":""Mercado Livre"",""type"":""CREDIT""}]",0.00,
f816e1a5-62b7-4048-b024-6171db88ac75,26986473966,FECHADA,2026-08-10T18:00:00.000Z,2026-08-04T00:02:57.545Z,2026-08-20T03:00:06.236Z,996.64,,10,0.00,77.42,,3870.86,22.33,476.59,30.94,"[{""id"":""ce84079c-6b93-4ebf-9d91-452759b5dd6e"",""date"":""2026-07-23T00:55:46.877Z"",""amount"":155.61,""merchant"":""Farmacia Pague Menos"",""type"":""CREDIT""},{""id"":""f6754ced-4540-4831-a63e-3bdd08ff1c7c"",""date"":""2026-07-23T00:55:46.855Z"",""amount"":207.48,""merchant"":""iFood"",""type"":""CREDIT""},{""id"":""99140044-6852-477e-9b75-f5d012ad50c2"",""date"":""2026-07-22T00:55:46.887Z"",""amount"":103.75,""merchant"":""iFood"",""type"":""CREDIT""},{""id"":""bd536a1c-4058-462a-8a91-9773e138411a"",""date"":""2026-07-20T16:09:47.963Z"",""amount"":117.73,""merchant"":""Farmacia Pague Menos"",""type"":""CREDIT""},{""id"":""3a69052e-33a1-4aa0-b13a-96ee7ed192a6"",""date"":""2026-07-18T16:09:47.954Z"",""amount"":176.6,""merchant"":""iFood"",""type"":""CREDIT""},{""id"":""2513c71c-a69e-404c-8468-ad7eeb8de151"",""date"":""2026-07-17T16:09:47.950Z"",""amount"":235.47,""merchant"":""Posto Shell"",""type"":""CREDIT""}]",0.00,
f8c49291-66cb-4f61-afe0-6cd59ba02ac7,74929424194,FECHADA,2026-07-16T18:00:00.000Z,2026-08-01T05:39:13.844Z,2026-08-20T03:00:06.236Z,3870.86,,35,0.00,77.42,,0.00,19.47,297.86,19.33,"[{""id"":""be47751c-519f-4634-9e78-66da5eaddc02"",""date"":""2026-06-30T15:00:00.000Z"",""amount"":1720.38,""merchant"":""Farmacia Pague Menos"",""type"":""CREDIT""},{""id"":""47c29cbe-bd2c-42ea-8672-cc55fa4c6e39"",""date"":""2026-07-08T15:00:00.000Z"",""amount"":1290.29,""merchant"":""Posto Shell"",""type"":""CREDIT""},{""id"":""54f91863-685e-49bf-9c2f-27c22c673d3d"",""date"":""2026-07-08T15:00:00.000Z"",""amount"":860.19,""merchant"":""Uber"",""type"":""CREDIT""}]",0.00,
faa393e9-4352-4fde-8e95-4a290ef282e4,33522298364,FECHADA,2026-08-10T18:00:00.000Z,2026-08-04T00:02:56.515Z,2026-08-20T03:00:06.236Z,1703.77,,10,0.00,34.08,,0.00,6.89,26.22,1.71,"[{""id"":""099d75b2-5f0b-4db3-8565-0fbffac3c2fc"",""date"":""2026-07-26T00:55:47.240Z"",""amount"":417.63,""merchant"":""Spotify"",""type"":""CREDIT""},{""id"":""33d58404-3f40-43a1-b17a-baaf00e9764f"",""date"":""2026-07-24T16:09:49.749Z"",""amount"":169.8,""merchant"":""Spotify"",""type"":""CREDIT""},{""id"":""e2f02246-8a58-46c6-a72f-49876c1a1691"",""date"":""2026-07-24T00:55:47.248Z"",""amount"":313.22,""merchant"":""Spotify"",""type"":""CREDIT""},{""id"":""2fc22912-5b5c-4483-9888-db8bc677257a"",""date"":""2026-07-21T00:55:47.255Z"",""amount"":208.82,""merchant"":""Zara"",""type"":""CREDIT""},{""id"":""7047143e-1246-4d45-a201-c02420b346ad"",""date"":""2026-07-19T16:09:49.744Z"",""amount"":254.7,""merchant"":""Spotify"",""type"":""CREDIT""},{""id"":""49943ff0-ef73-4461-bc4e-1134df7d6962"",""date"":""2026-07-17T16:09:49.740Z"",""amount"":339.6,""merchant"":""Mercado Livre"",""type"":""CREDIT""}]",0.00,
faf8e780-1a9f-4d0b-aa4c-5e9f673e3d0a,90917191782,FECHADA,2026-08-10T18:00:00.000Z,2026-08-04T00:02:55.452Z,2026-08-20T03:00:06.236Z,1466.99,,10,0.00,29.34,,0.00,5.93,22.59,1.47,"[{""id"":""ed1b0552-f541-404a-b4a9-103286d1905d"",""date"":""2026-07-26T00:55:45.901Z"",""amount"":192.03,""merchant"":""Uber"",""type"":""CREDIT""},{""id"":""4edacd52-e3ac-48b6-a092-015ac7bd7d8c"",""date"":""2026-07-26T00:55:45.886Z"",""amount"":384.04,""merchant"":""Zara"",""type"":""CREDIT""},{""id"":""0b4b4c43-3490-4381-8a37-55293b25d99d"",""date"":""2026-07-23T16:09:48.948Z"",""amount"":133.98,""merchant"":""Amazon BR"",""type"":""CREDIT""},{""id"":""1f6d7f3c-7dc6-4547-9f94-79751100b4e0"",""date"":""2026-07-21T16:09:48.944Z"",""amount"":200.96,""merchant"":""Farmacia Pague Menos"",""type"":""CREDIT""},{""id"":""ae1af27a-9d8f-44e7-a84a-d1d70b9b1e9b"",""date"":""2026-07-21T16:09:48.937Z"",""amount"":267.95,""merchant"":""Uber"",""type"":""CREDIT""},{""id"":""191a8cd0-feec-4215-8eea-fa4a69a424c3"",""date"":""2026-07-20T00:55:45.890Z"",""amount"":288.03,""merchant"":""Netflix"",""type"":""CREDIT""}]",0.00,
fb084a17-da7d-4937-b412-8a709cd90519,77148062578,FECHADA,2026-08-25T21:00:00.000Z,2026-08-19T00:27:21.227Z,2026-08-19T00:27:21.227Z,496.07,,0,0.00,0.00,,0.00,0.00,0.00,0.00,"[{""id"":""390c9b0a-9323-408a-bb4f-745c054b78c4"",""date"":""2026-07-29T05:38:53.802Z"",""amount"":220.48,""merchant"":""Mercado Livre"",""type"":""CREDIT""},{""id"":""50d0d12e-2162-42d5-ac28-463a6a811502"",""date"":""2026-07-28T05:38:53.811Z"",""amount"":110.23,""merchant"":""Magazine Luiza"",""type"":""CREDIT""},{""id"":""f87767bf-552f-47c7-9fed-458bc8226272"",""date"":""2026-07-26T05:38:53.806Z"",""amount"":165.36,""merchant"":""Netflix"",""type"":""CREDIT""}]",0.00,
fdec926f-d4e0-464b-9b49-a94b10a43de3,78475680046,FECHADA,2026-08-10T18:00:00.000Z,2026-08-04T00:02:59.768Z,2026-08-18T03:00:12.636Z,365.61,,0,0.00,77.42,,3870.86,22.33,476.59,30.94,"[{""id"":""ee3c2ebd-b8d0-4c2d-8749-13afb436a867"",""date"":""2026-07-22T00:55:48.715Z"",""amount"":81.25,""merchant"":""Uber"",""type"":""CREDIT""},{""id"":""6f823e97-828e-451f-b0f8-1808cdab979d"",""date"":""2026-07-21T00:55:48.710Z"",""amount"":121.87,""merchant"":""Magazine Luiza"",""type"":""CREDIT""},{""id"":""c1af5b52-a897-44d0-a3b0-92b42c547031"",""date"":""2026-07-21T00:55:48.707Z"",""amount"":162.49,""merchant"":""Farmacia Pague Menos"",""type"":""CREDIT""}]",0.00,
ffc08a01-7fe7-4313-a1fe-0c2036d4c60e,42111679011,FECHADA,2026-08-15T21:00:00.000Z,2026-08-09T01:36:38.910Z,2026-08-20T03:00:06.236Z,1706.72,,5,0.00,77.42,,3870.86,24.89,635.47,41.26,"[{""id"":""5c0e7ed9-bb69-432b-96d4-372a47108ada"",""date"":""2026-07-26T00:55:48.426Z"",""amount"":169.92,""merchant"":""Magazine Luiza"",""type"":""CREDIT""},{""id"":""d74b04db-d85e-4ffe-b286-28bbf0495c07"",""date"":""2026-07-22T05:11:30.252Z"",""amount"":418.69,""merchant"":""Uber"",""type"":""CREDIT""},{""id"":""74ac00a3-f786-4be1-a927-81b8c45b4738"",""date"":""2026-07-22T00:55:48.421Z"",""amount"":254.89,""merchant"":""iFood"",""type"":""CREDIT""},{""id"":""99af7528-0960-4901-9fc5-8cc8c91ade2b"",""date"":""2026-07-21T05:11:30.335Z"",""amount"":209.35,""merchant"":""Mercado Livre"",""type"":""CREDIT""},{""id"":""8eb16df6-c665-47a3-9527-9a751ae4ad1d"",""date"":""2026-07-21T00:55:48.417Z"",""amount"":339.85,""merchant"":""Farmacia Pague Menos"",""type"":""CREDIT""},{""id"":""d9de6a86-8c38-49a7-9f9f-2b39f5ca3607"",""date"":""2026-07-20T05:11:30.319Z"",""amount"":314.02,""merchant"":""Magazine Luiza"",""type"":""CREDIT""}]",0.00,
ffd170c4-04e3-48fd-b31e-1912a4acdbbb,92454501635,FECHADA,2026-07-10T18:00:00.000Z,2026-07-26T00:55:49.181Z,2026-08-20T03:00:06.236Z,3870.86,,41,0.00,77.42,,0.00,19.47,297.86,19.33,"[{""id"":""d025b4ce-1ab6-4399-9973-e5f15816bf06"",""date"":""2026-06-26T15:00:00.000Z"",""amount"":1720.38,""merchant"":""Mercado Livre"",""type"":""CREDIT""},{""id"":""3d054193-4fcf-49c3-976c-24da154a4f01"",""date"":""2026-06-28T15:00:00.000Z"",""amount"":1290.29,""merchant"":""Magazine Luiza"",""type"":""CREDIT""},{""id"":""67e1d8c3-0486-48a0-a065-200973733419"",""date"":""2026-06-29T15:00:00.000Z"",""amount"":860.19,""merchant"":""Mercado Livre"",""type"":""CREDIT""}]",0.00,
