id,cpf,type,amount,description,from_user,to_user,to_key,date,status,reversal_of,subscription_id,invoice_id
00216c0a-3ad9-4df8-bcde-296913a11677,25713468361,SHOP_CREDIT,-244.81,Farmacia Pague Menos,,,,2026-07-19T16:09:50.116Z,,,,
005c100e-d710-4c60-ada7-f96057ed2c29,34310951783,SHOP_CREDIT,-202.53,Netflix,,,,2026-07-27T06:39:18.512Z,,,,
0068c923-b57b-423a-aa9a-841a3d2b198b,37810513150,SHOP_CREDIT,-226.34,Mercado Livre,,,,2026-07-21T00:55:44.282Z,,,,
00ee3ff0-3bad-4385-a873-31c19cc221f5,18642038977,SHOP_CREDIT,-255.45,Uber,,,,2026-08-14T03:32:41.343Z,,,,
00fcf28e-0efd-43d7-978c-7f279a6e9e4d,26986473966,SHOP_CREDIT,-860.19,Netflix,,,,2026-07-01T18:00:00.000Z,,,,
0130a1d0-caa2-478e-8686-cf0afdd8c3d6,57673944623,SHOP_CREDIT,-1290.29,Spotify,,,,2026-06-27T18:00:00.000Z,,,,
0149b7b8-76f8-4149-93e1-479dca2cb7d0,85246671844,SHOP_CREDIT,-860.19,Farmacia Pague Menos,,,,2026-06-30T18:00:00.000Z,,,,
019f15f3-0fe6-4623-ac61-5b105624cf03,41689983639,SHOP_CREDIT,-104.11,Zara,,,,2026-07-19T16:09:47.054Z,,,,
01ee15af-ea90-46d9-aa8a-bf115dcd8378,82474679928,SHOP_CREDIT,-309.71,Spotify,,,,2026-08-15T03:09:28.979Z,,,,
022df02e-8219-4bda-8b49-2325ac6f5c36,17058588562,SHOP_CREDIT,-252.23,Amazon BR,,,,2026-07-30T02:33:48.281Z,,,,
0231446e-8fc1-4097-877d-4e4edb82a4d2,87111008855,SHOP_CREDIT,-181.10,Spotify,,,,2026-08-15T03:33:50.705Z,,,,
0233e732-3a50-4bcd-988b-ce522d9dbc6a,57855482407,SHOP_CREDIT,-1720.38,Zara,,,,2026-07-19T18:00:00.000Z,,,,
03178a6f-617e-44d2-8672-d10ada3de641,44794065574,SHOP_CREDIT,-427.21,Posto Shell,,,,2026-07-19T16:09:47.605Z,,,,
03576e16-6904-414e-b289-fc5c9118bfec,20250513611,SHOP_CREDIT,-163.67,Amazon BR,,,,2026-07-23T16:09:49.216Z,,,,
035af7ce-1e20-4196-a1f5-79b8814eab54,65184684166,SHOP_CREDIT,-1290.29,Magazine Luiza,,,,2026-06-28T18:00:00.000Z,,,,
03824a00-ace6-4da6-9460-1795c923147e,12310012300,SUBSCRIPTION,-29.90,Assinatura Netflix Mensal,,,,2026-08-14T06:00:02.357Z,,,,
03ddb438-abac-4f75-b309-467f21e01ac6,12310012300,SHOP_CREDIT,-1290.29,Spotify,,,,2026-06-26T18:00:00.000Z,,,,
03f7c2bf-f75c-4be5-ad5c-d5b424489d67,18011225638,SHOP_CREDIT,-210.93,Posto Shell,,,,2026-07-23T16:09:50.024Z,,,,
04f41485-8871-46cf-ac2a-b6af086bbf90,80417045181,SHOP_CREDIT,-273.43,Amazon BR,,,,2026-07-26T00:55:48.148Z,,,,
05437dd6-e112-4fdd-949d-b6c52e2569d6,12345678901,SUBSCRIPTION,-79.90,HTV 7,,,,2026-08-01T06:00:01.918Z,,,,
057a89d0-d95a-40aa-926a-6f29a84e428d,75775457404,SHOP_CREDIT,-1290.29,Posto Shell,,,,2026-06-28T18:00:00.000Z,,,,
05c8145d-3e12-41fa-92a0-e9fb3cb01c72,12310012300,SUBSCRIPTION,-49.90,Plano Premium Recorrente,,,,2026-08-11T03:44:51.805Z,,,,
05eed643-fdc1-45a1-8ebf-70141a0d43de,71078566429,SHOP_CREDIT,-298.61,Farmacia Pague Menos,,,,2026-07-22T16:09:48.900Z,,,,
060a8911-d3c4-4e37-ad73-4f02804626c6,77766655599,SHOP_CREDIT,-119.38,Netflix,,,,2026-07-23T00:55:48.641Z,,,,
063b9782-80dd-4510-857e-6549070d591a,51243235758,SHOP_CREDIT,-183.61,Zara,,,,2026-07-22T16:09:50.333Z,,,,
06969394-51f1-48e4-8214-ce6cae0cd8da,05458223608,SHOP_CREDIT,-105.81,Zara,,,,2026-07-26T00:55:46.526Z,,,,
06a183f2-16fb-488d-ba10-4062e4cfb2e3,97504636177,SHOP_CREDIT,-150.02,Spotify,,,,2026-07-19T00:55:48.254Z,,,,
06c17aec-69d0-4894-8ecd-8eb48859e78a,36072364535,SHOP_CREDIT,-130.88,Magazine Luiza,,,,2026-07-30T21:15:20.367Z,,,,
06e47561-f5b7-4821-8c35-c7ef0392b83a,99999999999,POINTS_EARNED,39.00,Pontos ganhos no shop,,,,2026-07-04T16:49:10.385Z,,,,
06f1fc97-d6fe-4559-a600-cb55b6dbdf53,99999999999,POINTS_EARNED,39.00,Pontos ganhos no shop,,,,2026-07-06T05:09:59.835Z,,,,
075dc2bb-86d3-4afc-ace9-f955e579edcf,75775457404,SHOP_CREDIT,-264.67,Uber,,,,2026-07-22T00:55:47.938Z,,,,
07854476-43fa-4d3b-9327-242501bd8e54,58480256907,SHOP_CREDIT,-212.97,Uber,,,,2026-07-29T02:49:44.685Z,,,,
07a4b107-32a2-4de4-8d6c-8b3bd09a85c3,12310012300,SUBSCRIPTION,-49.90,Plano Premium Recorrente,,,,2026-08-14T06:00:02.357Z,,,,
07df2de5-d6a5-434f-9684-5ac177ce251e,12345678901,SUBSCRIPTION,-14.90,amazon,,,,2026-07-28T06:00:00.531Z,,,,
07e8e17d-1bcb-4f04-b9e4-d121d628c800,12558823280,SHOP_CREDIT,-1290.29,Netflix,,,,2026-07-09T18:00:00.000Z,,,,
080e86d1-8645-4ec8-875b-488f22df4a1a,99999999999,SHOP_CREDIT,-1720.38,Amazon BR,,,,2026-07-01T18:00:00.000Z,,,,
08459b30-5e17-41e6-9072-07beb1116aa3,93852856961,SHOP_CREDIT,-137.75,Zara,,,,2026-07-22T00:55:43.885Z,,,,
085160ce-40a4-446c-860e-0019e5fabbad,76726514039,SHOP_CREDIT,-1720.38,iFood,,,,2026-07-02T18:00:00.000Z,,,,
086fdd45-bbc8-487a-808b-3a5276bf20d5,12310012300,SHOP_CREDIT,-105.00,teste com juros,,,,2026-08-08T00:11:22.358Z,,,,
08f84327-8418-4b7b-9c0f-0ede7ea6b165,75775457404,SHOP_CREDIT,-272.93,Zara,,,,2026-07-23T16:09:50.465Z,,,,
08fcaf02-ad41-4925-acda-37e5b9cf4aff,77017682203,SHOP_CREDIT,-240.09,Magazine Luiza,,,,2026-07-20T00:55:44.573Z,,,,
091ad4d3-7949-4c40-9b55-da0590d58113,64866656883,SHOP_CREDIT,-860.19,Netflix,,,,2026-06-27T18:00:00.000Z,,,,
0923662b-c37a-41ca-982a-2170b132e57b,84823321987,SHOP_CREDIT,-153.56,iFood,,,,2026-07-24T00:55:44.166Z,,,,
099d75b2-5f0b-4db3-8565-0fbffac3c2fc,33522298364,SHOP_CREDIT,-417.63,Spotify,,,,2026-07-26T00:55:47.240Z,,,,
09b9991c-edec-4baa-bd00-d7dcd441429a,98765432100,SHOP_CREDIT,-364.16,Spotify,,,,2026-07-19T16:09:50.223Z,,,,
0a70c11e-dc20-4dcb-b66f-49f7b3196edb,18642038977,SHOP_CREDIT,-127.72,Uber,,,,2026-08-16T03:32:41.353Z,,,,
0a772b8b-4d08-423a-aeac-21c9909fb737,15803041416,SHOP_CREDIT,-156.12,Posto Shell,,,,2026-08-09T04:55:31.714Z,,,,
0ae22cc8-f16e-440a-9402-6babb8a3cfee,87588846615,SHOP_CREDIT,-152.83,Magazine Luiza,,,,2026-07-26T00:55:48.887Z,,,,
0b4b4c43-3490-4381-8a37-55293b25d99d,90917191782,SHOP_CREDIT,-133.98,Amazon BR,,,,2026-07-23T16:09:48.948Z,,,,
0ba37566-68c7-4c85-94ec-8d9090a513ca,12310012300,SUBSCRIPTION,-29.90,Assinatura Netflix Mensal,,,,2026-08-12T06:00:03.965Z,,,,
0bf293f0-b459-4d97-80b2-d3afe117a1eb,77017682203,SHOP_CREDIT,-238.88,Zara,,,,2026-07-24T16:09:48.380Z,,,,
0c77de24-b685-4138-8169-451794ab105c,20250513611,SHOP_CREDIT,-1720.38,Amazon BR,,,,2026-06-30T18:00:00.000Z,,,,
0ca35ae8-2234-4787-93b1-10ec16e55418,12345678901,SHOP_CREDIT,-144.38,Posto Shell,,,,2026-07-20T00:55:43.781Z,,,,
0d9c9727-af94-47eb-9a8d-c30dc2dc94a1,11111111111,DEPOSIT,100.00,Deposito administrativo,,,,2026-07-20T03:17:10.023Z,,,,
0db4b2a2-4ac8-4421-95f0-a1f8532df74e,48431018434,SHOP_CREDIT,-179.17,Zara,,,,2026-07-20T16:09:47.136Z,,,,
0e04e1ab-f790-4895-9d1b-30eeec0a7806,12345678909,SHOP_CREDIT,-178.35,Mercado Livre,,,,2026-07-21T00:55:45.656Z,,,,
0e2529b8-3277-4b2f-9e23-3f7ceeeaaf05,57673944623,SHOP_CREDIT,-860.19,Farmacia Pague Menos,,,,2026-06-24T18:00:00.000Z,,,,
0e966e56-099f-4163-92c2-2163bfcb0a06,37107075012,SHOP_CREDIT,-1290.29,Farmacia Pague Menos,,,,2026-07-07T18:00:00.000Z,,,,
0ea4a7e4-510b-4004-ae76-368cfb2d1d86,43838315910,SHOP_CREDIT,-175.11,Spotify,,,,2026-07-20T16:09:48.124Z,,,,
0f1168b9-78bb-4a0b-8f1e-13daea242512,41750109719,SHOP_CREDIT,-1290.29,Amazon BR,,,,2026-07-23T18:00:00.000Z,,,,
0f1ca293-7a61-4bd5-a72d-f559780116db,85246671844,SHOP_CREDIT,-1720.38,Mercado Livre,,,,2026-07-03T18:00:00.000Z,,,,
0f87b717-f457-4a98-8865-5fc9fb82c769,81698023189,SHOP_CREDIT,-177.87,Posto Shell,,,,2026-07-24T00:55:43.627Z,,,,
0feb39bf-7077-4f0e-a7ff-b189b26b932f,11111111111,INVOICE_INSTALLMENT,-1560.05,Parcelamento fatura (2/3),,,,2026-09-18T20:46:02.518Z,,,,
0fee39db-19ff-49d8-8fa7-c5d046e8a6d4,73857513853,SHOP_CREDIT,-159.98,iFood,,,,2026-08-02T02:34:08.634Z,,,,
10378b57-6c6e-4128-9c69-6776039e3064,97504636177,SHOP_CREDIT,-282.14,Netflix,,,,2026-07-24T16:09:50.295Z,,,,
103b5f24-9009-42a4-971c-42bcb5c06110,26775244657,SHOP_CREDIT,-198.56,Zara,,,,2026-07-23T00:55:49.085Z,,,,
103bc3c1-5884-4712-b4c3-41fa39538760,75775457404,SHOP_CREDIT,-352.90,Zara,,,,2026-07-21T00:55:47.933Z,,,,
1101e443-0853-481d-820e-bb5d5f0c681c,95654548522,SHOP_CREDIT,-153.59,Farmacia Pague Menos,,,,2026-07-18T16:09:50.933Z,,,,
1126dd46-ce44-47eb-927b-cc55d3663e87,66414169091,SHOP_CREDIT,-267.45,Zara,,,,2026-07-20T16:09:49.864Z,,,,
11428357-b0de-4f1f-b4f8-6bcb37b88ae9,12310012300,SHOP_CREDIT,-10.50,teste com juros,,,,2026-08-08T00:13:53.247Z,,,,
1165e4df-ae77-4958-a1ff-7004265e34d2,12345678901,SUBSCRIPTION,-14.90,amazon,,,,2026-08-01T06:00:01.918Z,,,,
116a3a3f-8242-4ab1-8125-70dd7d0be373,46945365409,SHOP_CREDIT,-230.89,Amazon BR,,,,2026-07-26T02:48:47.372Z,,,,
11af1c18-b3fe-4088-9569-b76695c4eae7,35417211460,SHOP_CREDIT,-100.95,Netflix,,,,2026-08-17T03:09:17.328Z,,,,
11b1f829-8a52-48dd-98c3-1e9787b2d581,89287038082,SHOP_CREDIT,-316.85,Magazine Luiza,,,,2026-08-08T03:45:17.396Z,,,,
127006e3-8f72-442f-a914-062b1b0b5c14,81698023189,SHOP_CREDIT,-321.33,Netflix,,,,2026-07-17T16:09:46.919Z,,,,
12c91fa0-b3a3-4e9e-a929-ec107e171bf1,98765432100,SHOP_CREDIT,-182.07,Uber,,,,2026-07-17T16:09:50.232Z,,,,
12e2b05d-cbf5-4818-a2fc-7f5783354841,11879646706,SHOP_CREDIT,-208.61,Magazine Luiza,,,,2026-07-20T20:07:38.999Z,,,,
132e4633-71ed-4f25-94dd-32365f5a7b1f,43838315910,SHOP_CREDIT,-230.88,Farmacia Pague Menos,,,,2026-07-22T00:55:44.418Z,,,,
13be6a81-a7d0-4cbf-a39b-bb403f805b65,45116448614,SHOP_CREDIT,-305.13,Posto Shell,,,,2026-07-21T00:55:43.916Z,,,,
14267525-739a-44ca-baef-ded2ee2b11a6,12558823280,SHOP_CREDIT,-244.05,Magazine Luiza,,,,2026-07-31T02:33:30.224Z,,,,
148067e5-02c9-47ee-a880-eeb50fb2d2ec,09056318624,SHOP_CREDIT,-412.54,Amazon BR,,,,2026-08-10T03:11:38.304Z,,,,
1508af6e-2d2c-4442-9930-9f8c46529485,12558823280,SUBSCRIPTION,-29.90,Assinatura Netflix Mensal,,,,2026-08-12T06:00:03.965Z,,,,
153953f4-866e-4510-b70b-558cec014c00,44444444444,DEPOSIT,20000.00,Deposito administrativo,,,,2026-08-18T01:30:06.884Z,,,,
153a2238-e26e-4aa3-becb-d0181103858d,96873928860,SHOP_CREDIT,-1720.38,Farmacia Pague Menos,,,,2026-07-09T18:00:00.000Z,,,,
159acc91-c8f8-480f-873f-a52535bbefbb,51742065392,SHOP_CREDIT,-204.81,Magazine Luiza,,,,2026-07-28T04:28:26.110Z,,,,
15b157dd-4fa3-4d90-a68b-850dde58f8a7,93852856961,SHOP_CREDIT,-206.64,Farmacia Pague Menos,,,,2026-07-21T00:55:43.880Z,,,,
15d95021-0c5a-4997-9ac7-016ab2008af7,26775244657,SHOP_CREDIT,-1290.29,Mercado Livre,,,,2026-07-03T18:00:00.000Z,,,,
15e96707-6966-4e96-ae97-9f7edb6685df,64866656883,SHOP_CREDIT,-227.25,Mercado Livre,,,,2026-07-21T00:55:49.139Z,,,,
16329d55-a96a-4d33-bfdc-b2f2c01fc5cf,89287038082,SHOP_CREDIT,-237.64,Netflix,,,,2026-08-08T03:45:17.402Z,,,,
163b765c-8afb-46fc-981e-acac60adfecb,11111111111,SHOP_DEBIT,-42.50,[SMOKE] Debito teste,,,,2026-07-19T18:41:32.735Z,cancelled,,,
165604d7-f3a4-4388-842e-4f52529758f6,11111111111,INVOICE_PAYMENT,-270.95,Pagamento fatura,,,,2026-08-16T02:59:59.999Z,,,,
16853b4a-0ea5-422c-8ba1-556ff9e3bfce,42681570697,SHOP_CREDIT,-285.94,Zara,,,,2026-07-24T06:39:41.070Z,,,,
16b1f84a-7d49-492a-b165-de645bae869c,44794065574,SHOP_CREDIT,-1720.38,Mercado Livre,,,,2026-06-27T18:00:00.000Z,,,,
16cd7bc0-d4b3-4df1-979e-b5f095d2bc83,19983621512,SHOP_CREDIT,-252.40,Zara,,,,2026-07-23T00:55:44.300Z,,,,
16fca924-d614-460c-89ef-33e050b6cbaa,18956389652,SHOP_CREDIT,-258.21,Amazon BR,,,,2026-07-20T00:55:48.442Z,,,,
17357817-f0b1-45fd-aa45-03a28ff4b80a,37810513150,SHOP_CREDIT,-1720.38,iFood,,,,2026-07-01T18:00:00.000Z,,,,
177f6bf0-1159-4d35-a68e-801f65fad142,26700822386,SHOP_CREDIT,-860.19,Mercado Livre,,,,2026-07-11T18:00:00.000Z,,,,
17c6dae9-3352-40bf-966a-22a48383323f,20250513611,INVOICE_INSTALLMENT,-649.50,Momentum Pro Camera (1/2),,,,2026-09-08T23:59:59.999Z,,,,
17f4fe80-5cfb-47f8-a405-47407eae2e29,77529588591,SHOP_CREDIT,-203.20,Spotify,,,,2026-07-21T16:09:50.156Z,,,,
17ff6a37-000c-4370-b036-e630474ad6ae,84979979998,SHOP_CREDIT,-215.35,Uber,,,,2026-08-16T03:11:24.242Z,,,,
18489662-aa3a-400f-84a4-fc268ab759d6,77751515015,SHOP_CREDIT,-322.66,Uber,,,,2026-08-08T04:55:15.438Z,,,,
18a13394-f2c1-44e3-be47-b7c97e359507,12345678901,SHOP_CREDIT,-99.43,Sensor Vel 70,,,,2026-07-22T02:38:27.361Z,,,,
18e02fd6-7097-4bcb-a2af-5bf9782e367d,57673944623,SHOP_CREDIT,-158.96,Farmacia Pague Menos,,,,2026-07-23T00:55:47.377Z,,,,
191a8cd0-feec-4215-8eea-fa4a69a424c3,90917191782,SHOP_CREDIT,-288.03,Netflix,,,,2026-07-20T00:55:45.890Z,,,,
1973c998-3b5f-4582-8458-eb7830ca179d,08025476561,SHOP_CREDIT,-197.38,Uber,,,,2026-08-11T03:45:46.513Z,,,,
1997af3c-2c71-48f3-a2b8-0f34f038d34e,75775457404,SHOP_CREDIT,-363.91,Netflix,,,,2026-07-20T16:09:50.461Z,,,,
19b169c7-2fba-49e3-a986-13d2ab3a5622,77751515015,SHOP_CREDIT,-430.21,Amazon BR,,,,2026-08-05T04:55:15.429Z,,,,
19c3648d-8109-43b5-8ed3-57440f904f84,48318883543,SHOP_CREDIT,-860.19,Posto Shell,,,,2026-06-29T18:00:00.000Z,,,,
1a22e91f-35d6-4008-a49c-58bade8dd6df,12558823280,SUBSCRIPTION,-29.90,Assinatura Netflix Mensal,,,,2026-08-10T06:00:00.426Z,,,,
1a5f4422-c8fa-4988-bacb-2759bc18fa54,77766655544,SHOP_CREDIT,-1720.38,Mercado Livre,,,,2026-07-01T18:00:00.000Z,,,,
1a816d5f-687e-4a4d-9cd1-2da7d4b815d6,87588846615,SHOP_CREDIT,-199.67,Amazon BR,,,,2026-07-18T16:09:50.867Z,,,,
1b1dcf90-263a-411b-a437-dda88e60d6fc,57673944623,SHOP_CREDIT,-316.59,Zara,,,,2026-07-17T16:09:49.828Z,,,,
1bbf954a-ba48-48d9-9cbe-65c72008431f,12345678901,SUBSCRIPTION,-79.90,HTV 7,,,,2026-07-31T06:00:00.199Z,,,,
1c2116d4-f188-4d97-9b11-b0ec89a4b8a7,60107482754,SHOP_CREDIT,-204.24,Uber,,,,2026-07-19T00:55:44.404Z,,,,
1c2681c4-3a07-4a75-98a4-3717ddb3366b,12345678901,SHOP_CREDIT,-216.58,Farmacia Pague Menos,,,,2026-07-19T00:55:43.775Z,,,,
1c37ae78-fbeb-413a-b82b-5818fb0cee63,76782744325,SHOP_CREDIT,-149.36,Uber,,,,2026-07-28T05:39:20.200Z,,,,
1c7e8264-99f6-4718-ae19-662e05dbd49c,07154153601,SHOP_CREDIT,-230.88,Uber,,,,2026-08-12T03:45:26.558Z,,,,
1cf65b0a-eca6-45c5-8c45-cba3b1e14713,93852856961,SHOP_CREDIT,-191.84,Amazon BR,,,,2026-07-19T16:09:47.301Z,,,,
1d53dd63-8618-42cf-84da-9da9c371aa38,35417211460,SHOP_CREDIT,-151.42,iFood,,,,2026-08-11T03:09:17.321Z,,,,
1dedd05b-029d-4738-b4ae-bb57cd579ef4,41689983639,SHOP_CREDIT,-197.67,Zara,,,,2026-07-24T00:55:43.798Z,,,,
1e73869b-d2b2-41bd-a332-4dda5c8ef021,12310012300,SHOP_CREDIT,-240.10,iFood,,,,2026-07-27T01:48:39.697Z,,,,
1eb89cae-5cb4-4e7a-881d-f9d641dd161a,17334727380,SHOP_CREDIT,-221.11,iFood,,,,2026-07-17T16:09:47.420Z,,,,
1ec23e34-4ad0-4111-8d9c-b3623f3b25a3,68141495240,SHOP_CREDIT,-1720.38,Mercado Livre,,,,2026-06-30T18:00:00.000Z,,,,
1ec5932b-1b56-451d-955a-05706a24bda9,64866656883,SHOP_CREDIT,-1720.38,Mercado Livre,,,,2026-06-24T18:00:00.000Z,,,,
1ec74249-bc41-42cf-ba3b-19fd7390f4b8,67154864257,SHOP_CREDIT,-1290.29,Mercado Livre,,,,2026-07-02T18:00:00.000Z,,,,
1f64a21c-ad3d-4c2c-9148-3fa2fa883a26,72856446096,SHOP_CREDIT,-860.19,iFood,,,,2026-07-03T18:00:00.000Z,,,,
1f6d7f3c-7dc6-4547-9f94-79751100b4e0,90917191782,SHOP_CREDIT,-200.96,Farmacia Pague Menos,,,,2026-07-21T16:09:48.944Z,,,,
1f768afa-116a-4115-9160-8ee4858a32c4,44444444444,SHOP_CREDIT,-1290.29,Mercado Livre,,,,2026-06-26T18:00:00.000Z,,,,
2055d099-d933-45bd-ac92-b336dd533dfb,48318883543,SHOP_CREDIT,-298.68,Spotify,,,,2026-07-20T16:09:47.834Z,,,,
20daaa4d-e6a7-4bd3-b3e9-a4269fd15036,64866656883,SHOP_CREDIT,-240.76,iFood,,,,2026-07-23T16:09:51.077Z,,,,
20e84b3a-c15c-4267-adbc-ef5d6b43712d,98215828507,SHOP_CREDIT,-106.27,Mercado Livre,,,,2026-07-28T02:50:16.781Z,,,,
212287cb-318a-4c01-8c8e-2c4041aebb42,42718533218,SHOP_CREDIT,-207.37,Farmacia Pague Menos,,,,2026-07-20T00:55:46.197Z,,,,
2148d6f1-71d3-4acd-828f-1ca547f53109,77777777777,SHOP_CREDIT,-251.33,Mercado Livre,,,,2026-07-21T16:09:51.169Z,,,,
2154ebda-4fa3-461f-8b66-4ec29694adb1,67154864257,SHOP_CREDIT,-146.28,iFood,,,,2026-07-22T16:09:50.838Z,,,,
21b115e6-3113-49c3-aa5b-52002cdb7f58,76782744325,SHOP_CREDIT,-224.05,Netflix,,,,2026-07-28T05:39:20.197Z,,,,
21b9e81d-0078-4861-b71f-5dd9920183f6,76726514039,SHOP_CREDIT,-200.27,Zara,,,,2026-07-23T00:55:47.689Z,,,,
21f27ec6-5c01-452b-a0dc-b93a32270b74,76925831102,SHOP_CREDIT,-326.38,Magazine Luiza,,,,2026-07-18T16:09:50.899Z,,,,
22000424-2b99-4560-aba2-24767b96f5e6,73012176728,SHOP_CREDIT,-98.77,Spotify,,,,2026-07-22T16:09:49.994Z,,,,
2209986a-86c0-44d3-a6ec-a14cd9381e72,81722521295,SHOP_CREDIT,-172.78,Magazine Luiza,,,,2026-07-24T16:09:50.990Z,,,,
224ab281-375e-45e1-b7a9-4566612aaee2,51742065392,SHOP_CREDIT,-860.19,Mercado Livre,,,,2026-07-04T18:00:00.000Z,,,,
22647c21-fa3f-4766-abad-59f1b68b0856,76782744325,SHOP_CREDIT,-1720.38,Posto Shell,,,,2026-07-01T18:00:00.000Z,,,,
22a9e505-a11c-4405-a600-d04e2102e105,24719788947,SHOP_CREDIT,-144.98,Magazine Luiza,,,,2026-07-26T00:55:49.156Z,,,,
22e84c7d-004a-4433-9278-6231a2a44dd5,88888888888,SHOP_CREDIT,-293.62,Amazon BR,,,,2026-07-21T16:09:50.560Z,,,,
22f20d20-53f2-4fc3-9c2d-c3ec8324e3ff,17334727380,SHOP_CREDIT,-331.66,Spotify,,,,2026-07-19T16:09:47.404Z,,,,
235e03b0-c916-4873-8cca-09266cba8922,11111111111,SHOP_CREDIT,-188.35,[SIM] Gamer Store,,,,2026-07-19T18:07:08.555Z,,,,
2367801e-ee1b-4e16-a8d5-25b56da430cc,58480256907,SHOP_CREDIT,-319.45,iFood,,,,2026-07-27T02:49:44.680Z,,,,
238ec3d6-9973-4d2b-8a42-6682c1ac972f,38160081359,SHOP_CREDIT,-1290.29,Mercado Livre,,,,2026-07-05T18:00:00.000Z,,,,
23b3bc65-c6cd-44b7-b091-0544002999f6,12558823280,SUBSCRIPTION,-29.90,Assinatura Netflix Mensal,,,,2026-08-11T06:00:01.725Z,,,,
24019bca-6412-4315-a7e1-f63c95a075cf,27646660477,SHOP_CREDIT,-253.49,Amazon BR,,,,2026-07-24T16:09:49.067Z,,,,
24220ceb-4504-4b87-a032-d8ab44f2b544,44444444444,SHOP_CREDIT,-860.19,Uber,,,,2026-06-28T18:00:00.000Z,,,,
2473b1f9-f03a-4d5c-b5a3-63440c14c32d,61369613180,SHOP_CREDIT,-300.81,Zara,,,,2026-07-18T16:09:48.303Z,,,,
24766969-198b-46f9-8f99-91bf322a4909,17693911189,SHOP_CREDIT,-192.36,Posto Shell,,,,2026-07-24T16:09:49.247Z,,,,
24fdd708-87f2-4c2e-b30a-8d0da6216544,24662236606,SHOP_CREDIT,-860.19,iFood,,,,2026-06-28T18:00:00.000Z,,,,
2513c71c-a69e-404c-8468-ad7eeb8de151,26986473966,SHOP_CREDIT,-235.47,Posto Shell,,,,2026-07-17T16:09:47.950Z,,,,
254ec270-2ec0-4a69-9732-6555943538da,77017682203,SHOP_CREDIT,-119.43,Posto Shell,,,,2026-07-19T16:09:48.388Z,,,,
2582a316-bb74-4c44-9ecb-6c3ad3d60856,17693911189,SHOP_CREDIT,-220.00,Farmacia Pague Menos,,,,2026-07-23T00:55:45.485Z,,,,
26158821-e294-417e-99eb-223f1539eacc,34272175349,SHOP_CREDIT,-198.83,Mercado Livre,,,,2026-07-20T00:55:44.856Z,,,,
26446548-1245-47ea-8c77-9724005dcb21,11111111111,SHOP_CREDIT,-191.36,[SIM] Pet Volt,,,,2026-07-19T18:07:08.561Z,,,,
2664f28f-503b-4d9e-bdd4-60cf06224339,75775457404,SHOP_CREDIT,-860.19,Netflix,,,,2026-07-03T18:00:00.000Z,,,,
267084b5-8f65-47aa-8be0-f4537666d7de,20250513611,SHOP_CREDIT,-860.19,Spotify,,,,2026-06-29T18:00:00.000Z,,,,
267e1639-14bb-44ac-b586-f478c7ad75fc,12902848900,SHOP_CREDIT,-286.57,Netflix,,,,2026-07-21T00:55:45.455Z,,,,
268a625e-1b59-4350-8a9d-fa46548facc0,16165143539,SHOP_CREDIT,-209.03,iFood,,,,2026-07-19T16:09:50.187Z,,,,
2690672a-9167-4968-8fcb-88e260658c75,12310012300,SUBSCRIPTION,-29.90,Assinatura Netflix Mensal,,,,2026-08-16T17:20:53.803Z,,,,
2699acc5-fb53-45d1-8620-3872f16bde15,12310012300,SHOP_CREDIT,-10.50,teste com juros,,,,2026-08-08T00:13:58.308Z,,,,
26a89fc1-5dbf-4125-a110-ea7d2cf3ba73,27888186700,SHOP_CREDIT,-860.19,Farmacia Pague Menos,,,,2026-06-29T18:00:00.000Z,,,,
27022517-cf06-4ec2-af62-854baefa03d7,44794065574,SHOP_CREDIT,-1290.29,Posto Shell,,,,2026-06-29T18:00:00.000Z,,,,
272d5422-d2db-451f-b1a4-9822c14877ad,12558823280,SHOP_CREDIT,-325.40,iFood,,,,2026-08-01T02:33:30.207Z,,,,
277cfd58-9a11-46f4-ac0a-51cb884c3ae9,26775244657,SHOP_CREDIT,-860.19,Magazine Luiza,,,,2026-06-28T18:00:00.000Z,,,,
2787e8a3-d4a6-49e0-8562-47a9f15ad3ad,64866656883,SHOP_CREDIT,-180.57,iFood,,,,2026-07-23T16:09:51.080Z,,,,
279ab568-d3b9-4ff4-a4f5-d37e4ff128ab,12310012300,SUBSCRIPTION,-49.90,Plano Premium Recorrente,,,,2026-08-10T06:00:00.426Z,,,,
282d8c33-87c6-4dc0-a0c3-f1327a2a60de,77551164685,SHOP_CREDIT,-272.91,Mercado Livre,,,,2026-07-24T00:55:44.535Z,,,,
2843e9c9-46e5-4812-90f6-9761b6808716,12345678901,SUBSCRIPTION,-14.90,amazon,,,,2026-08-03T06:00:01.497Z,,,,
284f5180-97e7-42e6-adc9-ff6e7d65a173,84823321987,SHOP_CREDIT,-166.49,Spotify,,,,2026-07-23T16:09:47.795Z,,,,
286d3491-f715-4611-a0dd-7a1e88a81a77,57855482407,SHOP_CREDIT,-103.34,Netflix,,,,2026-08-14T02:43:29.436Z,,,,
28726e52-782f-47a4-a207-2144eac6460b,87588846615,SHOP_CREDIT,-133.11,Magazine Luiza,,,,2026-07-18T16:09:50.870Z,,,,
28ea7309-e275-4662-8c62-e51173ddc244,95654548522,SHOP_CREDIT,-230.38,Mercado Livre,,,,2026-07-24T16:09:50.930Z,,,,
29591417-d9fc-4640-8ba1-c201ee304f9d,77766655599,SHOP_CREDIT,-860.19,Mercado Livre,,,,2026-06-25T18:00:00.000Z,,,,
296b62aa-8f50-4a61-a85f-8b2ffae6c7a0,84585226834,SHOP_CREDIT,-159.77,Amazon BR,,,,2026-08-16T03:13:12.455Z,,,,
29824cd5-7c59-4ba1-a038-c99e7ce5abdd,88888888888,SHOP_CREDIT,-199.57,Magazine Luiza,,,,2026-07-26T00:55:48.268Z,,,,
298ab1ef-1e1b-40a2-88d7-0e41548fd592,24930613945,SHOP_CREDIT,-85.06,Mercado Livre,,,,2026-07-23T00:55:47.503Z,,,,
299ea582-a522-462e-adee-04af7e60d5b9,41649264658,SHOP_CREDIT,-298.96,Netflix,,,,2026-07-24T04:27:50.250Z,,,,
29fa53ef-d3b4-45ef-9611-af888ef936be,88877766655,SHOP_CREDIT,-280.95,Uber,,,,2026-07-21T00:55:48.110Z,,,,
2ac93106-1c97-4d34-bac4-02a692911bd9,19983621512,SHOP_CREDIT,-168.27,Zara,,,,2026-07-26T00:55:44.304Z,,,,
2c442379-fcb8-472b-ab4b-b950bf4247e5,12345678901,SUBSCRIPTION,-79.90,HTV 7,,,,2026-07-29T06:00:00.536Z,,,,
2c7fdf7a-002f-42b4-a86b-7827a7501d19,38160081359,DEPOSIT,50000.00,Deposito administrativo,,,,2026-08-13T01:34:16.033Z,,,,
2cbd8e74-8c97-443c-9b5c-0ccd90ba3a61,27888186700,SHOP_CREDIT,-307.49,Uber,,,,2026-07-23T16:09:50.801Z,,,,
2cc5e3a3-f386-40d2-9100-2658b2fe89f9,20250513611,SHOP_CREDIT,-83.99,Posto Shell,,,,2026-07-25T00:55:46.493Z,,,,
2d50559e-64a8-4857-8ca4-0898eab09135,76671725950,SHOP_CREDIT,-229.70,iFood,,,,2026-07-23T00:55:44.137Z,,,,
2d7fcde4-1b21-42da-904a-692e284aa417,12558823280,PAYMENT,-29.90,Pagamento Recorrente: Assinatura Netflix Mensal (Débito em Conta),,,,2026-08-08T17:33:29.332Z,,,,
2d825f0c-7a21-40f4-a587-4abe9bf61b99,19231521659,SHOP_CREDIT,-193.67,Magazine Luiza,,,,2026-07-23T00:55:48.660Z,,,,
2df79d55-f7c0-4e9e-9389-2fe56e061fe3,27646660477,SHOP_CREDIT,-860.19,Posto Shell,,,,2026-06-30T18:00:00.000Z,,,,
2e649670-0758-472a-a006-3caa5072c611,77551164685,SHOP_CREDIT,-1290.29,Spotify,,,,2026-06-24T18:00:00.000Z,,,,
2e9f895e-8f80-42dd-9b4a-9cc0faac74c9,87588846615,SHOP_CREDIT,-229.25,Mercado Livre,,,,2026-07-25T00:55:48.883Z,,,,
2ee77a51-b0e2-499c-94a3-ae79491ca883,97504636177,SHOP_CREDIT,-141.07,Magazine Luiza,,,,2026-07-20T16:09:50.301Z,,,,
2ee9ac7d-c5dc-490d-b210-2dbef96a1b31,66414169091,SHOP_CREDIT,-140.02,Posto Shell,,,,2026-07-24T00:55:47.401Z,,,,
2f051caf-0c98-47e2-b998-0775370fd30b,28832869497,SHOP_CREDIT,-193.19,Spotify,,,,2026-07-24T00:55:48.210Z,,,,
2f4f666b-e354-4ced-833b-bad0204890ab,12558823280,SHOP_CREDIT,-162.70,Magazine Luiza,,,,2026-07-30T02:33:30.243Z,,,,
2f77a523-1d1d-4feb-9a7d-996591b32463,77766655544,SHOP_CREDIT,-77.91,Zara,,,,2026-07-23T00:55:47.071Z,,,,
2f940dde-47e9-47a8-bac4-6e9b55798647,12310012300,SUBSCRIPTION,-49.90,Plano Premium Recorrente,,,,2026-08-16T17:20:53.803Z,,,,
2fad9126-a7b0-4d04-a75f-dfc10aec2d56,12558823280,SUBSCRIPTION,-29.90,Assinatura Netflix Mensal,,,,2026-08-16T17:20:53.803Z,,,,
2fbbee59-8997-49eb-93f1-7b9c8e0846c6,71078566429,SHOP_CREDIT,-398.14,Farmacia Pague Menos,,,,2026-07-23T16:09:48.895Z,,,,
2fc22912-5b5c-4483-9888-db8bc677257a,33522298364,SHOP_CREDIT,-208.82,Zara,,,,2026-07-21T00:55:47.255Z,,,,
2fd4742c-6a7a-4007-951c-b79b3f186535,37810513150,SHOP_CREDIT,-150.55,Magazine Luiza,,,,2026-07-17T16:09:47.887Z,,,,
2ffcf3e1-60cb-4462-a0c1-46928921142e,44794065574,SHOP_CREDIT,-320.41,Zara,,,,2026-07-18T16:09:47.611Z,,,,
303b2ae6-5ca8-45f8-8edc-b0df2f19212d,65207037706,SHOP_CREDIT,-170.43,Magazine Luiza,,,,2026-08-04T04:48:20.385Z,,,,
30c9759e-1d93-4c33-9fcb-3a2f5cb724f2,71078566429,SHOP_CREDIT,-221.10,Zara,,,,2026-07-19T00:55:45.770Z,,,,
30dc2b7e-05f8-40f5-a4ad-0bf2616dff26,18011225638,SHOP_CREDIT,-105.47,Mercado Livre,,,,2026-07-20T16:09:50.034Z,,,,
30ee9669-a6a5-412e-abc2-5577dd7a44d0,12345678901,SUBSCRIPTION,-79.90,HTV 7,,,,2026-07-25T06:00:00.198Z,,,,
316c2f40-f203-413b-899e-e62450af0fca,72856446096,SHOP_CREDIT,-1290.29,Farmacia Pague Menos,,,,2026-06-27T18:00:00.000Z,,,,
31950fe0-cb08-4271-8525-e460b0657d48,48431018434,SHOP_CREDIT,-358.33,Magazine Luiza,,,,2026-07-24T16:09:47.122Z,,,,
31c5084c-1d17-4635-b1b1-d248162b953a,12558823280,SHOP_CREDIT,-1720.38,Amazon BR,,,,2026-07-03T18:00:00.000Z,,,,
31d1428c-5e2f-4f81-8294-3e21fe1f2515,57673944623,SHOP_CREDIT,-422.12,Spotify,,,,2026-07-19T16:09:49.821Z,,,,
31d471ec-9112-4a5e-a050-6704ac916160,51742065392,SHOP_CREDIT,-136.54,iFood,,,,2026-07-26T04:28:26.115Z,,,,
32aa099f-40ed-4c54-a7d0-cd30dee5ad45,97504636177,SHOP_CREDIT,-211.61,Spotify,,,,2026-07-19T16:09:50.298Z,,,,
32baef57-afef-4257-ac62-11d08689ce22,29910306743,SHOP_CREDIT,-241.26,Netflix,,,,2026-08-02T21:15:42.732Z,,,,
32d38b89-7573-4c40-b546-77ae35250336,12345678901,SUBSCRIPTION,-14.90,amazon,,,,2026-07-24T06:00:00.948Z,,,,
32d84491-aed3-41d5-8771-eb6cca1c9609,16165143539,SHOP_CREDIT,-189.05,Magazine Luiza,,,,2026-07-24T00:55:47.815Z,,,,
32f6ec5b-0265-4ca4-9190-a25c5823d32a,12345678901,INVOICE_INSTALLMENT,-125.00,Bike Winnek Pro (1/12),,,,2026-07-22T05:13:13.843Z,,,,
3318a8f0-2415-435d-9d38-920b312a5cc9,19231521659,SHOP_CREDIT,-290.51,Netflix,,,,2026-07-20T00:55:48.657Z,,,,
331b5544-5da1-4aa0-bac1-1702c8b26489,12310012300,SHOP_CREDIT,-10.00,teste com juros,,,,2026-08-08T00:14:02.184Z,,,,
332f4380-9279-41ff-94c7-21bc62bd7746,12310012300,SHOP_CREDIT,-105.00,teste com juros,,,,2026-08-08T00:11:04.527Z,,,,
336261a7-d4fa-405d-b175-b2c3b6af2ee7,99999999999,SHOP_DEBIT,-3999.90,Smartphone Fintech X,,,,2026-07-04T16:49:10.364Z,,,,
33d58404-3f40-43a1-b17a-baaf00e9764f,33522298364,SHOP_CREDIT,-169.80,Spotify,,,,2026-07-24T16:09:49.749Z,,,,
33fbc3ee-24de-43ec-aabb-e22b71417df3,92957697327,SHOP_CREDIT,-338.19,Posto Shell,,,,2026-08-14T03:10:17.879Z,,,,
342125a0-ed03-4972-a7cf-82150abc5dea,12345678901,SUBSCRIPTION,-79.90,HTV 7,,,,2026-07-23T06:00:00.241Z,,,,
34543e3e-7e50-4cab-b456-29292cfcf17a,84979979998,SHOP_CREDIT,-107.67,Zara,,,,2026-08-13T03:11:24.251Z,,,,
34a9b7d2-6010-42f6-9ea7-f4b06006bb9b,28832869497,SHOP_CREDIT,-377.64,Posto Shell,,,,2026-07-21T16:09:50.387Z,,,,
34b93698-5ad7-4800-86a7-3828f6326589,45116448614,SHOP_CREDIT,-406.10,Zara,,,,2026-07-24T16:09:47.501Z,,,,
34e434a4-46af-437b-a2e9-6caf24ab68bb,12558823280,PAYMENT,-29.90,Pagamento Recorrente: Assinatura Netflix Mensal (Débito em Conta),,,,2026-08-09T01:37:00.954Z,,,,
351b705e-9225-4575-a69b-1e0e6656b010,12310012300,SUBSCRIPTION,-49.90,Plano Premium Recorrente,,,,2026-08-20T06:00:06.376Z,,,,
353882ca-e400-4f90-8b27-605106d7c31e,28832869497,SHOP_CREDIT,-1290.29,Netflix,,,,2026-06-26T18:00:00.000Z,,,,
3570aa37-f91b-4ec8-8f10-863a97083577,44444444444,SHOP_CREDIT,-3600.00,TESTE,,,,2026-08-20T02:08:34.528Z,,,,
357bd6f1-0f5c-4ad4-89df-e48dda392d3c,53281863159,SHOP_CREDIT,-330.51,Posto Shell,,,,2026-07-22T00:55:43.809Z,,,,
359873c4-7804-49cb-b747-2f6aa4c49a80,76726514039,SHOP_CREDIT,-309.68,Mercado Livre,,,,2026-07-22T16:09:50.068Z,,,,
35e99d23-a20e-4cf5-859c-9b07f226e7ed,42194343806,DEPOSIT,9900.00,Deposito administrativo,,,,2026-08-18T01:23:28.404Z,,,,
3656200e-dc70-4eac-bd04-e2a96bbea9e8,17693911189,SHOP_CREDIT,-96.19,Posto Shell,,,,2026-07-24T16:09:49.509Z,,,,
368c9411-4384-4bda-8f4d-8daa5ea6512b,98215828507,SHOP_CREDIT,-860.19,Farmacia Pague Menos,,,,2026-07-05T18:00:00.000Z,,,,
36ad5956-7da5-4768-b04b-6553712ba76c,12345678901,SUBSCRIPTION,-14.90,amazon,,,,2026-07-26T06:00:03.601Z,,,,
36f34e38-2100-4c89-8839-bb7c131ffe7a,11879646706,SHOP_CREDIT,-312.91,Uber,,,,2026-07-24T20:07:38.989Z,,,,
370cf168-1a96-4f56-bef5-36efd48e4138,27888186700,SHOP_CREDIT,-301.93,Zara,,,,2026-07-21T00:55:48.810Z,,,,
38070b5e-6544-48ec-8edc-283f3a5080d2,12310012300,SUBSCRIPTION,-29.90,Assinatura Netflix Mensal,,,,2026-08-11T06:00:01.725Z,,,,
387bb857-db27-402f-a9a5-57c469875b11,12310012300,SUBSCRIPTION,-49.90,Plano Premium Recorrente,,,,2026-08-08T06:00:01.746Z,,,,
3893f9ec-6a0b-4c7a-95cb-17c289e0f597,27888186700,SHOP_CREDIT,-226.45,Uber,,,,2026-07-26T00:55:48.815Z,,,,
38c4b57e-fb65-477a-ae8a-f11eb172a18f,16266323249,SHOP_CREDIT,-357.80,Amazon BR,,,,2026-07-18T16:09:47.668Z,,,,
38fda9b9-f185-4fd7-837e-e160b1e2386d,99999999999,SHOP_CREDIT,-1050.00,TV 55 polegadas,,,,2026-07-21T15:17:22.742Z,,,,
390c9b0a-9323-408a-bb4f-745c054b78c4,77148062578,SHOP_CREDIT,-220.48,Mercado Livre,,,,2026-07-29T05:38:53.802Z,,,,
39923f65-7083-41d8-bee4-e697af6a20f0,81698023189,SHOP_CREDIT,-241.00,Amazon BR,,,,2026-07-20T16:09:46.937Z,,,,
3a69052e-33a1-4aa0-b13a-96ee7ed192a6,26986473966,SHOP_CREDIT,-176.60,iFood,,,,2026-07-18T16:09:47.954Z,,,,
3a9b57f2-8d02-4a12-bf36-d3a1f81fd455,58480256907,SHOP_CREDIT,-425.94,Spotify,,,,2026-07-29T02:49:44.671Z,,,,
3ae2a642-d113-4370-bbc0-65a55d8fc1ff,20092389589,SHOP_CREDIT,-141.75,Amazon BR,,,,2026-08-09T02:40:40.556Z,,,,
3ae9b397-6d31-4f78-be67-fcc94ec444a5,73012176728,SHOP_CREDIT,-237.26,Netflix,,,,2026-07-22T00:55:47.605Z,,,,
3aeab887-cc69-42d5-a1a6-137532f0f78b,15803041416,SHOP_CREDIT,-312.25,Amazon BR,,,,2026-08-05T04:55:31.699Z,,,,
3b1b91aa-aba0-41b2-8003-467b7c0b319e,42681570697,SHOP_CREDIT,-142.97,iFood,,,,2026-07-26T06:39:41.119Z,,,,
3b34fdda-f8ce-4b4a-8f1a-944225b38f54,66414169091,SHOP_CREDIT,-93.35,Posto Shell,,,,2026-07-26T00:55:47.407Z,,,,
3b8badd1-d4c6-40c6-9a95-c643ea840ccf,12558823280,SUBSCRIPTION,-29.90,Assinatura Netflix Mensal,,,,2026-08-17T06:00:03.213Z,,,,
3baa53a2-d544-4823-ab49-ed80d788e9f6,51243235758,SHOP_CREDIT,-255.97,Amazon BR,,,,2026-07-25T00:55:47.955Z,,,,
3bd45dc5-6e44-4f66-bdb0-cf63ad1e2ce9,26775244657,SHOP_CREDIT,-144.23,Amazon BR,,,,2026-07-21T16:09:51.051Z,,,,
3bf0a5c3-943c-42aa-b11a-4c8a3e0e02a3,12345678901,SUBSCRIPTION,-79.90,HTV 7,,,,2026-07-22T00:21:50.062Z,,,,
3c02dff9-0e97-4165-b6bf-d7a93f42d679,12310012300,SUBSCRIPTION,-29.90,Assinatura Netflix Mensal,,,,2026-08-09T06:00:01.449Z,,,,
3c0cbc38-fab4-48ce-852c-b34be7f3bf05,17334727380,SHOP_CREDIT,-132.91,Posto Shell,,,,2026-07-21T00:55:43.903Z,,,,
3c182198-9ee6-438d-ba2e-e67c8ff62f91,77017682203,SHOP_CREDIT,-320.12,Mercado Livre,,,,2026-07-20T00:55:44.567Z,,,,
3c26e3a7-18bd-4850-99f0-4fd9d2bc2862,07817267197,SHOP_CREDIT,-179.09,Farmacia Pague Menos,,,,2026-07-21T00:55:46.545Z,,,,
3c799d34-bb9a-42ca-bc2c-da1187475733,45447544025,SHOP_CREDIT,-105.67,iFood,,,,2026-08-12T03:11:03.069Z,,,,
3d054193-4fcf-49c3-976c-24da154a4f01,92454501635,SHOP_CREDIT,-1290.29,Magazine Luiza,,,,2026-06-28T18:00:00.000Z,,,,
3d5eef28-b264-41be-9542-a001d551037b,77017682203,SHOP_CREDIT,-160.07,Uber,,,,2026-07-19T00:55:44.586Z,,,,
3db655fa-dc1f-4065-bb92-4b1a9b36452f,42194343806,SHOP_CREDIT,-143.15,Farmacia Pague Menos,,,,2026-07-19T05:13:29.883Z,,,,
3dbfaf5d-a3bc-4b65-8132-5a34863618a1,85246671844,SHOP_CREDIT,-127.44,iFood,,,,2026-07-24T00:55:49.035Z,,,,
3dc6b6f5-48ba-4761-b56e-9250282d2cd5,18011225638,SHOP_CREDIT,-158.20,Farmacia Pague Menos,,,,2026-07-23T16:09:50.029Z,,,,
3e2c7def-41b7-45b8-9bc3-afa0b89b8bdf,18011225638,SHOP_CREDIT,-182.06,Amazon BR,,,,2026-07-24T00:55:47.632Z,,,,
3e35820d-3314-44be-9432-f0d51dcb997c,45116448614,SHOP_CREDIT,-203.05,Magazine Luiza,,,,2026-07-17T16:09:47.515Z,,,,
3e63c28b-43a3-44a9-aa24-84ede043a748,12345678901,SUBSCRIPTION,-14.90,amazon,,,,2026-07-28T06:00:00.499Z,,,,
3ec66319-1841-4885-b24f-4f54b314a465,60107482754,SHOP_CREDIT,-371.42,Spotify,,,,2026-07-17T16:09:48.072Z,,,,
3ed1d589-18e1-47e8-b02a-e70e7cd6278b,66655544433,SHOP_CREDIT,-236.77,Posto Shell,,,,2026-07-24T00:55:48.094Z,,,,
3ef61c28-d366-4e69-8ff4-4f6884efbf47,26986473966,SHOP_CREDIT,-1720.38,Uber,,,,2026-06-28T18:00:00.000Z,,,,
3f065c26-41d0-4fb3-b30b-59c38b2845eb,11111111111,POINTS_EARNED,1.00,Pontos ganhos no shop,,,,2026-07-05T02:27:55.133Z,,,,
3f9ef49d-6dc4-4a59-9c79-07a22cfed3ee,12310012300,SUBSCRIPTION,-49.90,Plano Premium Recorrente,,,,2026-08-17T06:00:03.213Z,,,,
3fbb1908-f306-493f-9d31-0530a4a07b0d,20250513611,DEPOSIT,15000.00,Deposito administrativo,,,,2026-08-09T23:16:49.513Z,,,,
4001239b-2514-4a96-810f-503f9326376a,34310951783,SHOP_CREDIT,-270.04,Posto Shell,,,,2026-07-25T06:39:18.503Z,,,,
40092ab3-18f2-4626-bb57-2fe05cce9c9c,37810513150,INVOICE_PAYMENT,-5227.39,Pagamento fatura,,,,2026-08-14T23:05:31.675Z,,,,c40f9cb4-1798-4343-9754-582ef0a85922
4052f8e6-38e0-4876-998c-3dbd493eb22b,48431018434,SHOP_CREDIT,-119.58,Uber,,,,2026-07-25T00:55:43.759Z,,,,
40557898-6ed7-4780-8e17-43bd582b2dfb,73129536620,SHOP_CREDIT,-182.59,Uber,,,,2026-07-24T00:55:48.508Z,,,,
4144ac70-c864-4b4d-ac8f-b76f9fc9ff6f,11879646706,INVOICE_PAYMENT,-1651.69,Pagamento fatura,,,,2026-08-14T00:42:26.946Z,,,,0ca9df5d-9f87-456e-896b-28181f500ce5
41b027a8-d027-4071-a465-078ed1c21781,66414169091,SHOP_CREDIT,-200.59,Amazon BR,,,,2026-07-20T16:09:49.869Z,,,,
421ab041-cc21-43e4-a1eb-1ae65ff8ba46,68141495240,SHOP_CREDIT,-230.15,iFood,,,,2026-07-21T00:55:48.763Z,,,,
422c36d7-9424-4966-bde0-b969cc8685c6,64332859618,SHOP_CREDIT,-319.67,Magazine Luiza,,,,2026-07-21T00:55:44.380Z,,,,
4247e794-0bf6-4aed-9a10-ff6cd007ecfc,65207037706,SHOP_CREDIT,-340.84,Spotify,,,,2026-08-05T04:48:20.366Z,,,,
4257cf46-a3b8-467e-82fc-92909aefb6f4,05458223608,SHOP_CREDIT,-1575.00,teste,,,,2026-08-12T22:55:20.632Z,,,,
425bf44b-3e6f-45ec-b721-cb3daf43f6f6,11111111111,DEPOSIT,5000.00,Deposito administrativo,,,,2026-07-07T04:19:49.599Z,,,,
42791ba4-948a-4cbc-bbcb-57dcff3620b8,20250513611,POINTS_EARNED,25.00,Pontos ganhos no shop,,,,2026-08-14T12:27:29.355Z,,,,
42dbe1c5-a892-4f4a-9664-f3aacfd3f090,27646660477,SHOP_CREDIT,-337.99,Magazine Luiza,,,,2026-07-19T16:09:49.061Z,,,,
43920155-cbb6-4ae9-bc9e-6cac4d21c63a,76671725950,SHOP_CREDIT,-1720.38,Amazon BR,,,,2026-07-01T18:00:00.000Z,,,,
445ab3db-bb54-4eec-8269-4d288c84ab0d,35417211460,SHOP_CREDIT,-201.89,Posto Shell,,,,2026-08-13T03:09:17.313Z,,,,
44983442-fc79-4194-8795-85ebe4f404c4,57855482407,SHOP_CREDIT,-155.02,Posto Shell,,,,2026-08-10T02:43:29.429Z,,,,
44ce5207-f19f-4b55-a4db-751cac87adca,85246671844,SHOP_CREDIT,-379.25,Farmacia Pague Menos,,,,2026-07-22T16:09:51.017Z,,,,
450a84b0-587c-420b-9f4f-aa78bbd50020,93544490340,SHOP_CREDIT,-163.04,Mercado Livre,,,,2026-07-24T04:27:22.160Z,,,,
4561d90c-918d-4f5c-bb58-91287372f2cc,73129536620,SHOP_CREDIT,-136.94,Netflix,,,,2026-07-22T00:55:48.513Z,,,,
456e6e26-f5f3-4d2e-8359-a6cb4072b6be,72856446096,SHOP_CREDIT,-145.02,iFood,,,,2026-07-22T00:55:47.583Z,,,,
458577df-fa67-413a-a590-7bc6f06f1ea3,20250513611,SHOP_CREDIT,-3999.90,Smartphone Fintech X,,,,2026-08-14T01:43:26.431Z,,,,
4591ee95-eee5-4f3c-a597-5465c35d4a08,99999999999,SHOP_DEBIT,-11.11,teste,,,,2026-07-20T05:30:37.848Z,,,,
459e1b5c-1481-4b4b-92a8-f883dfd6e3a7,81722521295,SHOP_CREDIT,-115.18,Amazon BR,,,,2026-07-20T16:09:50.994Z,,,,
4634721d-cac9-4382-9eb4-9e92f563d59f,07817267197,SHOP_CREDIT,-89.55,iFood,,,,2026-07-20T00:55:46.591Z,,,,
475c3f9f-ddf0-4293-8af4-aaed7c775793,65451936372,SHOP_CREDIT,-323.75,Uber,,,,2026-07-21T16:09:49.780Z,,,,
477a86a1-cf5e-4410-87f1-b0c4e973ebdd,44794065574,SHOP_CREDIT,-92.61,iFood,,,,2026-07-24T00:55:44.036Z,,,,
47c025fc-2f12-4f91-9e3c-f84bf7c52918,20250513611,SHOP_CREDIT,-799.00,AeroView 4K Drone,,,,2026-08-14T01:46:12.977Z,,,,
47c29cbe-bd2c-42ea-8672-cc55fa4c6e39,74929424194,SHOP_CREDIT,-1290.29,Posto Shell,,,,2026-07-08T18:00:00.000Z,,,,
47f5c4b4-4f8c-4fa9-b21a-b1ab97499391,17334727380,SHOP_CREDIT,-199.37,Uber,,,,2026-07-22T00:55:43.899Z,,,,
483cfb76-f5a0-4ff6-99f4-b048c1cc45c2,48318883543,SHOP_CREDIT,-1720.38,Spotify,,,,2026-06-28T18:00:00.000Z,,,,
4854f4db-850a-4ec4-b35b-a26699828e21,77751515015,SHOP_CREDIT,-215.10,Amazon BR,,,,2026-08-04T04:55:15.442Z,,,,
48afa1cc-b19d-4881-8ac9-960713322135,43838315910,SHOP_CREDIT,-307.84,Zara,,,,2026-07-22T00:55:44.414Z,,,,
48cdc5ee-4579-4bb4-a1c5-418ec190aa9a,25713468361,SHOP_CREDIT,-326.42,Amazon BR,,,,2026-07-22T16:09:50.112Z,,,,
4935a838-c1a9-4812-b233-3cf49bbb2183,02915062919,SHOP_CREDIT,-173.93,Zara,,,,2026-07-23T02:49:02.123Z,,,,
493a1c5d-a035-4baf-8188-a9887f50098f,12345678901,SUBSCRIPTION,-79.90,HTV 7,,,,2026-07-28T06:00:00.499Z,,,,
497f2d1b-fac2-4215-bcc3-d18e932da1dc,12345678901,SHOP_CREDIT,-288.77,Posto Shell,,,,2026-07-23T00:55:43.770Z,,,,
49943ff0-ef73-4461-bc4e-1134df7d6962,33522298364,SHOP_CREDIT,-339.60,Mercado Livre,,,,2026-07-17T16:09:49.740Z,,,,
49b8b830-0551-47c8-b7c2-07d2e2fa3509,12345678901,SUBSCRIPTION,-79.90,HTV 7,,,,2026-07-30T06:00:03.001Z,,,,
49f76485-25ea-4f8e-b479-7da0b0ba98bf,42681570697,SHOP_CREDIT,-214.45,Netflix,,,,2026-07-25T06:39:41.085Z,,,,
4a19f4a7-8fad-49a7-89e9-dd2192927abe,12345678901,SUBSCRIPTION,-79.90,HTV 7,,,,2026-07-22T06:00:00.225Z,,,,
4aa642fe-162d-4aac-b6c9-cf85456da973,88339779788,SHOP_CREDIT,-171.94,Amazon BR,,,,2026-07-22T00:55:45.867Z,,,,
4ab3041f-ff44-4550-ac03-18691650e6fb,88877766655,SHOP_CREDIT,-210.71,iFood,,,,2026-07-24T00:55:48.117Z,,,,
4ac53e16-029e-4ced-aa4d-b4bd9373a48c,11111111111,SHOP_CREDIT,-10.64,[SIM] Volt Market,,,,2026-07-19T18:43:57.660Z,cancelled,,,
4b8d95dd-ea1f-451b-a360-f02f0606644d,05458223608,SHOP_CREDIT,-104.74,Uber,,,,2026-07-22T16:09:49.559Z,,,,
4bc4ae93-5658-4dbc-9141-6372035d5859,98765432100,SHOP_CREDIT,-156.09,Magazine Luiza,,,,2026-07-21T00:55:47.876Z,,,,
4bf6621a-1bec-485d-9c5b-725833ff89d7,24719788947,SHOP_CREDIT,-194.39,Uber,,,,2026-07-18T16:09:51.114Z,,,,
4c10c4bb-beab-49f1-83f1-8ff4cb988ea5,17693911189,SHOP_CREDIT,-440.00,Netflix,,,,2026-07-22T00:55:45.472Z,,,,
4c232d37-e448-4a13-bdd7-91b6129d45c5,12345678901,SUBSCRIPTION,-79.90,HTV 7,,,,2026-07-26T06:00:03.601Z,,,,
4c814f77-a083-4df8-9145-031775947599,01086796160,SHOP_CREDIT,-329.35,iFood,,,,2026-08-11T03:11:45.775Z,,,,
4ccd03d9-ce5e-4505-81b5-c018b9865e9f,27234768980,SHOP_CREDIT,-181.83,Magazine Luiza,,,,2026-07-19T00:55:44.434Z,,,,
4ce7390e-d4eb-4b96-a038-a25878baec1e,38882777448,SHOP_CREDIT,-411.44,Magazine Luiza,,,,2026-07-24T16:09:50.761Z,,,,
4cfc296a-93e6-482f-a92c-76dc07511670,12558823280,SUBSCRIPTION,-29.90,Assinatura Netflix Mensal,,,,2026-08-19T06:00:11.901Z,,,,
4d48d621-0c2b-4b9b-ab0e-4134e40e180e,42681570697,SHOP_CREDIT,-860.19,Netflix,,,,2026-07-03T18:00:00.000Z,,,,
4d78cb5e-dde8-4be8-ac5d-ddff442d5c63,12923841310,SHOP_CREDIT,-341.68,Posto Shell,,,,2026-08-12T04:42:19.258Z,,,,
4dba3643-9f82-48c0-be89-ec24551071b3,24662236606,SHOP_CREDIT,-214.19,Zara,,,,2026-07-26T00:55:43.972Z,,,,
4dd11efc-b41f-4985-8c27-a423203fc886,68141495240,SHOP_CREDIT,-306.87,Zara,,,,2026-07-22T00:55:48.758Z,,,,
4dda3316-5c45-4189-a00d-1ca591e8c44d,68737946439,SHOP_CREDIT,-1290.29,iFood,,,,2026-07-06T18:00:00.000Z,,,,
4dea7eeb-9dc7-4e6f-8916-1601c5ade2c7,37107075012,SHOP_CREDIT,-137.67,Spotify,,,,2026-08-03T02:33:06.289Z,,,,
4e2c14e2-187f-4414-978b-5cc2ce6fcb64,93852856961,SHOP_CREDIT,-383.67,Posto Shell,,,,2026-07-18T16:09:47.284Z,,,,
4e56a746-1d32-469b-b1b4-8146e722be4f,77777777777,SHOP_CREDIT,-860.19,Mercado Livre,,,,2026-06-27T18:00:00.000Z,,,,
4e808fa3-ed68-411f-85c3-baa9f76a1a66,99999999999,INVOICE_PAYMENT,-399.99,Pagamento fatura (estornado ao saldo - auditoria 27/07),,,,2026-08-27T02:59:59.999Z,cancelled,,,
4eb23827-0b29-4b8f-a212-6b68422a4a41,16266323249,SHOP_CREDIT,-860.19,Zara,,,,2026-06-29T18:00:00.000Z,,,,
4eb4631a-3b24-4ab3-9101-39442fc8118b,12902848900,SHOP_CREDIT,-382.10,Amazon BR,,,,2026-07-21T00:55:45.451Z,,,,
4edacd52-e3ac-48b6-a092-015ac7bd7d8c,90917191782,SHOP_CREDIT,-384.04,Zara,,,,2026-07-26T00:55:45.886Z,,,,
4eea71c8-b913-4761-b398-4622a79d757c,15351515369,SHOP_CREDIT,-203.47,Mercado Livre,,,,2026-07-26T04:28:15.005Z,,,,
4eece2df-6582-4cd6-bec1-2eebba620060,12558823280,PAYMENT,-29.90,Pagamento Recorrente: Assinatura Netflix Mensal (Débito em Conta),,,,2026-08-08T18:42:24.151Z,,,,
4ef61b92-18ea-40d2-983b-563326eff42e,64866656883,SHOP_CREDIT,-120.39,Netflix,,,,2026-07-18T16:09:51.083Z,,,,
4f82a4f6-76ab-4a49-ba99-8136529367c3,12310012300,SHOP_CREDIT,-42.00,Teste 12x juros D,,,,2026-08-08T01:47:41.657Z,,,,
4ff6d468-f6e9-450d-a1af-afa6c3e9b7e4,34715548313,SHOP_CREDIT,-181.39,Zara,,,,2026-07-20T16:09:48.490Z,,,,
4ffb0312-1d58-48f9-8755-82a6bc63fb45,65184684166,SHOP_CREDIT,-860.19,Posto Shell,,,,2026-06-28T18:00:00.000Z,,,,
50050f9a-f347-4411-a0fe-14467d5469aa,44444444444,INVOICE_INSTALLMENT,-1200.00,TESTE (1/3),,,,2026-08-20T08:08:34.520Z,,,,
501ed480-a5a1-4356-90a5-04dafa5ade23,81722521295,SHOP_CREDIT,-230.37,Amazon BR,,,,2026-07-19T16:09:50.986Z,,,,
502bde9a-a266-414d-bba3-e6342ba94a58,07154153601,SHOP_CREDIT,-1720.38,iFood,,,,2026-07-18T18:00:00.000Z,,,,
504b1dae-9095-4945-983b-41710e600a93,81698023189,SHOP_CREDIT,-355.74,Uber,,,,2026-07-20T00:55:43.604Z,,,,
50a7dfc4-f54b-4f9f-a510-081358fddf10,11879646706,SHOP_CREDIT,-316.87,iFood,,,,2026-07-24T00:55:43.733Z,,,,
50b20f93-08bb-4cab-8b29-1716238003dd,72856446096,SHOP_CREDIT,-1720.38,Amazon BR,,,,2026-06-27T18:00:00.000Z,,,,
50d0d12e-2162-42d5-ac28-463a6a811502,77148062578,SHOP_CREDIT,-110.23,Magazine Luiza,,,,2026-07-28T05:38:53.811Z,,,,
50fd4314-13e5-44d4-bb1e-ea0b5b8348ed,12310012300,SHOP_CREDIT,-42.00,Teste 12x juros validado,,,,2026-08-08T01:47:24.220Z,,,,
510f1dc5-1748-46b8-a93f-d58ec03004a6,20092389589,SHOP_CREDIT,-70.88,iFood,,,,2026-08-08T02:40:40.569Z,,,,
5112e2aa-bb9e-4fa6-b0cf-84c5da91ccb7,07154153601,SHOP_CREDIT,-307.84,Uber,,,,2026-08-12T03:45:26.555Z,,,,
51b07d10-191f-4f61-916e-d8a6e898e825,68737946439,SHOP_CREDIT,-860.19,Posto Shell,,,,2026-07-03T18:00:00.000Z,,,,
51e48b67-6033-41a8-96d2-e3467e444fb9,27234768980,SHOP_CREDIT,-103.29,Farmacia Pague Menos,,,,2026-07-18T16:09:48.174Z,,,,
51e7c63d-07cd-4f19-9eb1-52cff7c47077,12310012300,SHOP_DEBIT,-10.00,Teste compra debito correcao 5 itens,,,,2026-08-08T00:43:22.858Z,,,,
522d4a36-bb77-4f98-b471-fe6038ece1cb,45447544025,SHOP_CREDIT,-158.50,Zara,,,,2026-08-12T03:11:03.064Z,,,,
5231b34f-ca1c-4ef4-a531-1225f0f51e6d,71078566429,SHOP_CREDIT,-331.65,iFood,,,,2026-07-22T00:55:45.765Z,,,,
527547c9-fad2-4e2c-9f21-5901e60874d1,11111111111,POINTS_EARNED,7.00,Pontos ganhos no shop,,,,2026-07-05T02:26:51.295Z,,,,
529dc918-1837-4d8c-882b-ce1c223881a1,12310012300,SUBSCRIPTION,-29.90,Assinatura Netflix Mensal,,,,2026-08-11T03:44:51.805Z,,,,
52aba14e-6872-420e-80b3-ea36104b201a,12345678901,SUBSCRIPTION,-14.90,amazon,,,,2026-07-30T06:00:03.001Z,,,,
52b6f99d-b621-4672-adf3-8dcc558f1482,65184684166,SHOP_CREDIT,-114.29,Mercado Livre,,,,2026-07-24T00:55:47.202Z,,,,
52c38194-870e-42fc-aa4b-6406c68dee34,64332859618,SHOP_CREDIT,-426.23,iFood,,,,2026-07-21T00:55:44.375Z,,,,
52de2695-7d23-4506-8d4b-4300bb3dece3,11111111111,SHOP_CREDIT,-88.80,[SMOKE] Assinatura,,,,2026-07-19T20:26:21.958Z,cancelled,,78eccc10-f001-49e8-965e-a65f0665f158,
532e2130-99de-4d25-bf5e-f7c338a22a0c,99999999999,PIX_SENT,-2500.00,Carga para quitacao fatura,,99839938466,99839938466,2026-07-27T16:13:47.151Z,,,,
534313c6-8dc4-4a46-b5df-1e57a2cc94b8,01086796160,SHOP_CREDIT,-247.01,iFood,,,,2026-08-15T03:11:45.781Z,,,,
535d6029-d5a1-44a9-9d6b-059120dd866c,24930613945,SHOP_CREDIT,-102.75,Magazine Luiza,,,,2026-07-20T16:09:49.911Z,,,,
53ff956e-a0d0-4d61-bd8b-f718cf4049b1,20092389589,SHOP_CREDIT,-860.19,Netflix,,,,2026-07-20T18:00:00.000Z,,,,
5457d0f8-759a-4b08-bd76-412848ef02ee,12345678901,SUBSCRIPTION,-14.90,amazon,,,,2026-07-25T06:00:00.198Z,,,,
54685ff2-fe9c-432e-8536-94382836c88e,12345678901,SUBSCRIPTION,-79.90,HTV 7,,,,2026-08-01T06:00:01.689Z,,,,
54acb803-cba8-4604-b481-326dd784c588,28818393472,SHOP_CREDIT,-92.91,Spotify,,,,2026-07-22T00:55:48.972Z,,,,
54ae18bb-214a-4d82-8890-2e753ac8f726,12345678901,SUBSCRIPTION,-14.90,amazon,,,,2026-08-05T06:00:01.620Z,,,,
54f91863-685e-49bf-9c2f-27c22c673d3d,74929424194,SHOP_CREDIT,-860.19,Uber,,,,2026-07-08T18:00:00.000Z,,,,
553f60ca-e9ad-4989-a761-a3121271880a,12310012300,SUBSCRIPTION,-49.90,Plano Premium Recorrente,,,,2026-08-19T06:00:11.901Z,,,,
55561493-3b18-489f-b7d4-f0126c68f231,82499572612,SHOP_CREDIT,-180.52,Netflix,,,,2026-07-23T16:09:50.437Z,,,,
557a7242-799e-47e7-b8ed-04531764e961,20250513611,SHOP_CREDIT,-167.98,Magazine Luiza,,,,2026-07-26T00:55:46.475Z,,,,
5587aa76-dfb0-4b01-85b9-ed27e4d5f23e,12310012300,SHOP_CREDIT,-10.50,teste com juros,,,,2026-08-08T00:14:15.639Z,,,,
559572d8-cbc6-4abe-aee6-7bd538945a37,16266323249,SHOP_CREDIT,-111.32,Uber,,,,2026-07-24T00:55:44.089Z,,,,
56595187-2ea8-4eed-a931-ea2be7ee0fd6,77355277308,SHOP_CREDIT,-195.84,Netflix,,,,2026-07-24T16:09:48.251Z,,,,
56809548-a2ed-4258-aeb6-6d74e90941e3,77355277308,SHOP_CREDIT,-164.24,Farmacia Pague Menos,,,,2026-07-20T00:55:44.452Z,,,,
56b59fb2-208b-44be-9f7f-bc18f02d2081,96873928860,SHOP_CREDIT,-315.30,Netflix,,,,2026-08-02T01:39:36.135Z,,,,
574a2574-a3f0-49ed-860a-fecd87d04bc9,89287038082,SHOP_CREDIT,-158.43,Farmacia Pague Menos,,,,2026-08-15T03:45:17.407Z,,,,
577dbb8a-d988-42bd-8f4a-9177c04c2f3d,11111111111,POINTS_EARNED,3.00,Pontos ganhos no shop,,,,2026-07-16T04:04:14.487Z,,,,
57ad6062-a2b6-4a18-9e5f-c887cb388670,38160081359,SHOP_CREDIT,-318.27,Posto Shell,,,,2026-07-26T02:50:09.531Z,,,,
57d30ad2-5ef1-4458-ba2f-d4dae5cb3aab,88339779788,SHOP_CREDIT,-238.89,Amazon BR,,,,2026-07-22T16:09:48.833Z,,,,
5827e402-9cdf-4bbd-b8ee-bb8dc70a0ca7,12345678901,SHOP_CREDIT,-1500.00,Bike Winnek Pro,,,,2026-07-22T02:13:13.843Z,,,,
58314cb4-dde4-406c-a5aa-8bb02f647d40,16266323249,SHOP_CREDIT,-1290.29,Farmacia Pague Menos,,,,2026-06-28T18:00:00.000Z,,,,
58c55f26-353e-490f-a62e-c800eb045336,51742065392,SHOP_CREDIT,-273.08,Uber,,,,2026-07-31T04:28:26.106Z,,,,
599b3c61-e85f-454e-9dcb-fe27bef2eee4,61369613180,SHOP_CREDIT,-401.08,Mercado Livre,,,,2026-07-24T16:09:48.296Z,,,,
59b83cc0-d342-4593-979f-304733846822,12310012300,SUBSCRIPTION,-29.90,Assinatura Netflix Mensal,,,,2026-08-16T17:20:48.580Z,,,,
59e33e16-8290-4ab1-b93e-2c5931522fad,73129536620,SHOP_CREDIT,-187.68,Magazine Luiza,,,,2026-07-21T05:12:41.368Z,,,,
59f9279a-6a4b-4aaa-ac2c-ad293b308ff7,36072364535,SHOP_CREDIT,-860.19,Farmacia Pague Menos,,,,2026-07-09T18:00:00.000Z,,,,
5a3e6aeb-fa8f-4ad8-9119-5da18be56235,77777777777,SHOP_CREDIT,-168.00,Uber,,,,2026-07-25T00:55:48.587Z,,,,
5a9e8251-2501-449b-a1d5-689c530ce948,27888186700,SHOP_CREDIT,-1720.38,Netflix,,,,2026-07-02T18:00:00.000Z,,,,
5b307c93-2589-4502-b6a1-fc540c3841db,18642038977,SHOP_CREDIT,-1720.38,iFood,,,,2026-07-23T18:00:00.000Z,,,,
5c0e7ed9-bb69-432b-96d4-372a47108ada,42111679011,SHOP_CREDIT,-169.92,Magazine Luiza,,,,2026-07-26T00:55:48.426Z,,,,
5c1f9ae0-d085-4bcb-ae1f-677d1ab85c7e,77551164685,SHOP_CREDIT,-326.84,Spotify,,,,2026-07-21T16:09:48.344Z,,,,
5c2b9337-56e2-45c1-8c7c-1006ebaf8a3b,46945365409,SHOP_CREDIT,-173.17,Posto Shell,,,,2026-07-27T02:48:47.375Z,,,,
5c32dbc5-8dad-4f80-81a9-ef8bd6434ef7,28832869497,SHOP_CREDIT,-860.19,Zara,,,,2026-07-02T18:00:00.000Z,,,,
5c991a78-f6c1-44a3-9775-9711e8eb7de3,80417045181,SHOP_CREDIT,-205.07,iFood,,,,2026-07-20T00:55:48.152Z,,,,
5cb57a76-3cf2-4cc3-abfa-57f1fe9dd7be,42194343806,SHOP_CREDIT,-214.72,iFood,,,,2026-07-24T05:13:29.878Z,,,,
5d072ae1-305a-461d-8989-ff4342ff3120,24930613945,SHOP_CREDIT,-1290.29,Amazon BR,,,,2026-06-30T18:00:00.000Z,,,,
5d09665d-6b21-4e99-b39f-5c83dba6596e,96873928860,SHOP_CREDIT,-157.65,Farmacia Pague Menos,,,,2026-08-02T01:39:36.144Z,,,,
5d43a5f5-0bbd-416e-94c9-5b8181f4fe82,98215828507,SHOP_CREDIT,-3600.00,teste,,,,2026-08-17T13:03:51.351Z,,,,
5d4a267e-a3ec-4e7e-9f3f-257319adc31d,33333333333,PIX_SENT,-10.00,teste,,11111111111,11111111111,2026-07-18T04:05:50.533Z,,,,
5d4d3c19-ae20-47ca-a250-1b46c9903d81,61369613180,SHOP_CREDIT,-165.54,Amazon BR,,,,2026-07-22T00:55:44.473Z,,,,
5d97b335-d695-4931-836a-04c9034079b3,60107482754,SHOP_CREDIT,-278.56,Uber,,,,2026-07-18T16:09:48.078Z,,,,
5dc180a9-c288-42a6-90dc-37256657d1a7,65184684166,DEPOSIT,10000.00,Deposito administrativo,,,,2026-08-18T01:31:08.213Z,,,,
5e8d388f-06c3-4b57-90fa-1054da33d188,12345678901,SUBSCRIPTION,-79.90,HTV 7,,,,2026-07-24T06:00:00.948Z,,,,
5ea39078-3d61-49b7-9490-7983385c744c,41750109719,SHOP_CREDIT,-1720.38,Uber,,,,2026-07-24T18:00:00.000Z,,,,
5ef4583d-8886-4bd7-b1e9-3b4965d3950c,98765432100,SHOP_CREDIT,-273.12,iFood,,,,2026-07-18T16:09:50.228Z,,,,
5f094938-cfea-4c2a-ac5b-a3f5f7e173a0,72856446096,SHOP_CREDIT,-422.26,Spotify,,,,2026-07-19T16:09:49.945Z,,,,
5fe10efd-ed9e-41ba-9550-7e15e412c16c,37810513150,SHOP_CREDIT,-301.12,Magazine Luiza,,,,2026-07-19T16:09:47.875Z,,,,
60885e9d-6309-47e7-82d7-384a3d0bcb23,38160081359,SHOP_CREDIT,-238.70,Posto Shell,,,,2026-07-29T02:50:09.535Z,,,,
610e1006-3f8e-49dc-b9b2-7e4014acefb8,64332859618,SHOP_CREDIT,-259.40,iFood,,,,2026-07-18T16:09:48.016Z,,,,
61f2845c-94de-4fd5-ab1e-f7b874c08356,44444444444,SHOP_CREDIT,-223.40,Magazine Luiza,,,,2026-07-23T00:55:48.013Z,,,,
62884c18-37b4-4c61-bce6-952e04d28f5f,73129536620,SHOP_CREDIT,-93.85,Farmacia Pague Menos,,,,2026-07-20T05:12:41.386Z,,,,
62c41a87-6e34-41a0-b148-642c50388341,08025476561,SHOP_CREDIT,-860.19,Spotify,,,,2026-07-14T18:00:00.000Z,,,,
631a88ba-a4cd-4198-acd9-c68e15a199b1,86236132526,SHOP_CREDIT,-282.80,Mercado Livre,,,,2026-07-24T00:55:48.360Z,,,,
636cfda8-d16e-41b4-a921-0dad8ca42e36,76671725950,SHOP_CREDIT,-172.27,Zara,,,,2026-07-26T00:55:44.142Z,,,,
63c6d968-fdb8-4adc-904f-fb6258f3674a,28818393472,SHOP_CREDIT,-185.81,Magazine Luiza,,,,2026-07-23T00:55:48.966Z,,,,
64a27a2e-d056-4811-bd06-c6f724fad270,72856446096,SHOP_CREDIT,-316.69,Magazine Luiza,,,,2026-07-20T16:09:49.949Z,,,,
650934a4-93ed-4845-8171-7f9b529d9ed6,16266323249,DEPOSIT,6000.00,Deposito administrativo,,,,2026-08-08T17:30:30.092Z,,,,
650d84fb-1591-48a8-ba83-bfc5325fbebd,28832869497,SHOP_CREDIT,-283.23,Farmacia Pague Menos,,,,2026-07-24T16:09:50.391Z,,,,
65138a00-bd29-491c-b7ae-9246fd2c29ab,12345678901,SUBSCRIPTION,-14.90,amazon,,,,2026-08-07T06:00:01.393Z,,,,
653e9ee2-88e3-4a38-9183-4550791c93a2,12345678901,SUBSCRIPTION,-14.90,amazon,,,,2026-08-01T06:00:01.689Z,,,,
658e3b2b-371e-4f5c-b74d-e9d7fca0c35e,24719788947,SHOP_CREDIT,-388.79,iFood,,,,2026-07-24T16:09:51.107Z,,,,
65d4ca1d-f590-49c8-bed5-92d1f5df7d81,77529588591,SHOP_CREDIT,-84.83,Magazine Luiza,,,,2026-07-25T00:55:47.793Z,,,,
65e04c46-304c-4e6f-a5ed-dddc7fb3cd61,65184684166,INVOICE_PAYMENT,-1538.40,Pagamento minimo de fatura,,,,2026-08-18T01:31:46.988Z,,,,51c3bff0-2781-41f7-88b8-f82b583489c4
65f39255-5b33-4680-956a-d9679b733901,38882777448,SHOP_CREDIT,-205.72,Netflix,,,,2026-07-22T16:09:50.769Z,,,,
66a61dfd-73f0-46d0-b877-a37e8d28186c,48431018434,SHOP_CREDIT,-239.16,Uber,,,,2026-07-23T00:55:43.752Z,,,,
66bbf014-8587-4f56-af53-fbede0845794,38882777448,SHOP_CREDIT,-308.58,Amazon BR,,,,2026-07-23T16:09:50.765Z,,,,
66cb31f9-4f06-4fba-8399-386f13ca03d4,24930613945,SHOP_CREDIT,-1720.38,Uber,,,,2026-06-24T18:00:00.000Z,,,,
66dfee04-6edc-4533-9b35-da924941f78b,84585226834,SHOP_CREDIT,-239.66,Posto Shell,,,,2026-08-14T03:13:12.448Z,,,,
66f69e29-bfb7-49a5-b87d-0d05739e2972,11111111111,ESTORNO_FATURA,10.64,Estorno: [SIM] Volt Market,,,,2026-07-19T18:43:57.692Z,confirmed,4ac53e16-029e-4ced-aa4d-b4bd9373a48c,,
67185014-dcf0-4b07-a164-7c7db0148bf1,26775244657,SHOP_CREDIT,-1720.38,Spotify,,,,2026-07-01T18:00:00.000Z,,,,
674d47fa-6f72-487a-971a-99b227d548f4,12424713839,SHOP_CREDIT,-100.37,Zara,,,,2026-07-19T00:55:44.833Z,,,,
6777f497-372e-4b00-96ce-aea4487c82e4,89331225245,SHOP_CREDIT,-124.90,Mercado Livre,,,,2026-07-31T05:38:42.868Z,,,,
67b3f246-5171-4770-b92a-61fb2176218d,12424713839,SHOP_CREDIT,-176.89,iFood,,,,2026-07-19T16:09:48.577Z,,,,
67e1d8c3-0486-48a0-a065-200973733419,92454501635,SHOP_CREDIT,-860.19,Mercado Livre,,,,2026-06-29T18:00:00.000Z,,,,
6810d0ee-7091-4514-8094-69ec1a30df6a,88339779788,SHOP_CREDIT,-119.45,Netflix,,,,2026-07-22T16:09:48.852Z,,,,
68569398-d67f-42d4-a0ab-05c7e1235e17,42975897884,SHOP_CREDIT,-312.80,iFood,,,,2026-07-21T16:09:49.694Z,,,,
68725882-ab87-4ad2-bbb4-793f74c6a8df,99999999999,SHOP_CREDIT,-275.36,iFood,,,,2026-07-18T16:09:50.727Z,,,,
68d58c30-d77c-4f1b-b9ca-09acf7f3f492,15351515369,SHOP_CREDIT,-305.22,Netflix,,,,2026-07-24T04:28:15.001Z,,,,
690ec65f-a2a5-412c-ac74-4e2cedfd7ea0,02915062919,SHOP_CREDIT,-347.85,Amazon BR,,,,2026-07-29T02:49:02.116Z,,,,
6949952f-4634-4fbe-baa5-f39efee4a7fc,34272175349,SHOP_CREDIT,-234.48,iFood,,,,2026-07-22T16:09:48.617Z,,,,
69787e73-5f01-4286-889c-a8b91a5ff609,64332859618,SHOP_CREDIT,-172.93,Posto Shell,,,,2026-07-20T16:09:48.026Z,,,,
6a2bd79f-80e6-46c2-8beb-a790ab4cfa21,34715548313,SHOP_CREDIT,-272.07,Uber,,,,2026-07-22T16:09:48.486Z,,,,
6a329153-7f53-4467-abda-b7d8cb72cdb8,27888186700,SHOP_CREDIT,-409.99,Netflix,,,,2026-07-17T16:09:50.797Z,,,,
6a83cfb9-0e83-4a4d-8335-fdda7dbcb738,12310012300,SUBSCRIPTION,-29.90,Assinatura Netflix Mensal,,,,2026-08-08T04:54:32.158Z,,,,
6a9e4029-a635-46e0-9cc7-1523c8d49533,84979979998,SHOP_CREDIT,-1290.29,iFood,,,,2026-07-16T18:00:00.000Z,,,,
6af50958-f25a-4830-bae6-c46954daced3,75775457404,SHOP_CREDIT,-1720.38,Posto Shell,,,,2026-06-27T18:00:00.000Z,,,,
6aff53f4-a279-48a1-bd7b-d80b3c66aea1,24662236606,SHOP_CREDIT,-208.63,Magazine Luiza,,,,2026-07-19T16:09:47.565Z,,,,
6bc8db93-b4d7-49ce-91f6-17b28651adb2,92957697327,SHOP_CREDIT,-253.64,iFood,,,,2026-08-11T03:10:17.885Z,,,,
6c23ed26-6cfa-4ef4-8975-d83a4f4e890e,29910306743,SHOP_CREDIT,-160.84,Uber,,,,2026-07-31T21:15:42.738Z,,,,
6c4385ed-3205-456f-a1ad-db4c1b6de17b,95654548522,SHOP_CREDIT,-307.17,Uber,,,,2026-07-17T16:09:50.927Z,,,,
6c7ef982-46c0-468d-92c0-410182c858ba,12345678909,SHOP_CREDIT,-356.72,Uber,,,,2026-07-26T00:55:45.642Z,,,,
6c7f2c32-f7e1-4534-97ae-554bd709eeff,26700822386,SHOP_CREDIT,-1720.38,Posto Shell,,,,2026-07-13T18:00:00.000Z,,,,
6c97b1f3-35b4-4710-a9eb-d39121abf91c,80535757654,SHOP_CREDIT,-860.19,Magazine Luiza,,,,2026-07-01T18:00:00.000Z,,,,
6d1e09cc-b9e9-492f-94a7-e915f59e4d69,34715548313,SHOP_CREDIT,-308.83,Farmacia Pague Menos,,,,2026-07-22T00:55:44.699Z,,,,
6d84663b-ba81-4adb-bd92-2ba62ce7387c,11111111111,INVOICE_INSTALLMENT,-15.00,Jetset Carry-On Luggage (1/12),,,,2026-09-08T23:59:59.999Z,,,,
6dd99011-86aa-4985-81fe-64a19e9548d3,12310012300,SUBSCRIPTION,-29.90,Assinatura Netflix Mensal,,,,2026-08-10T06:00:00.426Z,,,,
6dfa9256-fe7f-4846-bd43-9a4f968f4f5e,28832869497,SHOP_CREDIT,-1720.38,iFood,,,,2026-06-29T18:00:00.000Z,,,,
6e206176-98bf-4636-96b4-b01a5ae77f74,38160081359,INVOICE_PAYMENT,-4427.83,Pagamento fatura,,,,2026-08-14T23:36:20.000Z,,,,a5a04fd5-775f-4771-80de-ead595cc284e
6e3f1fb2-48e0-4f9d-b9ff-820cb3bd90eb,85246671844,SHOP_CREDIT,-84.95,Netflix,,,,2026-07-22T00:55:49.038Z,,,,
6e523b57-2654-4b46-86e7-e6ba118d83bb,07154153601,SHOP_CREDIT,-153.91,Farmacia Pague Menos,,,,2026-08-11T03:45:26.562Z,,,,
6e556a3f-0ff0-47df-a463-ed0ed00c25a4,93852856961,SHOP_CREDIT,-287.75,Mercado Livre,,,,2026-07-23T16:09:47.290Z,,,,
6eafe617-3621-4b59-9bdc-e67a7a2178f9,38882777448,SHOP_CREDIT,-157.39,Mercado Livre,,,,2026-07-19T00:55:48.135Z,,,,
6f080fba-2db1-407a-a7c9-48075dfdcc61,42194343806,SHOP_CREDIT,-135.13,Amazon BR,,,,2026-07-23T00:55:44.367Z,,,,
6f416463-d554-4cac-b644-5e3611e75e5f,92957697327,SHOP_CREDIT,-169.10,Posto Shell,,,,2026-08-14T03:10:17.891Z,,,,
6f823e97-828e-451f-b0f8-1808cdab979d,78475680046,SHOP_CREDIT,-121.87,Magazine Luiza,,,,2026-07-21T00:55:48.710Z,,,,
6fc3b5c5-442f-45e2-813a-a39f53505b01,42194343806,SHOP_CREDIT,-1290.29,iFood,,,,2026-06-28T18:00:00.000Z,,,,
6fe1bcdd-9db6-4fac-82c4-8b0a8ae92b60,12310012300,SUBSCRIPTION,-49.90,Plano Premium Recorrente,,,,2026-08-12T06:00:03.965Z,,,,
7047143e-1246-4d45-a201-c02420b346ad,33522298364,SHOP_CREDIT,-254.70,Spotify,,,,2026-07-19T16:09:49.744Z,,,,
7085dd04-df9a-4ea2-804b-f600dd371a9c,07817267197,SHOP_CREDIT,-134.32,Posto Shell,,,,2026-07-20T00:55:46.558Z,,,,
70e4cef2-e123-41a0-b607-5514bb802880,24662236606,SHOP_CREDIT,-417.24,Spotify,,,,2026-07-19T16:09:47.555Z,,,,
7109b006-0f0a-48f6-97a1-dc716738c1c0,45116448614,SHOP_CREDIT,-406.84,Netflix,,,,2026-07-26T00:55:43.910Z,,,,
716a7aec-b859-4bfd-bdc9-ae6ce7be9e46,95167270006,SHOP_CREDIT,-94.83,iFood,,,,2026-07-27T05:39:32.877Z,,,,
719b0f11-f888-4ad4-a336-6b13ac28560e,73012176728,SHOP_CREDIT,-316.35,Mercado Livre,,,,2026-07-19T00:55:47.600Z,,,,
71df4229-6874-4f38-86fb-7cb2fa363548,41689983639,SHOP_CREDIT,-395.34,Spotify,,,,2026-07-22T00:55:43.789Z,,,,
722696fd-4568-42dd-9ea7-5545479f5684,27646660477,SHOP_CREDIT,-168.99,Amazon BR,,,,2026-07-17T16:09:49.071Z,,,,
72674329-a994-4da7-8bf2-b1b2e71dae21,85246671844,SHOP_CREDIT,-1290.29,Uber,,,,2026-06-28T18:00:00.000Z,,,,
72decd8b-01b3-4f4f-996b-58f035f4f412,24719788947,SHOP_CREDIT,-291.59,Magazine Luiza,,,,2026-07-17T16:09:51.110Z,,,,
73015450-6481-4269-b836-fb4e0f49eb66,43204282856,SHOP_CREDIT,-209.14,Uber,,,,2026-07-19T00:55:48.535Z,,,,
7366d9b2-8f94-4eda-8eb5-fc962ba1baec,28818393472,SHOP_CREDIT,-302.97,Farmacia Pague Menos,,,,2026-07-24T16:09:50.957Z,,,,
740eda78-36dd-4dfa-a08c-0e272ca4270a,16266323249,SHOP_CREDIT,-1720.38,Amazon BR,,,,2026-06-27T18:00:00.000Z,,,,
743c31e3-b503-4af9-89a9-4dfe7687307d,12310012300,SHOP_DEBIT,-10.00,Teste compra debito Buffy,,,,2026-08-08T00:39:21.221Z,,,,
74ac00a3-f786-4be1-a927-81b8c45b4738,42111679011,SHOP_CREDIT,-254.89,iFood,,,,2026-07-22T00:55:48.421Z,,,,
74bf330e-be27-47f3-8885-8b38816c3cc2,84823321987,SHOP_CREDIT,-249.72,Magazine Luiza,,,,2026-07-17T16:09:47.788Z,,,,
74d4602d-f661-413e-9858-8058287e1b09,34272175349,SHOP_CREDIT,-312.64,iFood,,,,2026-07-22T16:09:48.612Z,,,,
7576c1e6-8c6c-4aea-bb01-1ece80f65434,44444444444,SHOP_CREDIT,-297.87,Spotify,,,,2026-07-26T00:55:48.007Z,,,,
758d7d7b-1192-47a7-a7b1-890baddc0b59,85246671844,SHOP_CREDIT,-189.62,Uber,,,,2026-07-17T16:09:51.023Z,,,,
759de507-82d5-41fe-bbac-9a77e5dbe965,18956389652,SHOP_CREDIT,-172.13,Netflix,,,,2026-07-24T00:55:48.449Z,,,,
75c54962-d0e4-4834-b866-8ebeadea9da5,76671725950,SHOP_CREDIT,-91.61,Posto Shell,,,,2026-07-17T16:09:47.744Z,,,,
7605aebc-b1f6-4a28-9861-4a0a0af15168,11111111111,REFUND,1774.50,Estorno: MERCADO LIVRE (Original: ee0af3e5-472c-4984-b0c4-09578635ad18),,,,2026-07-20T17:55:15.402Z,,,,
760b1113-1508-41a8-b1a3-8a24cc6063e4,77355277308,SHOP_CREDIT,-109.49,Farmacia Pague Menos,,,,2026-07-19T00:55:44.456Z,,,,
76357b90-1b69-4129-8f51-25e44496a39d,49768246758,SHOP_CREDIT,-307.33,Mercado Livre,,,,2026-08-13T02:42:24.588Z,,,,
766b7f26-821c-4a88-8eb1-62560e8cce9a,48318883543,SHOP_CREDIT,-1290.29,iFood,,,,2026-07-03T18:00:00.000Z,,,,
76aa2f04-b829-4a13-b062-d095d5ac68d5,12310012300,SHOP_CREDIT,-860.19,Magazine Luiza,,,,2026-06-28T18:00:00.000Z,,,,
76c00040-25f2-41e8-a8cb-b188143aaf33,12345678909,SHOP_CREDIT,-267.54,Mercado Livre,,,,2026-07-20T00:55:45.652Z,,,,
76ded5dc-0ce3-4400-bc7f-d977fea6720f,65451936372,SHOP_CREDIT,-115.45,Spotify,,,,2026-07-19T00:55:47.284Z,,,,
775f4e16-451b-4913-8aa4-d7a0fb24a5d3,99999999999,SHOP_CREDIT,-1290.29,Amazon BR,,,,2026-06-30T18:00:00.000Z,,,,
77c08e65-212d-41e9-b17c-b7f648581af2,92454501635,SHOP_CREDIT,-206.67,Uber,,,,2026-07-25T00:55:49.206Z,,,,
77e474fb-23d2-40c2-9f4e-1530c95cd466,65184684166,SHOP_CREDIT,-332.96,Magazine Luiza,,,,2026-07-24T16:09:49.654Z,,,,
7819c51c-a850-4f07-853a-aa12d63ac900,88339779788,SHOP_CREDIT,-229.25,Amazon BR,,,,2026-07-19T00:55:45.860Z,,,,
78924938-4852-4b3e-802a-46be7f4aaa2e,27646660477,SHOP_CREDIT,-1290.29,Spotify,,,,2026-06-25T18:00:00.000Z,,,,
78c35bd0-71db-45f0-b92b-f183014afede,12310012300,SUBSCRIPTION,-49.90,Plano Premium Recorrente,,,,2026-08-16T17:20:48.580Z,,,,
7917cd28-cdc6-45f9-afb1-70f8599d6799,98765432100,SHOP_CREDIT,-234.14,Uber,,,,2026-07-22T00:55:47.871Z,,,,
79280a4f-46b6-4f00-9bdb-470acdbb7a52,68737946439,SHOP_CREDIT,-1720.38,Farmacia Pague Menos,,,,2026-07-01T18:00:00.000Z,,,,
793025ce-78d6-48d7-9748-a0aa8ca7e658,96873928860,SHOP_CREDIT,-236.47,Magazine Luiza,,,,2026-08-02T01:39:36.139Z,,,,
79d9de14-8737-46aa-a67b-69e6bff5dc14,20092389589,SHOP_CREDIT,-1720.38,Mercado Livre,,,,2026-07-21T18:00:00.000Z,,,,
79ef933b-8dd3-49c7-bb7c-ffb27d064e92,12310012300,SHOP_DEBIT,-18.00,Teste contrato novo send,,,,2026-08-08T01:19:24.368Z,,,,
7a0912ee-d30b-4c11-ad56-acf1da10a276,18956389652,SHOP_CREDIT,-286.01,Netflix,,,,2026-07-24T16:09:50.598Z,,,,
7a6c5940-f87a-4ded-81e4-11855519a329,12923841310,SHOP_CREDIT,-860.19,Amazon BR,,,,2026-07-18T18:00:00.000Z,,,,
7a80d426-cd35-47b4-b9b1-654ebeeb4434,11879646706,SHOP_CREDIT,-2400.00,SmathFone ,,,,2026-08-14T01:10:54.728Z,,,,
7ad6897e-855c-4eb6-bb8f-11c0c19252ae,53281863159,SHOP_CREDIT,-165.26,Uber,,,,2026-07-25T00:55:43.821Z,,,,
7b7e7814-c1d6-4297-8930-d69aaa33986c,12310012300,SUBSCRIPTION,-49.90,Plano Premium Recorrente,,,,2026-08-15T06:00:07.351Z,,,,
7bb59e1d-0b95-41e4-9192-f1a2d77fc8df,24662236606,SHOP_CREDIT,-107.09,Mercado Livre,,,,2026-07-26T00:55:43.981Z,,,,
7bbb295a-787b-4456-83d7-9bc5f7ef7570,37810513150,SHOP_CREDIT,-860.19,Amazon BR,,,,2026-06-28T18:00:00.000Z,,,,
7c5ad0c3-4b73-4a66-9f89-9334099593c6,37810513150,SHOP_CREDIT,-225.84,Posto Shell,,,,2026-07-22T16:09:47.882Z,,,,
7c712c42-0f09-4d2b-9777-7696c2b9e35c,76671725950,SHOP_CREDIT,-860.19,Farmacia Pague Menos,,,,2026-07-03T18:00:00.000Z,,,,
7cff1d27-d9d3-422f-bbf8-ef33dfd75318,67154864257,SHOP_CREDIT,-134.84,Posto Shell,,,,2026-07-24T00:55:48.867Z,,,,
7d78c25b-a130-4d56-8fa8-23808ecb11aa,11111111111,ESTORNO_DEBITO,42.50,Estorno: [SMOKE] Debito teste,,,,2026-07-19T18:43:57.723Z,confirmed,163b765c-8afb-46fc-981e-acac60adfecb,,
7ded7f50-8b64-4638-9e78-cb523b8917b1,98215828507,INVOICE_PAYMENT,-4189.66,Pagamento fatura,,,,2026-08-17T13:04:43.210Z,,,,39d29f74-c797-4724-b3ec-aef64f2f0bb5
7dfbb496-6cb0-4157-a220-e4a6989d9394,95167270006,SHOP_CREDIT,-189.66,Amazon BR,,,,2026-07-27T05:39:32.869Z,,,,
7e5d1ae8-ed7e-4b6e-ae25-3245f4a7df14,20250513611,INVOICE_PAYMENT,-4985.33,Pagamento fatura,,,,2026-08-09T23:17:39.054Z,,,,
7e69175f-445d-4457-85ab-405455b38e68,65184684166,INVOICE_PAYMENT,-3000.00,Pagamento minimo de fatura,,,,2026-08-18T01:32:20.235Z,,,,51c3bff0-2781-41f7-88b8-f82b583489c4
7e7020b9-7c84-422e-b123-c2d40e446c1c,84823321987,SHOP_CREDIT,-230.33,Zara,,,,2026-07-24T00:55:44.161Z,,,,
7eb2c1ca-7c0f-463b-9759-05dfd9e5cc97,77529588591,SHOP_CREDIT,-127.25,Spotify,,,,2026-07-26T00:55:47.789Z,,,,
7f91dd43-59a8-41cc-abc1-713cb9883a99,12558823280,SUBSCRIPTION,-29.90,Assinatura Netflix Mensal,,,,2026-08-15T06:00:07.351Z,,,,
8001d610-a874-4190-9c4c-50a686fa3268,38882777448,SHOP_CREDIT,-104.93,Amazon BR,,,,2026-07-21T00:55:48.139Z,,,,
8009e535-e15c-4a22-8a0f-98cae45dae9e,77766655599,SHOP_CREDIT,-159.18,Posto Shell,,,,2026-07-23T00:55:48.637Z,,,,
804814f1-ae44-4f1c-9cb8-1ab56f63e6ad,82499572612,SHOP_CREDIT,-175.22,iFood,,,,2026-07-25T00:55:48.230Z,,,,
804c36c6-c3df-4522-9c72-8444650226ac,24662236606,SHOP_CREDIT,-1720.38,Uber,,,,2026-06-29T18:00:00.000Z,,,,
805e3e95-26bb-45dc-93b8-53d56bf8c150,12345678901,SUBSCRIPTION,-79.90,HTV 7,,,,2026-08-01T06:00:02.517Z,,,,
809c78d5-b2f7-4cb4-8f15-882da2eafce1,92454501635,SHOP_CREDIT,-240.39,Zara,,,,2026-07-22T16:09:51.196Z,,,,
80d14c03-6a37-4461-b446-4723bc64ab07,12310012300,SUBSCRIPTION,-29.90,Assinatura Netflix Mensal,,,,2026-08-15T06:00:07.351Z,,,,
80e16a95-83bb-4bcc-bafa-92a0e7b781ad,11111111111,POINTS_EARNED,1.00,Pontos ganhos no shop,,,,2026-07-16T04:03:09.218Z,,,,
8129e274-eb21-40e1-94ed-c3fe97b7f684,98215828507,SHOP_CREDIT,-70.84,Spotify,,,,2026-07-28T02:50:16.849Z,,,,
8130d15c-727f-44ef-b206-be6ac2a6fea4,99999999999,DEPOSIT,20000000.00,Deposito administrativo,,,,2026-08-20T14:05:24.924Z,,,,
813ce137-6551-4170-9d7c-8ec00c9cec30,87111008855,SHOP_CREDIT,-362.19,Farmacia Pague Menos,,,,2026-08-16T03:33:50.691Z,,,,
8178a010-1ece-4b3a-bf07-3cb5807bebe3,28832869497,SHOP_CREDIT,-188.83,Spotify,,,,2026-07-23T16:09:50.395Z,,,,
818fb250-bd07-4cc1-864a-ee38f8d42aa7,20250513611,INVOICE_INSTALLMENT,-1999.95,Smartphone Fintech X (1/2),,,,2026-09-08T23:59:59.999Z,,,,
81a85f34-b70e-42a1-80aa-acebad97145f,64866656883,SHOP_CREDIT,-303.00,Posto Shell,,,,2026-07-24T00:55:49.135Z,,,,
81ea0302-bca5-43cc-872f-5cc33bac9f9d,77766655544,SHOP_CREDIT,-155.82,Posto Shell,,,,2026-07-21T00:55:47.051Z,,,,
81fb774c-50d3-44ab-9068-7222f1e10a77,92454501635,SHOP_CREDIT,-120.19,iFood,,,,2026-07-23T16:09:51.202Z,,,,
81fd9f5d-d9c6-4891-9f85-884a22e2cf2a,85246671844,DEPOSIT,20000.00,Deposito administrativo,,,,2026-08-20T21:40:16.651Z,,,,
821f40de-f567-4d15-ad18-96ecea63ebfb,92808200609,SHOP_CREDIT,-253.83,Farmacia Pague Menos,,,,2026-08-11T03:09:41.084Z,,,,
82c0c9fa-2621-470b-892e-5cb46a1a5496,57855482407,SHOP_CREDIT,-1290.29,Posto Shell,,,,2026-07-19T18:00:00.000Z,,,,
82c6d91e-ccb0-4715-81de-130f9a650ba2,93852856961,SHOP_CREDIT,-275.52,Farmacia Pague Menos,,,,2026-07-26T00:55:43.875Z,,,,
82cb7301-7a3c-4594-86fd-61ec6d72a9a9,80535757654,SHOP_CREDIT,-2400.00,Tv 55,,,,2026-08-14T02:20:45.352Z,,,,
830c13eb-0cd7-4ee4-a597-0026a7393553,80535757654,SHOP_CREDIT,-81.10,Mercado Livre,,,,2026-07-25T02:50:22.850Z,,,,
83864f9e-289a-4d20-aea3-a17b310621af,18956389652,SHOP_CREDIT,-143.00,Uber,,,,2026-07-20T16:09:50.605Z,,,,
83a01daf-37fd-4ea9-82ea-dc66e6940505,11111111111,SHOP_CREDIT,-105.11,[SIM] Volt Market,,,,2026-07-19T18:07:08.540Z,,,,
83a481ce-9189-412a-bed9-c05fdecf8a68,80417045181,SHOP_CREDIT,-164.12,Uber,,,,2026-07-20T16:09:50.364Z,,,,
83ba97ab-206c-4254-97c7-ec9d0f59b85f,41649264658,SHOP_CREDIT,-398.61,Uber,,,,2026-07-26T04:27:50.244Z,,,,
83d779b0-8815-4c5e-a54f-6a99a3d53b4c,11111111111,SHOP_DEBIT,-11.11,teste,,,,2026-07-20T05:32:08.319Z,,,,
8400bc58-d934-401f-841c-acbbb94dd197,12558823280,PAYMENT,-29.90,Pagamento Recorrente: Assinatura Netflix Mensal (Débito em Conta),,,,2026-08-08T17:35:52.765Z,,,,
84377f10-5574-410d-9b5d-2c88debd491a,51243235758,SHOP_CREDIT,-367.22,iFood,,,,2026-07-24T16:09:50.327Z,,,,
8461295c-9530-4cc4-ad29-b39cd723edb6,33333333333,POINTS_EARNED,79.00,Pontos ganhos no shop,,,,2026-07-07T04:24:21.284Z,,,,
84e01e5f-1438-4b65-82a9-3f9781a80f2d,11111111111,SHOP_CREDIT,-53.84,[SIM] Volt Market,,,,2026-07-19T18:42:02.131Z,cancelled,,,
84f2534a-e14a-4d1d-b8aa-2d86ef86726c,25713468361,SHOP_CREDIT,-248.48,iFood,,,,2026-07-25T00:55:47.715Z,,,,
850e0164-d214-46bd-b098-e5c02e551b29,16165143539,SHOP_CREDIT,-283.59,Uber,,,,2026-07-19T00:55:47.809Z,,,,
850f943e-e173-414d-a57e-351ace4477d3,42194343806,SHOP_CREDIT,-270.28,iFood,,,,2026-07-24T00:55:44.357Z,,,,
853552af-7955-4354-b4b5-5b220ab46f02,19231521659,SHOP_CREDIT,-387.34,Magazine Luiza,,,,2026-07-19T00:55:48.653Z,,,,
854da5e7-fe52-4438-9b5e-4be0af5b156d,42975897884,SHOP_CREDIT,-333.10,Amazon BR,,,,2026-07-22T00:55:47.216Z,,,,
858849dd-4651-4e7e-8889-8b558ff3408e,48318883543,SHOP_CREDIT,-166.87,Netflix,,,,2026-07-23T00:55:44.224Z,,,,
85bb0314-a43a-4c23-9f01-fe5b13641b01,76671725950,SHOP_CREDIT,-114.85,Amazon BR,,,,2026-07-22T00:55:44.148Z,,,,
85d2f20d-3cac-496a-9454-b76c793183d7,77766655544,SHOP_CREDIT,-860.19,iFood,,,,2026-07-02T18:00:00.000Z,,,,
860bf915-4094-4807-a945-1fdb1db2afa2,25713468361,SHOP_CREDIT,-331.30,Mercado Livre,,,,2026-07-21T00:55:47.710Z,,,,
86532b69-84a3-44fd-9266-b8e47e624119,36072364535,SHOP_CREDIT,-1720.38,Zara,,,,2026-07-06T18:00:00.000Z,,,,
867a4bcb-ea8d-4837-92c9-eb09d0449018,71078566429,SHOP_CREDIT,-199.07,iFood,,,,2026-07-19T16:09:48.904Z,,,,
86bbbfbb-18ba-4144-9480-7dafda72f9b8,12310012300,SHOP_DEBIT,-22.00,Validacao final stripHtml,,,,2026-08-08T01:28:02.458Z,,,,
86c069b9-afd0-4dad-939f-502b2a22266e,98215828507,SHOP_CREDIT,-141.69,Mercado Livre,,,,2026-07-27T02:50:16.724Z,,,,
86e6fe7b-89c8-4db6-8a4e-d0715f09c050,16266323249,SHOP_CREDIT,-222.64,Mercado Livre,,,,2026-07-22T00:55:44.080Z,,,,
86f44157-6e73-4b4b-8a24-170b40140cab,17058588562,SHOP_CREDIT,-336.31,Amazon BR,,,,2026-08-02T02:33:48.206Z,,,,
87943a5a-a697-44b7-886e-2c05e98967dd,76782744325,SHOP_CREDIT,-1290.29,Posto Shell,,,,2026-07-05T18:00:00.000Z,,,,
87a37b54-da12-4437-a60a-38e7adaf492a,78475680046,SHOP_CREDIT,-1290.29,Posto Shell,,,,2026-06-30T18:00:00.000Z,,,,
87e011d1-61c5-4648-a8e4-1233d8ba30af,05458223608,SHOP_CREDIT,-101.01,teste,,,,2026-08-12T22:54:25.347Z,,,,
880ac029-b377-4b23-908b-2a0944264e37,68141495240,SHOP_CREDIT,-860.19,Posto Shell,,,,2026-06-24T18:00:00.000Z,,,,
880b27d6-59ea-4515-a378-f716b0242617,12310012300,SUBSCRIPTION,-29.90,Assinatura Netflix Mensal,,,,2026-08-13T06:00:05.010Z,,,,
881e6177-3200-450c-aab5-466f2b213476,88877766655,SHOP_CREDIT,-179.66,Netflix,,,,2026-07-24T16:09:50.532Z,,,,
887d01e4-95c5-4052-9d56-b1fe31dc47ef,12424713839,SHOP_CREDIT,-353.78,Farmacia Pague Menos,,,,2026-07-18T16:09:48.564Z,,,,
889e958d-cea3-4edc-96d0-af5b3a601274,78475680046,SHOP_CREDIT,-860.19,Uber,,,,2026-07-01T18:00:00.000Z,,,,
891b7f07-3bbe-496d-81da-c2c9f8fef7a5,11111111111,SHOP_DEBIT,-111.11,"teste 111,11",,,,2026-07-20T05:34:10.538Z,,,,
899cb3b4-a97a-40ba-aa19-521bf589a1a9,11111111111,INVOICE_INSTALLMENT,-1560.05,Parcelamento fatura (1/3),,,,2026-08-18T20:46:02.518Z,,,,
89ba21d2-a513-4f7e-a252-c091a8eed481,37810513150,SHOP_CREDIT,-301.79,Zara,,,,2026-07-25T00:55:44.276Z,,,,
89deebbb-36b5-4e1f-a454-e2fb86c22dee,27646660477,SHOP_CREDIT,-1720.38,Uber,,,,2026-07-01T18:00:00.000Z,,,,
8a36f3a5-7991-4370-b0bc-5efc654ac746,20250513611,INVOICE_INSTALLMENT,-399.50,AeroView 4K Drone (1/2),,,,2026-09-08T23:59:59.999Z,,,,
8a6759ab-00f9-4b7a-b384-9cba0bba1f81,42718533218,SHOP_CREDIT,-265.01,Mercado Livre,,,,2026-07-23T16:09:49.166Z,,,,
8aa27c2d-7fe8-43f1-9ae6-b247d75d4962,36072364535,SHOP_CREDIT,-261.76,Uber,,,,2026-07-30T21:15:20.362Z,,,,
8abedc2c-7bdc-4481-9fe9-41e3c804e252,18642038977,SHOP_CREDIT,-1290.29,Zara,,,,2026-07-16T18:00:00.000Z,,,,
8afb086d-8978-4582-b612-ab38f43ca103,97504636177,SHOP_CREDIT,-225.03,Zara,,,,2026-07-21T00:55:48.250Z,,,,
8bf282ca-9a27-46c5-8dc4-b7faeb70e757,37810513150,SHOP_CREDIT,-2400.00,teste ,,,,2026-08-14T23:04:25.956Z,,,,
8bf77a59-0c1c-42ed-af70-a0ac209752c0,57673944623,SHOP_CREDIT,-105.97,Magazine Luiza,,,,2026-07-25T00:55:47.383Z,,,,
8c570177-ed3a-40fc-9603-0aca2f056eef,43204282856,SHOP_CREDIT,-176.42,Amazon BR,,,,2026-07-21T16:09:50.651Z,,,,
8c609077-a3a9-4a3d-885c-74eb2e3b1e41,42975897884,SHOP_CREDIT,-166.55,Posto Shell,,,,2026-07-26T00:55:47.228Z,,,,
8cacba3c-9dc6-4d3a-aa58-ee142d8395c3,12345678901,SUBSCRIPTION,-79.90,HTV 7,,,,2026-08-07T06:00:01.393Z,,,,
8cde4cc6-105e-4bf5-af94-d5e877449679,12310012300,SUBSCRIPTION,-29.90,Assinatura Netflix Mensal,,,,2026-08-18T06:00:13.003Z,,,,
8cf09c68-6adf-43f3-949f-40812d1637c5,19983621512,SHOP_CREDIT,-336.53,Amazon BR,,,,2026-07-26T00:55:44.294Z,,,,
8da7cce4-8fe3-43dd-995b-44fb5224c2da,11879646706,SHOP_CREDIT,-417.21,Mercado Livre,,,,2026-07-19T20:07:38.981Z,,,,
8dd0d4c3-c990-470d-8bf0-d1a5996a8279,76925831102,SHOP_CREDIT,-158.12,Posto Shell,,,,2026-07-26T00:55:48.901Z,,,,
8de5caa5-2ab7-464b-8d2b-7f5b2bcbb967,85246671844,SHOP_CREDIT,-284.44,Posto Shell,,,,2026-07-24T16:09:51.020Z,,,,
8de60fb6-475e-41b6-8896-741cdaa52dc8,60107482754,SHOP_CREDIT,-185.71,Mercado Livre,,,,2026-07-24T16:09:48.082Z,,,,
8eb16df6-c665-47a3-9527-9a751ae4ad1d,42111679011,SHOP_CREDIT,-339.85,Farmacia Pague Menos,,,,2026-07-21T00:55:48.417Z,,,,
8ebc82c0-d8de-49b5-a8a5-76e97b9c146f,12345678901,SUBSCRIPTION,-14.90,amazon,,,,2026-07-29T06:00:00.536Z,,,,
8ec0f264-72d1-4b3e-8d88-8750851058b3,11111111111,INVOICE_PAYMENT,-50.00,Pagamento parcial de fatura,,,,2026-07-18T20:45:10.265Z,,,,
8f79efc0-bb1c-4d84-8267-b01afbe145c3,77529588591,SHOP_CREDIT,-1290.29,Spotify,,,,2026-06-30T18:00:00.000Z,,,,
8fc9ecc2-74b0-45fd-bd36-183211689ead,98215828507,SHOP_CREDIT,-3600.00,teste,,,,2026-08-17T13:03:46.337Z,,,,
8fe64b12-6222-44f5-aae4-7b72561df3eb,48318883543,INVOICE_PAYMENT,-5500.00,Pagamento minimo de fatura,,,,2026-08-18T01:29:01.594Z,,,,4fc66ca5-5bad-4eeb-b4c9-3dfc1d1c7cc1
90a5252f-3298-48e9-9fa1-96cb21715b30,49768246758,SHOP_CREDIT,-409.77,Farmacia Pague Menos,,,,2026-08-08T02:42:24.578Z,,,,
90dfb026-2717-4601-a07e-952ddaecb75f,44794065574,SHOP_CREDIT,-185.21,Posto Shell,,,,2026-07-25T00:55:44.027Z,,,,
90ecc487-e4cf-45c4-b3b5-202210467a70,33333333333,POINTS_EARNED,15.00,Pontos ganhos no shop,,,,2026-07-07T04:24:41.424Z,,,,
90fbdf1e-3738-4833-8569-65743c598e4e,84585226834,SHOP_CREDIT,-860.19,Spotify,,,,2026-07-19T18:00:00.000Z,,,,
91078301-f496-4d19-9f49-0348f4f6b46c,76726514039,SHOP_CREDIT,-1290.29,Farmacia Pague Menos,,,,2026-06-28T18:00:00.000Z,,,,
913510cd-0afb-4b39-b080-7cc4469107ba,65184684166,SHOP_CREDIT,-221.97,Magazine Luiza,,,,2026-07-19T16:09:49.663Z,,,,
91838cd7-f5a9-48b3-aa77-2aebc3ad57b2,27888186700,SHOP_CREDIT,-1290.29,Farmacia Pague Menos,,,,2026-06-24T18:00:00.000Z,,,,
9196a14c-5178-4638-8ade-76d7d7c3de0d,76726514039,SHOP_CREDIT,-100.14,Zara,,,,2026-07-23T00:55:47.700Z,,,,
9274328c-d89d-454a-a216-0a15dde18cfd,93852856961,SHOP_CREDIT,-860.19,Uber,,,,2026-06-27T18:00:00.000Z,,,,
9292e29c-3335-4e26-9169-d5892e39b8fa,12310012300,SHOP_DEBIT,-25.00,Teste msg rica debito,,,,2026-08-08T00:57:50.403Z,,,,
933e744a-4267-4fad-a1a1-fbfc8b0600ed,20092389589,SHOP_CREDIT,-106.31,Farmacia Pague Menos,,,,2026-08-11T02:40:40.561Z,,,,
937bc977-9be6-442c-b9dd-8256d5ec4b2b,93544490340,SHOP_CREDIT,-244.57,Spotify,,,,2026-07-27T04:27:22.152Z,,,,
93a5ce79-b810-4ddf-a42a-4942ce96b8d9,76671725950,SHOP_CREDIT,-183.23,Amazon BR,,,,2026-07-23T16:09:47.730Z,,,,
945aae54-39da-41b8-8925-96a5b91dc8d6,64866656883,SHOP_CREDIT,-151.49,Spotify,,,,2026-07-23T00:55:49.142Z,,,,
94b5758b-ff96-4aeb-9ddd-7b0ff9c4b0f6,12902848900,SHOP_CREDIT,-191.05,Farmacia Pague Menos,,,,2026-07-19T00:55:45.459Z,,,,
94d730a5-8e2e-4ab9-a105-cf2cf8146b25,11111111111,PAYMENT,-33.30,[SMOKE] Assinatura,,,,2026-07-19T20:25:25.105Z,cancelled,,7528b0fc-0d04-423f-911f-e48c9bc4fc41,
94e9707d-db9d-49df-9dba-512a40208bb5,77551164685,SHOP_CREDIT,-136.45,Netflix,,,,2026-07-23T00:55:44.552Z,,,,
94f25a5a-7018-45f1-8e79-81ec4dca74c4,12310012300,SUBSCRIPTION,-29.90,Assinatura Netflix Mensal,,,,2026-08-19T06:00:03.788Z,,,,
9568a916-d75c-42ed-aaa7-c94d89873cae,77766655544,SHOP_CREDIT,-219.95,Zara,,,,2026-07-18T16:09:49.616Z,,,,
9575dd37-48a9-4b5d-b8dd-748f2ee394d9,12558823280,PAYMENT,-29.90,Pagamento Recorrente: Assinatura Netflix Mensal (Débito em Conta),,,,2026-08-08T17:34:03.328Z,,,,
95897f56-15d8-4cba-8a59-79cf102c326d,12424713839,SHOP_CREDIT,-150.55,Netflix,,,,2026-07-20T00:55:44.825Z,,,,
9608a904-c70d-43c8-88ca-6c323ac2f0d6,46945365409,SHOP_CREDIT,-115.45,Posto Shell,,,,2026-07-30T02:48:47.380Z,,,,
9634188b-fbce-44b9-ae5c-69fa373b1630,92454501635,SHOP_CREDIT,-180.29,Zara,,,,2026-07-23T16:09:51.199Z,,,,
9639a269-857f-4bce-af12-956ad5395c74,88888888888,SHOP_CREDIT,-391.49,Posto Shell,,,,2026-07-17T16:09:50.555Z,,,,
96497ee1-b1ce-4cc7-8d36-a31d59f9c615,75775457404,SHOP_CREDIT,-176.45,Netflix,,,,2026-07-23T00:55:47.942Z,,,,
964a2628-0130-4c1e-9a1c-d6fcfb17f9e1,12310012300,SUBSCRIPTION,-49.90,Plano Premium Recorrente,,,,2026-08-11T06:00:01.725Z,,,,
9676077d-b52e-42b0-92c2-19ba100e35be,41750109719,SHOP_CREDIT,-860.19,Posto Shell,,,,2026-07-18T18:00:00.000Z,,,,
96a82d30-9db0-435f-9672-1cd197939589,99999999999,SHOP_CREDIT,-367.15,Zara,,,,2026-07-24T16:09:50.723Z,,,,
975c8783-5abc-4d49-8328-5384eda0a3ba,12345678901,SUBSCRIPTION,-79.90,HTV 7,,,,2026-07-31T06:00:00.818Z,,,,
97c6fc74-6b45-4304-aff6-77b363c8ecd1,12310012300,SHOP_CREDIT,-1720.38,iFood,,,,2026-07-05T18:00:00.000Z,,,,
97db5826-219c-4173-80b3-52b49adf0ad6,77777777777,SHOP_CREDIT,-112.01,Posto Shell,,,,2026-07-24T00:55:48.591Z,,,,
98079eef-4fec-4bcb-96ac-7a28f68a4425,43838315910,SHOP_CREDIT,-153.92,Mercado Livre,,,,2026-07-19T00:55:44.422Z,,,,
98542100-184b-4aea-aa78-1b4aa1f19c09,73012176728,SHOP_CREDIT,-197.52,Spotify,,,,2026-07-19T16:09:49.985Z,,,,
9859cfce-acbf-46b5-bd71-6181e3128581,42718533218,SHOP_CREDIT,-198.76,Spotify,,,,2026-07-19T16:09:49.169Z,,,,
989eb340-ab20-42ea-a2f1-2ad3a3a92ab0,36072364535,SHOP_CREDIT,-1290.29,Spotify,,,,2026-07-10T18:00:00.000Z,,,,
98ce8ed8-bfa9-42f2-8b7f-3ef3e33f30ca,12310012300,SHOP_CREDIT,-100.00,teste,,,,2026-08-07T21:37:31.790Z,,,,
990cd041-86dc-4d37-b486-6ca76db6532c,73857513853,SHOP_CREDIT,-860.19,Amazon BR,,,,2026-07-03T18:00:00.000Z,,,,
99140044-6852-477e-9b75-f5d012ad50c2,26986473966,SHOP_CREDIT,-103.75,iFood,,,,2026-07-22T00:55:46.887Z,,,,
9925e5dc-6c02-4a70-abe3-f638e320d685,88888888888,SHOP_CREDIT,-195.74,Mercado Livre,,,,2026-07-20T16:09:50.564Z,,,,
998180d4-8661-496b-8a44-81729ce99c29,84979979998,SHOP_CREDIT,-860.19,iFood,,,,2026-07-20T18:00:00.000Z,,,,
99855b52-bf54-40ee-bfb9-bc5e4892fe33,49768246758,SHOP_CREDIT,-204.89,Netflix,,,,2026-08-10T02:42:24.593Z,,,,
99af7528-0960-4901-9fc5-8cc8c91ade2b,42111679011,SHOP_CREDIT,-209.35,Mercado Livre,,,,2026-07-21T05:11:30.335Z,,,,
99d6fdaa-6ff3-4ee5-b5bf-bb6fcc44ea83,42975897884,SHOP_CREDIT,-234.60,Netflix,,,,2026-07-18T16:09:49.700Z,,,,
9a09740b-a4f9-4268-b79c-6dbd3fdc947d,12558823280,SUBSCRIPTION,-29.90,Assinatura Netflix Mensal,,,,2026-08-11T03:44:51.805Z,,,,
9a270d8c-bfe4-4639-8c3c-9d85700da610,17334727380,SHOP_CREDIT,-442.22,iFood,,,,2026-07-24T16:09:47.388Z,,,,
9a5e091b-eabc-4d29-baa7-bad6ea892f55,08025476561,SHOP_CREDIT,-98.69,Amazon BR,,,,2026-08-14T03:45:46.523Z,,,,
9a63e395-5505-4f5d-b426-aba9aa3c0009,82474679928,SHOP_CREDIT,-412.95,Farmacia Pague Menos,,,,2026-08-11T03:09:28.973Z,,,,
9a6eca77-4436-4e4e-a7e1-1d92b74e550a,51243235758,SHOP_CREDIT,-170.64,Farmacia Pague Menos,,,,2026-07-24T00:55:47.960Z,,,,
9aed0ae6-d0b5-453a-9b67-1d8a9e004cee,82499572612,SHOP_CREDIT,-361.04,Spotify,,,,2026-07-19T16:09:50.430Z,,,,
9b395653-a06e-4872-8e0b-a2ef9c96414a,15351515369,SHOP_CREDIT,-406.96,Netflix,,,,2026-07-24T04:28:14.996Z,,,,
9c107c97-de00-4c80-b9fb-c95676650ab3,20250513611,SHOP_CREDIT,-327.34,Magazine Luiza,,,,2026-07-21T16:09:49.206Z,,,,
9c35b06d-3436-425c-8205-efb861569a3f,88339779788,SHOP_CREDIT,-179.17,Amazon BR,,,,2026-07-17T16:09:48.838Z,,,,
9cf1866a-6781-4374-a7ef-dec61151c7dd,27646660477,SHOP_CREDIT,-169.67,Netflix,,,,2026-07-25T00:55:45.841Z,,,,
9d3a599a-afeb-45b5-b07d-ef5f13240d4d,09056318624,SHOP_CREDIT,-206.27,Farmacia Pague Menos,,,,2026-08-17T03:11:38.314Z,,,,
9d3b30ce-2ade-402c-a619-6c5aef64244e,66414169091,SHOP_CREDIT,-133.73,iFood,,,,2026-07-21T16:09:49.873Z,,,,
9d522ffd-bb0a-4ec3-a312-eaefaf6daee8,33333333333,PIX_SENT,-130.00,saude,,22222222222,22222222222,2026-07-18T04:07:04.238Z,,,,
9dd9bc03-7a7e-4f38-991d-06d5e3a98ed2,66655544433,SHOP_CREDIT,-157.84,Spotify,,,,2026-07-22T00:55:48.100Z,,,,
9dedb8fa-bad5-4c16-914b-100f067c4716,24930613945,SHOP_CREDIT,-154.12,iFood,,,,2026-07-24T16:09:49.907Z,,,,
9e2f3dcc-7461-4e4b-8f8e-bcf52435e313,82499572612,SHOP_CREDIT,-116.82,Posto Shell,,,,2026-07-19T00:55:48.234Z,,,,
9e64a52e-06a9-4f54-a7e3-4ea21b3401ca,61369613180,SHOP_CREDIT,-200.53,Uber,,,,2026-07-19T16:09:48.307Z,,,,
9e6d93db-58cf-43ac-828c-7b8e74576576,98765432100,SHOP_CREDIT,-1720.38,Mercado Livre,,,,2026-07-01T18:00:00.000Z,,,,
9ea4e9ee-b297-4bfa-a37b-772a607c8165,48431018434,SHOP_CREDIT,-268.75,Farmacia Pague Menos,,,,2026-07-20T16:09:47.129Z,,,,
9eb5a66b-88eb-4aee-ae54-4be21c416338,42111679011,SHOP_CREDIT,-1720.38,Uber,,,,2026-06-29T18:00:00.000Z,,,,
9edbe593-66c7-48c2-a7bc-e4c15d88f7fd,18011225638,SHOP_CREDIT,-364.11,Uber,,,,2026-07-24T00:55:47.621Z,,,,
9edf36d3-45b4-4e52-b57e-b2a5ff33737a,12310012300,SUBSCRIPTION,-29.90,Assinatura Netflix Mensal,,,,2026-08-20T06:00:06.376Z,,,,
9ee61581-1ff6-455a-9cc0-d4e53da00641,85246671844,SHOP_CREDIT,-3780.00,compra com juiros,,,,2026-08-20T21:41:50.901Z,,,,
9ef9b5cf-935e-4bfc-8c5a-2ad07568b4fc,12558823280,INVOICE_PAYMENT,-3870.86,Pagamento fatura,,,,2026-08-17T01:57:58.693Z,,,,27671d51-a4d5-4937-aeec-7488edcad3a2
9f5be2b2-e286-458f-a94c-2e52f0c22a62,44444444444,SHOP_CREDIT,-148.94,Magazine Luiza,,,,2026-07-25T00:55:48.018Z,,,,
9f8f0a6f-44c9-4cc5-9125-30622b588d03,12310012300,SHOP_CREDIT,-10.00,teste com juros,,,,2026-08-08T00:14:08.991Z,,,,
9fa642a4-7c5d-463f-b64b-f24ff19c8f4d,12345678901,SUBSCRIPTION,-14.90,amazon,,,,2026-07-31T06:00:01.152Z,,,,
9fe5f484-043a-46ee-b51b-cc3acef9bf94,11111111111,SHOP_CREDIT,-52.50,teste,,,,2026-07-23T03:10:24.385Z,,,,
9fe70c74-16e1-4953-ad79-19a874c354b8,45116448614,SHOP_CREDIT,-304.58,Posto Shell,,,,2026-07-18T16:09:47.508Z,,,,
a01a7287-1c62-4f3c-b42c-03520b023af6,65451936372,SHOP_CREDIT,-230.90,Spotify,,,,2026-07-23T00:55:47.270Z,,,,
a02d46d6-1616-45e7-84ca-019225c9a1f5,12923841310,SHOP_CREDIT,-256.26,Uber,,,,2026-08-16T04:42:19.263Z,,,,
a046b6ac-ab72-4ca3-91d3-a88ad5d2adbb,76782744325,SHOP_CREDIT,-860.19,Zara,,,,2026-06-30T18:00:00.000Z,,,,
a05928eb-e954-4254-bd73-3bfb471e61fc,99999999999,SHOP_CREDIT,-183.58,Netflix,,,,2026-07-19T16:09:50.732Z,,,,
a1287e33-564b-493b-b2b0-d8c6723d2c4c,23626419533,SHOP_CREDIT,-153.90,Uber,,,,2026-07-29T02:48:35.726Z,,,,
a128cb2e-24ef-423c-a103-c6051c7e40a0,33333333333,SHOP_CREDIT,-217.80,Farmacia Pague Menos,,,,2026-07-24T05:09:51.043Z,,,,
a149d58b-28e1-45fe-a7de-89efc1f724f7,20250513611,SHOP_CREDIT,-1290.29,Amazon BR,,,,2026-07-03T18:00:00.000Z,,,,
a1a68192-ceb0-4a3f-afdb-0a681473a55d,12558823280,PAYMENT,-29.90,Pagamento Recorrente: Assinatura Netflix Mensal (Débito em Conta),,,,2026-08-08T18:40:44.825Z,,,,
a1aaf006-4f35-41a5-ad9f-f7505391a018,73129536620,SHOP_CREDIT,-860.19,Mercado Livre,,,,2026-06-24T18:00:00.000Z,,,,
a1c6cef0-c3db-4f79-a19b-611933355248,76925831102,SHOP_CREDIT,-210.83,Posto Shell,,,,2026-07-25T00:55:48.895Z,,,,
a1d169e4-2ce6-459d-b92e-ef2600c22cd0,44444444444,SHOP_CREDIT,-1720.38,Netflix,,,,2026-06-25T18:00:00.000Z,,,,
a1ee4ff4-241a-4d2c-b991-b3a345110c51,77529588591,SHOP_CREDIT,-270.94,Zara,,,,2026-07-21T16:09:50.151Z,,,,
a1fd1ff1-d6e7-4d17-985f-e1e2cc9780a7,99999999999,SHOP_CREDIT,-120.43,Netflix,,,,2026-07-22T00:55:48.345Z,,,,
a23c759c-e449-4b52-81cb-4c7dc03fbac4,68737946439,SHOP_CREDIT,-78.88,Farmacia Pague Menos,,,,2026-07-27T04:28:08.916Z,,,,
a26e4f09-7faa-40d2-ab3a-f74eff53f7ab,11111111111,SHOP_CREDIT,-75.00,Minimalist Desk Lamp,,,,2026-07-07T04:18:32.117Z,,,,
a2d7b594-e8cc-4df5-a561-c7c67c7d1919,25713468361,SHOP_CREDIT,-165.65,Uber,,,,2026-07-26T00:55:47.720Z,,,,
a2e4988a-ebbc-41e7-8979-94cf09752957,11111111111,POINTS_EARNED,7.00,Pontos ganhos no shop,,,,2026-07-05T02:27:05.017Z,,,,
a353232e-db5d-49dc-8176-0242e3c1b7c0,99999999999,SHOP_CREDIT,-105000.00,COMPRA MASTERS,,,,2026-08-20T14:06:29.845Z,,,,
a3622fba-0710-4ed6-bbd0-a9e38c2decdd,12345678901,SUBSCRIPTION,-79.90,HTV 7,,,,2026-08-07T06:00:01.103Z,,,,
a3a79924-6801-47d7-937a-809688b50e5c,20092389589,SHOP_CREDIT,-1290.29,Uber,,,,2026-07-18T18:00:00.000Z,,,,
a4e93c0d-2fc0-4bb1-a1c1-d7d97e4f4c9d,84585226834,SHOP_CREDIT,-1290.29,Netflix,,,,2026-07-22T18:00:00.000Z,,,,
a4edea3b-b135-49fb-b7a2-3b78b5320ba8,82499572612,SHOP_CREDIT,-270.78,iFood,,,,2026-07-22T16:09:50.433Z,,,,
a508cc2a-fc2d-405d-8b5e-ad27156f40be,42111679011,SHOP_CREDIT,-860.19,Amazon BR,,,,2026-06-26T18:00:00.000Z,,,,
a52ff9f6-f606-48fd-b596-3b9675f57c0b,11879646706,SHOP_CREDIT,-237.65,Farmacia Pague Menos,,,,2026-07-20T00:55:43.737Z,,,,
a56a735d-0c11-48b7-a52f-57c48132794a,64332859618,SHOP_CREDIT,-345.87,Uber,,,,2026-07-18T16:09:48.007Z,,,,
a612aae2-d085-4e91-8e86-6f9e37706a2c,18642038977,SHOP_CREDIT,-860.19,Magazine Luiza,,,,2026-07-20T18:00:00.000Z,,,,
a616ef4c-fe82-44c3-abf3-4948407f6d9f,48431018434,SHOP_CREDIT,-179.37,Posto Shell,,,,2026-07-22T00:55:43.755Z,,,,
a65909a4-f79b-4459-b70d-461a95c644d3,37107075012,SHOP_CREDIT,-1720.38,Netflix,,,,2026-07-08T18:00:00.000Z,,,,
a674d72f-30b9-4a5a-928b-0f9c166bb0e5,92454501635,SHOP_CREDIT,-103.34,Zara,,,,2026-07-24T00:55:49.216Z,,,,
a6920d9e-5bc2-4a23-9c35-b17162ada1b9,11111111111,INVOICE_INSTALLMENT,-1560.05,Parcelamento fatura (3/3),,,,2026-10-18T20:46:02.518Z,,,,
a6d837b0-2600-4b58-9981-13089c7b46cb,12558823280,DEPOSIT,10000.00,Deposito administrativo,,,,2026-08-08T04:10:33.368Z,,,,
a72e874e-f5b7-4463-bd27-27790d275893,93852856961,SHOP_CREDIT,-1720.38,Amazon BR,,,,2026-07-01T18:00:00.000Z,,,,
a73afcd5-76f8-489f-ad66-14d3243d23a1,37810513150,SHOP_CREDIT,-1290.29,Magazine Luiza,,,,2026-06-28T18:00:00.000Z,,,,
a767029d-9c19-4a25-8c59-fb5a54917739,76671725950,SHOP_CREDIT,-1290.29,Posto Shell,,,,2026-07-01T18:00:00.000Z,,,,
a76c7716-65b4-48f7-aa72-a37c76b30b8b,77777777777,SHOP_CREDIT,-224.00,Netflix,,,,2026-07-26T00:55:48.583Z,,,,
a77de6f0-9117-47cd-b9f5-6cef8afd20b0,88877766655,SHOP_CREDIT,-140.48,Netflix,,,,2026-07-20T00:55:48.121Z,,,,
a85d486a-a265-481b-a09e-4e4bfe6d327b,48318883543,SHOP_CREDIT,-333.76,Spotify,,,,2026-07-21T00:55:44.215Z,,,,
a887a849-eedb-4151-afe3-bcad363c70cc,17334727380,SHOP_CREDIT,-265.82,Magazine Luiza,,,,2026-07-24T00:55:43.893Z,,,,
a8c096fe-a102-469a-b7ea-93399f3bb188,61369613180,SHOP_CREDIT,-331.07,Posto Shell,,,,2026-07-22T00:55:44.466Z,,,,
a8eceea7-f8bf-4cb9-a81d-8a5850defc20,42975897884,SHOP_CREDIT,-156.41,Amazon BR,,,,2026-07-24T16:09:49.704Z,,,,
a8faf165-efc6-4600-ab70-3782041f9303,34715548313,SHOP_CREDIT,-205.89,Uber,,,,2026-07-22T00:55:44.706Z,,,,
a9742af4-261f-4f01-a9e3-29e731243837,57673944623,SHOP_CREDIT,-1720.38,Amazon BR,,,,2026-06-24T18:00:00.000Z,,,,
a9c6b2af-f054-43cb-bd17-cd31ea025fbd,48318883543,SHOP_CREDIT,-199.11,Magazine Luiza,,,,2026-07-20T16:09:47.839Z,,,,
aafb9ad6-4ed3-4796-a52e-f606695ff624,38160081359,SHOP_CREDIT,-1720.38,iFood,,,,2026-06-28T18:00:00.000Z,,,,
ab4cd452-d023-422a-b183-f383cc926b2c,41750109719,SHOP_CREDIT,-245.12,Zara,,,,2026-08-13T03:10:27.853Z,,,,
ac0d5e6f-8ad0-4454-842d-6a5e64fbe16a,42681570697,SHOP_CREDIT,-1290.29,Magazine Luiza,,,,2026-07-01T18:00:00.000Z,,,,
ac4f843a-b04d-4057-a2ad-59974d0eea95,99999999999,SHOP_CREDIT,-240.85,Farmacia Pague Menos,,,,2026-07-21T00:55:48.335Z,,,,
ad6b1500-3170-4ba9-a515-6450e093e242,74929424194,SHOP_CREDIT,-178.35,Zara,,,,2026-08-01T05:39:13.866Z,,,,
ade174c2-089a-4b03-831b-bcb17261da98,26775244657,SHOP_CREDIT,-132.37,Netflix,,,,2026-07-24T00:55:49.089Z,,,,
adfa96c8-3a64-4b90-ac4a-b7dc99e6bbaa,24719788947,SHOP_CREDIT,-96.65,Magazine Luiza,,,,2026-07-19T00:55:49.160Z,,,,
ae1af27a-9d8f-44e7-a84a-d1d70b9b1e9b,90917191782,SHOP_CREDIT,-267.95,Uber,,,,2026-07-21T16:09:48.937Z,,,,
af2c2434-058e-457b-85e3-2e52bbbf4c5f,44794065574,SHOP_CREDIT,-860.19,Amazon BR,,,,2026-06-24T18:00:00.000Z,,,,
b09c9dd9-d9e5-4264-a953-bd9d86d0ef91,95167270006,SHOP_CREDIT,-142.24,iFood,,,,2026-07-31T05:39:32.874Z,,,,
b0e7d170-4866-4913-a0ea-edfa64e836fc,80417045181,SHOP_CREDIT,-246.17,Amazon BR,,,,2026-07-23T16:09:50.360Z,,,,
b143d7ac-fb6b-4b83-a92e-5243952e6aff,27234768980,SHOP_CREDIT,-154.92,Magazine Luiza,,,,2026-07-20T16:09:48.170Z,,,,
b1862789-9201-4206-bef4-1311bab63432,26775244657,SHOP_CREDIT,-192.31,Mercado Livre,,,,2026-07-21T16:09:51.048Z,,,,
b1c24011-4e45-4574-a06e-6ce1bd448a99,25713468361,SHOP_CREDIT,-163.21,Netflix,,,,2026-07-18T16:09:50.120Z,,,,
b2078183-409b-41e5-8fda-77e499d9308a,77766655544,SHOP_CREDIT,-439.90,Uber,,,,2026-07-23T16:09:49.604Z,,,,
b21b943d-bbc3-4eb6-8bce-6f6d4a60ad6c,11111111111,INVOICE_INSTALLMENT,-9.99,Plano Pet Premium (1/10),,,,2026-09-08T23:59:59.999Z,,,,
b23f0ae7-5e3b-4839-92ff-b2dee15ee8a0,42718533218,SHOP_CREDIT,-276.49,Zara,,,,2026-07-26T00:55:46.173Z,,,,
b2492dde-f9ab-4db8-9c66-3a16d8ac0f29,60107482754,SHOP_CREDIT,-408.49,Netflix,,,,2026-07-22T00:55:44.393Z,,,,
b2650a30-025c-4963-84a0-474b9e5639fb,24662236606,SHOP_CREDIT,-312.93,Zara,,,,2026-07-18T16:09:47.561Z,,,,
b279baee-b709-406b-943b-5ad81b60dcfe,98765432100,SHOP_CREDIT,-312.18,Posto Shell,,,,2026-07-23T00:55:47.868Z,,,,
b27d97a2-6288-479e-a31d-dbe709ad0087,87588846615,SHOP_CREDIT,-266.22,Farmacia Pague Menos,,,,2026-07-24T16:09:50.864Z,,,,
b28f2c38-6f00-41c6-ac34-65d59dfec158,43204282856,SHOP_CREDIT,-235.23,Posto Shell,,,,2026-07-17T16:09:50.647Z,,,,
b2a60a12-b1b4-4688-af8b-fe011e1856c7,73129536620,SHOP_CREDIT,-1720.38,Farmacia Pague Menos,,,,2026-06-24T18:00:00.000Z,,,,
b2a911b4-4d1b-4631-874d-4af4eedbd5f3,42194343806,SHOP_CREDIT,-860.19,Spotify,,,,2026-07-03T18:00:00.000Z,,,,
b2aaa66e-b5c1-4433-a533-e78c393ba831,12558823280,PAYMENT,-29.90,Pagamento Recorrente: Assinatura Netflix Mensal (Débito em Conta),,,,2026-08-08T18:11:11.348Z,,,,
b315eebb-7e97-4b03-b7a2-d7ea3e85926b,78475680046,SHOP_CREDIT,-1720.38,Spotify,,,,2026-06-26T18:00:00.000Z,,,,
b3a74130-2b88-4afd-8179-9b8da001dbb1,12345678901,SUBSCRIPTION,-14.90,amazon,,,,2026-07-23T06:00:00.241Z,,,,
b3d62152-047b-4f9b-970e-d6cc131f00bf,92454501635,SHOP_CREDIT,-155.00,Amazon BR,,,,2026-07-21T00:55:49.210Z,,,,
b4042c68-5a39-474e-b19c-7657dd11f364,28818393472,SHOP_CREDIT,-860.19,Farmacia Pague Menos,,,,2026-06-30T18:00:00.000Z,,,,
b405586d-6b09-4a04-919d-92d5e81ea6ec,77777777777,SHOP_CREDIT,-167.55,Farmacia Pague Menos,,,,2026-07-20T16:09:51.171Z,,,,
b425bfd1-d286-43f1-a8f4-171b8808095f,77529588591,SHOP_CREDIT,-860.19,Spotify,,,,2026-07-02T18:00:00.000Z,,,,
b4303dab-8cc7-48d2-a8a6-3864bd99d08d,12310012300,SHOP_CREDIT,-160.07,iFood,,,,2026-07-26T01:48:39.701Z,,,,
b4382a6d-1109-4dff-ba5f-8f0fdbf7913f,42718533218,SHOP_CREDIT,-138.24,Posto Shell,,,,2026-07-23T00:55:46.208Z,,,,
b4c9c42a-ab21-41e0-b6bd-532cc2a3264c,24930613945,SHOP_CREDIT,-127.58,Farmacia Pague Menos,,,,2026-07-26T00:55:47.498Z,,,,
b4d986cf-db24-4177-9357-6ff427e232ac,24930613945,SHOP_CREDIT,-205.50,Netflix,,,,2026-07-17T16:09:49.903Z,,,,
b58a5e93-9a42-4a3e-b89a-fd87d65c6cf5,77355277308,SHOP_CREDIT,-218.99,Netflix,,,,2026-07-20T00:55:44.447Z,,,,
b60f7731-9696-4e81-a6ce-f53e86da9061,16165143539,SHOP_CREDIT,-378.12,Posto Shell,,,,2026-07-21T00:55:47.805Z,,,,
b6885df8-fbfe-40b4-bcfd-ea972749c7a8,28832869497,SHOP_CREDIT,-257.58,Magazine Luiza,,,,2026-07-25T00:55:48.205Z,,,,
b6dd9922-4162-47e1-94ad-306e2f69a577,12310012300,SHOP_DEBIT,-20.00,Teste final fire-forget,,,,2026-08-08T01:25:12.689Z,,,,
b6ee975d-a8e0-48cd-92ae-a9d17e28f463,28818393472,SHOP_CREDIT,-151.49,Uber,,,,2026-07-19T16:09:50.964Z,,,,
b7972396-fd41-4ed4-867f-b11dde68fa3e,95654548522,SHOP_CREDIT,-114.13,Mercado Livre,,,,2026-07-24T00:55:48.922Z,,,,
b7afb416-0777-40c4-8f99-34e496d9edd7,97504636177,SHOP_CREDIT,-300.04,Amazon BR,,,,2026-07-24T00:55:48.243Z,,,,
b81b4ab4-9f37-4d50-b82c-12e0d9062f21,28818393472,SHOP_CREDIT,-1290.29,Mercado Livre,,,,2026-07-01T18:00:00.000Z,,,,
b83a208c-e763-48b9-88e2-dd38d35d7e06,72856446096,SHOP_CREDIT,-193.36,Uber,,,,2026-07-21T00:55:47.577Z,,,,
b8970c1e-ee14-469f-864f-5203a8220fe5,43838315910,SHOP_CREDIT,-350.21,Uber,,,,2026-07-19T16:09:48.115Z,,,,
b924c290-3541-4fbd-9bcb-00ec7cbab87c,43204282856,SHOP_CREDIT,-418.29,iFood,,,,2026-07-24T00:55:48.526Z,,,,
b9267655-fa92-4687-a0b5-9e174628af47,76925831102,SHOP_CREDIT,-217.58,iFood,,,,2026-07-22T16:09:50.902Z,,,,
b95910d7-ecb7-4fed-8cfa-ed25bb7f26e6,87111008855,SHOP_CREDIT,-271.64,iFood,,,,2026-08-11T03:33:50.701Z,,,,
b9702d63-64c1-466d-a0b5-49364895ddb1,85246671844,SHOP_CREDIT,-169.92,Netflix,,,,2026-07-24T00:55:49.031Z,,,,
b9755583-d67b-498d-9fb1-7f2a823ef785,73857513853,SHOP_CREDIT,-1720.38,Posto Shell,,,,2026-07-04T18:00:00.000Z,,,,
b98d5446-fb7b-4ca2-923b-f011d43df514,12310012300,SUBSCRIPTION,-49.90,Plano Premium Recorrente,,,,2026-08-17T06:00:12.615Z,,,,
b9ca189e-5ac7-4040-8926-3922b0d8354c,77529588591,SHOP_CREDIT,-135.47,Spotify,,,,2026-07-23T16:09:50.160Z,,,,
b9e0e1cb-551f-46a6-933f-afd52a4483dd,65184684166,SHOP_CREDIT,-1720.38,Uber,,,,2026-06-28T18:00:00.000Z,,,,
b9f972ff-0f88-4ff3-8740-2eab69b6f0f6,77355277308,SHOP_CREDIT,-261.12,Posto Shell,,,,2026-07-24T16:09:48.240Z,,,,
ba549143-9adc-419c-88ee-bfc0130dd43f,86236132526,SHOP_CREDIT,-377.07,iFood,,,,2026-07-20T00:55:48.355Z,,,,
bac721fb-5003-4112-a009-cd6063ab81ea,53281863159,SHOP_CREDIT,-247.88,Spotify,,,,2026-07-25T00:55:43.815Z,,,,
bad5ebc3-f38f-4dca-b2bc-28fbeef39614,11111111111,SHOP_CREDIT,-99.90,Plano Pet Premium,,,,2026-07-16T01:03:09.180Z,,,,
bb2044fc-f60e-48a8-a241-73778264bd16,65451936372,SHOP_CREDIT,-242.81,iFood,,,,2026-07-24T16:09:49.786Z,,,,
bb88389e-600a-4dc7-a3b9-54e09a9c3267,12424713839,SHOP_CREDIT,-265.34,Amazon BR,,,,2026-07-21T16:09:48.568Z,,,,
bb9b4a72-c85f-48cb-aeba-ebb1c81e9afe,76726514039,SHOP_CREDIT,-150.20,Magazine Luiza,,,,2026-07-25T00:55:47.694Z,,,,
bbd7e7c8-0cea-4a15-a7bf-3d9a8e0793ae,16266323249,SHOP_CREDIT,-268.35,Posto Shell,,,,2026-07-20T16:09:47.683Z,,,,
bce0540f-4b58-4c50-8511-88d910abe753,92808200609,SHOP_CREDIT,-126.92,Posto Shell,,,,2026-08-14T03:09:41.100Z,,,,
bce15741-c3ae-4314-941b-b7f3ef64595f,84585226834,SHOP_CREDIT,-1720.38,Farmacia Pague Menos,,,,2026-07-16T18:00:00.000Z,,,,
bd36ee6f-2e33-4ad4-9413-f08e895edc83,77766655599,SHOP_CREDIT,-1290.29,iFood,,,,2026-06-24T18:00:00.000Z,,,,
bd536a1c-4058-462a-8a91-9773e138411a,26986473966,SHOP_CREDIT,-117.73,Farmacia Pague Menos,,,,2026-07-20T16:09:47.963Z,,,,
bd68a4dd-2c2d-4317-a999-961f48490718,20250513611,POINTS_EARNED,79.00,Pontos ganhos no shop,,,,2026-08-14T01:43:26.999Z,,,,
bd8f85e4-764d-474f-863a-433c63d2c640,76671725950,SHOP_CREDIT,-137.42,Spotify,,,,2026-07-18T16:09:47.737Z,,,,
bda898b4-ee3f-4559-8667-6c1569f43b06,20250513611,SHOP_CREDIT,-245.51,Farmacia Pague Menos,,,,2026-07-23T16:09:49.211Z,,,,
bdc4ab24-0dfe-47a4-a81e-d9f1f504b82a,08025476561,SHOP_CREDIT,-148.04,iFood,,,,2026-08-15T03:45:46.517Z,,,,
bdcb188c-3e1b-4731-8d9d-f02180d2ea92,77355277308,SHOP_CREDIT,-130.57,Magazine Luiza,,,,2026-07-18T16:09:48.255Z,,,,
bddafac0-b44b-4c32-8263-fe792fe2f8af,27888186700,SHOP_CREDIT,-150.97,Magazine Luiza,,,,2026-07-22T00:55:48.818Z,,,,
bde83d4b-51d6-4298-b82f-3f4ab81265ab,11111111111,SHOP_CREDIT,-1690.00,bike spinning,,,,2026-07-20T17:30:45.579Z,,,,
bdf67fbc-26dc-40ac-bb3d-f911136d7fd8,12558823280,SUBSCRIPTION,-29.90,Assinatura Netflix Mensal,,,,2026-08-09T06:00:01.449Z,,,,
be47751c-519f-4634-9e78-66da5eaddc02,74929424194,SHOP_CREDIT,-1720.38,Farmacia Pague Menos,,,,2026-06-30T18:00:00.000Z,,,,
beb1e860-ef0c-46cd-8f15-27746f78c12c,45116448614,SHOP_CREDIT,-203.41,Farmacia Pague Menos,,,,2026-07-20T00:55:43.920Z,,,,
bf1ac645-cf0a-4c58-8e75-9ebe6c1b3e97,34310951783,INVOICE_PAYMENT,-60.76,Pagamento minimo de fatura,,,,2026-08-17T00:02:23.419Z,,,,afba24d3-13c8-4321-b65d-eb73200bb72d
bf1faa53-d1f5-4a45-9358-606da2142e59,12310012300,POINTS_EARNED,0.00,Pontos ganhos no shop,,,,2026-08-08T02:06:44.192Z,,,,
bf89e817-881f-4ff7-b718-120c432f092a,11111111111,INVOICE_PAYMENT,-3499.91,Pagamento fatura,,,,2026-07-16T02:59:59.999Z,,,,
bfa0b195-f127-4abd-9a57-c19159e9d3cd,77529588591,SHOP_CREDIT,-1720.38,Zara,,,,2026-07-03T18:00:00.000Z,,,,
bfb68774-ab6e-4efa-8a7c-fc58af4c72e1,51243235758,SHOP_CREDIT,-341.29,Netflix,,,,2026-07-25T00:55:47.951Z,,,,
bfd2e126-0d62-470f-8085-0cb7f865aa80,77551164685,SHOP_CREDIT,-217.89,Magazine Luiza,,,,2026-07-17T16:09:48.349Z,,,,
c0d97d8e-ee3b-4680-9178-f6b5b74788b4,11111111111,POINTS_EARNED,79.00,Pontos ganhos no shop,,,,2026-07-05T02:26:37.862Z,,,,
c0fdf919-e45a-44df-9176-ad25f89bf39c,12558823280,SUBSCRIPTION,-29.90,Assinatura Netflix Mensal,,,,2026-08-19T06:00:03.788Z,,,,
c107f972-5d84-47c6-919e-7b6fa7376b23,88888888888,SHOP_CREDIT,-266.09,Uber,,,,2026-07-26T00:55:48.263Z,,,,
c1af5b52-a897-44d0-a3b0-92b42c547031,78475680046,SHOP_CREDIT,-162.49,Farmacia Pague Menos,,,,2026-07-21T00:55:48.707Z,,,,
c21acdf6-509c-4e28-8b0c-aad5a35f3cef,12923841310,SHOP_CREDIT,-170.84,Netflix,,,,2026-08-15T04:42:19.270Z,,,,
c2222208-b5df-4a88-ab52-4c765a80987f,37810513150,DEPOSIT,15000.00,Deposito administrativo,,,,2026-08-14T23:02:24.937Z,,,,
c2504a53-73f8-4a9a-ace3-7349ffae3334,44444444444,INVOICE_PAYMENT,-5016.93,Pagamento fatura,,,,2026-08-20T01:58:03.397Z,,,,cb6f219d-d380-4a0b-bd11-90ee4b6f7e61
c254f9c3-811b-480e-8643-83624fad1749,76782744325,SHOP_CREDIT,-298.73,Spotify,,,,2026-07-30T05:39:20.195Z,,,,
c25de7a4-df0a-4715-8dda-e8dc5e9a3b84,12310012300,SUBSCRIPTION,-29.90,Assinatura Netflix Mensal,,,,2026-08-08T04:50:45.146Z,,,,
c2617e0f-5c63-4bbb-921e-ed01dc397074,12345678901,SUBSCRIPTION,-14.90,amazon,,,,2026-08-02T06:00:00.776Z,,,,
c263f36b-3e6d-4793-a63c-b2ef2cdd5855,77551164685,SHOP_CREDIT,-204.68,Uber,,,,2026-07-21T00:55:44.540Z,,,,
c27083ea-855e-4b42-869c-ae896e3340bd,24662236606,SHOP_CREDIT,-1290.29,Uber,,,,2026-06-30T18:00:00.000Z,,,,
c2772b8e-c6f7-451c-9759-2d9a1b084d72,11111111111,DEPOSIT,20000.00,Deposito administrativo,,,,2026-07-20T04:59:03.002Z,,,,
c28c220e-2e1d-451c-9134-202ff6b27393,11111111111,POINTS_EARNED,15.00,Pontos ganhos no shop,,,,2026-07-07T04:17:36.043Z,,,,
c2b3ddb2-c7aa-43df-950d-1d7950b7b32b,36072364535,SHOP_CREDIT,-196.32,Amazon BR,,,,2026-08-02T21:15:20.364Z,,,,
c2dd8cfc-7155-4113-82e4-1b6c6181ee39,48318883543,DEPOSIT,10000.00,Deposito administrativo,,,,2026-08-18T01:28:03.860Z,,,,
c315f639-5a69-4fae-8448-72596a8c5919,95654548522,SHOP_CREDIT,-228.25,Spotify,,,,2026-07-22T00:55:48.913Z,,,,
c318afe5-5404-4d51-9447-176055be6155,12310012300,SUBSCRIPTION,-29.90,Assinatura Netflix Mensal,,,,2026-08-19T06:00:11.901Z,,,,
c3288ef9-eaee-44d0-acbe-9eea40c10e0d,11111111111,POINTS_EARNED,1.00,Pontos ganhos no shop,,,,2026-07-07T04:18:32.161Z,,,,
c33b6e10-95d3-4be7-8bd2-7614b3a4ee17,12558823280,SHOP_CREDIT,-860.19,Mercado Livre,,,,2026-07-04T18:00:00.000Z,,,,
c40d1d05-f011-43c4-af3d-b86c6b891b8b,44444444444,SHOP_CREDIT,-5000.00,Compra via Simulador,,,,2026-08-20T12:15:48.677Z,,,,
c465ac7e-0347-4dcc-8c63-81458396ec39,42194343806,INVOICE_PAYMENT,-5123.15,Pagamento fatura,,,,2026-08-18T01:24:29.156Z,,,,54c632fc-9fc8-4f9d-9048-565b75a560f1
c466eb35-7f55-4e75-a068-b17c6d304640,11111111111,SHOP_CREDIT,-3599.91,Smartphone Fintech X,,,,2026-07-05T02:26:37.841Z,cancelled,,,
c4a7dc34-0d16-4093-acdb-d95f52d41e1d,34310951783,SHOP_CREDIT,-135.03,iFood,,,,2026-07-20T06:39:18.517Z,,,,
c4e96024-2569-4641-9233-5ad300b95853,43204282856,SHOP_CREDIT,-117.62,Mercado Livre,,,,2026-07-24T16:09:50.654Z,,,,
c4eab8ac-481f-405f-88e6-bae719c8216f,33333333333,SHOP_CREDIT,-860.19,Magazine Luiza,,,,2026-07-02T18:00:00.000Z,,,,
c4f6860e-a046-4601-b7f8-70361d2665f3,12345678901,SUBSCRIPTION,-14.90,amazon,,,,2026-07-31T06:00:00.818Z,,,,
c548eaa3-5b4c-49f4-914b-c7d0948f66d1,43838315910,SHOP_CREDIT,-262.66,Posto Shell,,,,2026-07-19T16:09:48.119Z,,,,
c57cd9a1-f870-4919-9b8b-62993ad500e9,51742065392,SHOP_CREDIT,-1290.29,Mercado Livre,,,,2026-07-02T18:00:00.000Z,,,,
c604818d-1d9c-4e03-966e-1c58f83f7918,73012176728,SHOP_CREDIT,-148.14,Farmacia Pague Menos,,,,2026-07-19T16:09:49.989Z,,,,
c609cd2d-b6c5-4d9a-804f-dc33b5615b69,96873928860,SHOP_CREDIT,-860.19,Posto Shell,,,,2026-07-05T18:00:00.000Z,,,,
c60e4951-19ce-45ef-b31f-86c415149003,77777777777,SHOP_CREDIT,-335.10,Netflix,,,,2026-07-23T16:09:51.166Z,,,,
c69c7d9f-fac8-4e7d-89cd-cee2d2601f68,44444444444,SHOP_CREDIT,-211.49,Posto Shell,,,,2026-07-21T16:09:50.259Z,,,,
c6c15df0-5a17-446b-aa3c-e1e3a3d38369,02915062919,SHOP_CREDIT,-260.89,Magazine Luiza,,,,2026-07-26T02:49:02.119Z,,,,
c6ebd376-a76a-4ba6-9cfd-a50bc4dd0048,80535757654,SHOP_CREDIT,-121.66,Farmacia Pague Menos,,,,2026-07-27T02:50:22.846Z,,,,
c6f470a3-421f-4acc-8b37-3c1c842ebbda,18956389652,SHOP_CREDIT,-344.28,iFood,,,,2026-07-23T00:55:48.438Z,,,,
c7694424-1c9a-44fe-95ad-33044390d5b5,89331225245,SHOP_CREDIT,-187.34,Spotify,,,,2026-07-29T05:38:42.865Z,,,,
c77c62f6-61e6-46a2-8326-631e6d9d1743,11111111111,PIX_RECEIVED,10.00,teste,33333333333,,,2026-07-18T04:05:50.533Z,,,,
c78470fa-925c-44e1-86d4-2eac6311035d,68141495240,SHOP_CREDIT,-1290.29,Netflix,,,,2026-06-25T18:00:00.000Z,,,,
c79ae691-c00d-4732-bb2b-a03ba46a48d3,24662236606,SHOP_CREDIT,-160.64,Mercado Livre,,,,2026-07-25T00:55:43.976Z,,,,
c7adf029-431b-44b7-b23a-92c7071026a6,65184684166,SHOP_CREDIT,-443.94,Netflix,,,,2026-07-23T16:09:49.650Z,,,,
c7baab60-93c8-466c-935f-5df9a4c6e3e6,17058588562,SHOP_CREDIT,-168.16,Spotify,,,,2026-08-02T02:33:48.364Z,,,,
c7d59b3d-e6dc-4217-ad56-f78bc6ebc008,26775244657,SHOP_CREDIT,-264.75,Mercado Livre,,,,2026-07-22T00:55:49.080Z,,,,
c7e16079-f264-4163-823c-e5b5d700bb33,73857513853,SHOP_CREDIT,-119.98,iFood,,,,2026-08-02T02:34:08.659Z,,,,
c8917277-dc84-4305-8737-0a2d68d18d0d,12558823280,SUBSCRIPTION,-29.90,Assinatura Netflix Mensal,,,,2026-08-13T06:00:05.010Z,,,,
c8aa3ce1-ea49-4196-b3a6-a6f927711da1,44444444444,SHOP_CREDIT,-158.62,Mercado Livre,,,,2026-07-22T16:09:50.263Z,,,,
c8bc2ec5-529a-486c-a7cc-efe1e93df38e,60107482754,SHOP_CREDIT,-306.37,Spotify,,,,2026-07-26T00:55:44.399Z,,,,
c8ef5c5a-70eb-4a5f-8ddd-381fbc29561d,72856446096,SHOP_CREDIT,-211.13,Uber,,,,2026-07-22T16:09:49.953Z,,,,
c95f7176-4831-42e1-8059-4e669a1818cd,67154864257,SHOP_CREDIT,-202.25,Mercado Livre,,,,2026-07-25T00:55:48.863Z,,,,
c9a725f0-4c66-408c-b571-6382802157af,42681570697,SHOP_CREDIT,-1720.38,Zara,,,,2026-07-01T18:00:00.000Z,,,,
c9c18275-63a1-4cb2-b645-0a942c270f24,01086796160,SHOP_CREDIT,-164.68,Posto Shell,,,,2026-08-12T03:11:45.786Z,,,,
c9c9945a-4602-4f5b-b6db-41fec9e598ba,65184684166,SHOP_CREDIT,-228.58,iFood,,,,2026-07-25T00:55:47.188Z,,,,
c9d24067-f8ce-487e-9c4b-471f89e6d5d8,75775457404,SHOP_CREDIT,-181.96,Spotify,,,,2026-07-18T16:09:50.468Z,,,,
ca45bd59-32e9-4ac3-b06a-60e3d8a035ce,84823321987,SHOP_CREDIT,-307.11,Magazine Luiza,,,,2026-07-25T00:55:44.155Z,,,,
caa3259a-67e3-434c-8937-2c5cc7cc0ca6,77551164685,SHOP_CREDIT,-1720.38,iFood,,,,2026-07-01T18:00:00.000Z,,,,
cab78fd6-5e38-4a14-bab1-57449938916a,68737946439,SHOP_CREDIT,-118.32,Netflix,,,,2026-07-31T04:28:08.911Z,,,,
cac3e6c8-4158-49e9-a529-d118d1691b19,37107075012,SHOP_CREDIT,-206.52,iFood,,,,2026-07-30T02:33:06.182Z,,,,
cad3eb9f-3b61-4895-8cde-ce4f7a5c367d,87588846615,SHOP_CREDIT,-305.67,Magazine Luiza,,,,2026-07-26T00:55:48.876Z,,,,
caf989e5-6e7b-4ef7-9b7a-6c9766a39fd6,12310012300,SHOP_DEBIT,-75.00,Minimalist Desk Lamp,,,,2026-08-08T05:06:43.815Z,,,,
cb01a7b1-cfd5-4d04-9252-039f46fd75fa,43204282856,SHOP_CREDIT,-313.72,Farmacia Pague Menos,,,,2026-07-26T00:55:48.531Z,,,,
cb0c1037-1de8-4514-b170-e0553053ff23,81722521295,SHOP_CREDIT,-126.31,iFood,,,,2026-07-26T00:55:48.988Z,,,,
cb4795e7-c5c3-477b-8326-03c746cf0a4b,26986473966,SHOP_CREDIT,-1290.29,Amazon BR,,,,2026-06-27T18:00:00.000Z,,,,
cb4a54d5-61bd-40d0-b1dd-a6b15555bf35,11111111111,PIX_SENT,-150.00,teste,,22222222222,22222222222,2026-07-18T04:20:47.598Z,,,,
cba3565e-f0b6-4c3d-bc11-f754455af8af,27234768980,SHOP_CREDIT,-242.44,Uber,,,,2026-07-22T00:55:44.430Z,,,,
cc090e79-7133-4d23-9237-9f7d3cd81894,12424713839,SHOP_CREDIT,-200.74,Uber,,,,2026-07-26T00:55:44.821Z,,,,
cc86efe0-7d84-4b4e-b5a6-cdf999c7f577,16165143539,SHOP_CREDIT,-104.51,Uber,,,,2026-07-19T16:09:50.196Z,,,,
ccc89caa-cb29-4d35-8172-bcf4387f6a22,77777777777,SHOP_CREDIT,-1720.38,Magazine Luiza,,,,2026-07-02T18:00:00.000Z,,,,
ccd4bb1f-ea38-4b7c-a087-3ab136f71d78,65184684166,SHOP_CREDIT,-171.43,Posto Shell,,,,2026-07-21T00:55:47.194Z,,,,
cce493e1-a139-42e9-a155-1c698cb2f2ab,74929424194,SHOP_CREDIT,-133.76,Spotify,,,,2026-08-01T05:39:13.870Z,,,,
ccf4e383-1762-42a6-ab63-ac567db05a71,44794065574,SHOP_CREDIT,-213.61,Zara,,,,2026-07-20T16:09:47.617Z,,,,
cd17b7a5-9ed1-4db2-8b64-88937a0e99a2,29910306743,SHOP_CREDIT,-321.68,Posto Shell,,,,2026-07-28T21:15:42.725Z,,,,
cd202a75-ecdd-48f1-8174-8b5a4b30221b,41689983639,SHOP_CREDIT,-156.18,Amazon BR,,,,2026-07-23T16:09:47.045Z,,,,
cd2b04cf-5f93-4320-a03a-f7cb2130daba,99999999999,SHOP_CREDIT,-860.19,Uber,,,,2026-07-01T18:00:00.000Z,,,,
cda9fb31-6b61-4d25-a727-709894fb91fe,20250513611,SHOP_CREDIT,-1299.00,Momentum Pro Camera,,,,2026-08-14T12:27:28.520Z,,,,
cdfa832a-9a78-490a-a192-d27fd2acb929,12345678901,SUBSCRIPTION,-79.90,HTV 7,,,,2026-08-02T06:00:00.776Z,,,,
ce84079c-6b93-4ebf-9d91-452759b5dd6e,26986473966,SHOP_CREDIT,-155.61,Farmacia Pague Menos,,,,2026-07-23T00:55:46.877Z,,,,
ced0bfc9-5bc2-4f9a-b860-fdf80e924f18,78475680046,INVOICE_PAYMENT,-4236.47,Pagamento fatura,,,,2026-08-18T01:27:00.005Z,,,,fdec926f-d4e0-464b-9b49-a94b10a43de3
cf4cc92a-5c3e-4c3e-8451-c8918279d7d1,81722521295,SHOP_CREDIT,-189.46,Farmacia Pague Menos,,,,2026-07-23T00:55:48.984Z,,,,
cf7aac16-7709-416e-947e-0a34b7664592,12310012300,SUBSCRIPTION,-49.90,Plano Premium Recorrente,,,,2026-08-13T06:00:05.010Z,,,,
d025b4ce-1ab6-4399-9973-e5f15816bf06,92454501635,SHOP_CREDIT,-1720.38,Mercado Livre,,,,2026-06-26T18:00:00.000Z,,,,
d099cf48-36e1-4064-b9e4-1c16b70dd43d,24719788947,SHOP_CREDIT,-193.30,Spotify,,,,2026-07-19T00:55:49.152Z,,,,
d158a8f2-2a32-4238-9698-c34fb911877c,93544490340,SHOP_CREDIT,-326.09,Posto Shell,,,,2026-07-28T04:27:22.143Z,,,,
d15c37ae-8292-4947-a4ac-5a6154f510b3,96873928860,SHOP_CREDIT,-1290.29,Farmacia Pague Menos,,,,2026-07-13T18:00:00.000Z,,,,
d1d800b3-1feb-435e-aa73-82e99b6439e7,77017682203,SHOP_CREDIT,-179.16,Netflix,,,,2026-07-20T16:09:48.384Z,,,,
d1f65e68-54dc-4f17-9b96-f6b6d55b71a8,28832869497,SHOP_CREDIT,-128.79,Uber,,,,2026-07-26T00:55:48.215Z,,,,
d200a199-1ff0-411b-8348-4412f1d11353,12310012300,SUBSCRIPTION,-29.90,Assinatura Netflix Mensal,,,,2026-08-17T06:00:12.615Z,,,,
d24fdf53-ff34-476e-b685-3107d024598e,12345678901,SHOP_DEBIT,-19.90,teste,,,,2026-07-22T02:07:02.648Z,,,,
d2eb61b0-e844-4396-a836-958c7fd1c563,67154864257,SHOP_CREDIT,-860.19,Amazon BR,,,,2026-06-30T18:00:00.000Z,,,,
d2ef1eb8-d64e-4829-a726-3a3c206a6a32,16165143539,SHOP_CREDIT,-156.77,Mercado Livre,,,,2026-07-23T16:09:50.191Z,,,,
d2fce519-cd36-4e83-bb3c-d4f14c499116,34715548313,SHOP_CREDIT,-411.77,Mercado Livre,,,,2026-07-22T00:55:44.693Z,,,,
d36b2072-d5ee-4b10-9e32-d49b7c714189,81698023189,SHOP_CREDIT,-160.66,Mercado Livre,,,,2026-07-22T16:09:46.951Z,,,,
d3bef4cd-8cb1-4f0d-8cc8-e9b637cc0e29,76925831102,SHOP_CREDIT,-105.42,Uber,,,,2026-07-23T00:55:48.904Z,,,,
d3c53686-a2a6-4c7f-9274-d720e8533fa8,65207037706,SHOP_CREDIT,-255.63,iFood,,,,2026-08-04T04:48:20.376Z,,,,
d419cec9-66c0-45e8-a5b1-13fb2c966ff5,72856446096,SHOP_CREDIT,-96.68,Spotify,,,,2026-07-26T00:55:47.588Z,,,,
d4692857-42e2-48e1-a289-235c3a2cfe87,99999999999,POINTS_EARNED,79.00,Pontos ganhos no shop,,,,2026-07-04T16:49:23.182Z,,,,
d48a8be8-36be-4e3b-8fda-6242663c54a0,28818393472,SHOP_CREDIT,-139.36,Netflix,,,,2026-07-23T00:55:48.969Z,,,,
d57ceafe-dfc7-42bf-b7ba-921170ae29b9,92808200609,SHOP_CREDIT,-190.37,Spotify,,,,2026-08-10T03:09:41.094Z,,,,
d5b3a6eb-a01b-4a94-8ea6-28886cc24fb8,12310012300,SUBSCRIPTION,-29.90,Assinatura Netflix Mensal,,,,2026-08-17T06:00:03.213Z,,,,
d5b6a190-61f8-4193-8ef4-68221de7d6f7,26700822386,SHOP_CREDIT,-316.09,Posto Shell,,,,2026-08-02T04:49:53.500Z,,,,
d620f47b-f6f9-44de-9ade-10d19735eb9d,11111111111,SHOP_CREDIT,-180.00,Jetset Carry-On Luggage,,,,2026-07-16T01:04:14.457Z,,,,
d685116b-8b5a-49c8-8bd9-71ecd8cbb855,42975897884,SHOP_CREDIT,-249.83,Zara,,,,2026-07-25T00:55:47.222Z,,,,
d72cc780-11ae-41ad-84c3-8f83bd39fcfd,37810513150,SHOP_CREDIT,-150.89,Magazine Luiza,,,,2026-07-26T00:55:44.286Z,,,,
d73aacde-d6cd-4509-a8bd-678c2438dcb0,12345678901,SUBSCRIPTION,-79.90,HTV 7,,,,2026-08-03T06:00:01.497Z,,,,
d74b04db-d85e-4ffe-b286-28bbf0495c07,42111679011,SHOP_CREDIT,-418.69,Uber,,,,2026-07-22T05:11:30.252Z,,,,
d76ee46b-cac9-4f6b-8cdf-98da03940a15,07154153601,SHOP_CREDIT,-860.19,Amazon BR,,,,2026-07-20T18:00:00.000Z,,,,
d77c45a5-7183-4470-93eb-c04da6994466,42718533218,SHOP_CREDIT,-132.50,Magazine Luiza,,,,2026-07-21T16:09:49.173Z,,,,
d8291a73-755b-4d97-9c67-dc3d16fe6242,12345678901,SUBSCRIPTION,-79.90,HTV 7,,,,2026-08-05T06:00:01.620Z,,,,
d83ad46a-bd08-4284-a1aa-e8ddddcd66d4,05458223608,SHOP_CREDIT,-211.62,Uber,,,,2026-07-20T00:55:46.512Z,,,,
d8521cfb-5c09-42ae-9997-5602c91ea360,48318883543,SHOP_CREDIT,-250.32,Mercado Livre,,,,2026-07-22T00:55:44.220Z,,,,
d86fdfa2-58d8-485b-8c2d-0b49959bfcad,53281863159,SHOP_CREDIT,-108.51,Posto Shell,,,,2026-07-21T16:09:47.234Z,,,,
d90ae9ec-7cb0-4818-a001-3985a65336a7,93852856961,SHOP_CREDIT,-1290.29,iFood,,,,2026-07-02T18:00:00.000Z,,,,
d90e76c4-2e93-4983-8720-ad0cc3c7213f,99999999999,SHOP_CREDIT,-3999.90,Smartphone Fintech X,,,,2026-07-04T16:49:23.139Z,,,,
d9de6a86-8c38-49a7-9f9f-2b39f5ca3607,42111679011,SHOP_CREDIT,-314.02,Magazine Luiza,,,,2026-07-20T05:11:30.319Z,,,,
da82e3b8-e3d8-472c-aafd-b8b74d07436b,12558823280,PAYMENT,-29.90,Pagamento Recorrente: Assinatura Netflix Mensal (Faturado no Cartão),,,,2026-08-08T18:54:41.575Z,,,,
daf18e2f-d4c9-4bdd-b9fe-9f7443deebbd,88888888888,SHOP_CREDIT,-133.05,Magazine Luiza,,,,2026-07-19T00:55:48.273Z,,,,
db857a01-8a74-48f2-b2df-a4d87c266903,67154864257,SHOP_CREDIT,-1720.38,Farmacia Pague Menos,,,,2026-06-25T18:00:00.000Z,,,,
db8e978c-a7f4-4355-9d42-015c27878551,08025476561,SHOP_CREDIT,-1720.38,Posto Shell,,,,2026-07-17T18:00:00.000Z,,,,
dbdccc63-4452-4204-ba5d-e3e54a50981b,89331225245,SHOP_CREDIT,-249.79,Netflix,,,,2026-07-25T05:38:42.859Z,,,,
dc20cd44-5715-4990-ac24-92c2c782b6c3,68141495240,SHOP_CREDIT,-153.44,Farmacia Pague Menos,,,,2026-07-23T00:55:48.767Z,,,,
dcdd6ad1-dc48-4102-9586-375a90afcd47,12345678901,SUBSCRIPTION,-14.90,amazon,,,,2026-08-07T06:00:01.103Z,,,,
dd0814c7-381b-4d13-b967-b988428fbb15,99999999999,SHOP_CREDIT,-180.64,Magazine Luiza,,,,2026-07-22T00:55:48.340Z,,,,
dd37958d-6ff2-42e5-ad83-72cb574c3278,77766655544,SHOP_CREDIT,-1290.29,Posto Shell,,,,2026-06-30T18:00:00.000Z,,,,
dd3cd11c-3593-4066-9294-96cbad400dff,53281863159,SHOP_CREDIT,-217.02,Posto Shell,,,,2026-07-22T16:09:47.219Z,,,,
dd49dbf3-3e7d-46c1-8a11-8134b48a2e27,05458223608,SHOP_CREDIT,-158.72,Spotify,,,,2026-07-21T00:55:46.519Z,,,,
dd594ca5-2fbd-4eff-beb1-49e349df3783,12345678901,SUBSCRIPTION,-79.90,HTV 7,,,,2026-07-31T06:00:01.152Z,,,,
dd948553-c26d-4298-9fc1-109f75000970,34272175349,SHOP_CREDIT,-156.32,Spotify,,,,2026-07-18T16:09:48.621Z,,,,
dda87bdd-93e2-4ddc-b093-b103a02a15b2,66414169091,SHOP_CREDIT,-186.69,Spotify,,,,2026-07-19T00:55:47.395Z,,,,
ddadd8e6-74e3-4e16-8453-8abcb9b9c966,88877766655,SHOP_CREDIT,-269.48,Mercado Livre,,,,2026-07-21T16:09:50.529Z,,,,
de24cd70-4385-4751-9b06-3728a724a43f,12558823280,SUBSCRIPTION,-29.90,Assinatura Netflix Mensal,,,,2026-08-14T06:00:02.357Z,,,,
decb3928-27a9-467f-8773-76cd21e79c30,99999999999,INVOICE_PAYMENT,-4284.94,Pagamento fatura,,,,2026-07-11T02:59:59.999Z,,,,
dece8d0b-2ed0-467f-b614-73b5cb72da53,12345678901,SUBSCRIPTION,-14.90,amazon,,,,2026-07-31T06:00:00.199Z,,,,
deee146a-362f-4875-b5d1-17faed61ac8e,77766655544,SHOP_CREDIT,-116.87,Farmacia Pague Menos,,,,2026-07-22T00:55:47.061Z,,,,
def2551d-a736-4d6c-b589-5085027cadf9,80535757654,INVOICE_PAYMENT,-4235.83,Pagamento fatura,,,,2026-08-14T02:38:38.000Z,,,,8458467c-8edc-4897-bd3e-5f5325592492
def55d9b-a31e-476a-96fc-bd64255fde14,12923841310,SHOP_CREDIT,-1720.38,Spotify,,,,2026-07-24T18:00:00.000Z,,,,
df2c0883-d8bb-4958-a1e2-b78bfb9f5115,12345678901,SUBSCRIPTION,-79.90,HTV 7,,,,2026-07-30T06:00:00.660Z,,,,
df31a390-54f4-43e0-9690-7063e075b5e7,12310012300,SHOP_DEBIT,-10.00,teste com juros,,,,2026-08-08T00:14:20.851Z,,,,
df4f9fa3-a96b-4550-84c1-041d8724f2bf,20250513611,POINTS_EARNED,15.00,Pontos ganhos no shop,,,,2026-08-14T01:46:14.008Z,,,,
df4fe2e0-2d38-4704-be12-afe4b21b9056,41689983639,SHOP_CREDIT,-296.50,Netflix,,,,2026-07-21T00:55:43.793Z,,,,
df7cb6c3-14aa-49d5-8272-2c43f958c0e7,67154864257,SHOP_CREDIT,-292.56,Netflix,,,,2026-07-23T16:09:50.832Z,,,,
dfeb9faa-4bef-4751-8146-9b13103430c9,33333333333,SHOP_CREDIT,-108.90,Mercado Livre,,,,2026-07-22T05:09:51.062Z,,,,
dff2b509-e44e-48c0-8651-9f0370a97c2d,51742065392,SHOP_CREDIT,-1720.38,Amazon BR,,,,2026-06-30T18:00:00.000Z,,,,
e001bd94-141d-4ec6-accb-fd46b9bc5ccd,12310012300,SHOP_CREDIT,-320.13,Mercado Livre,,,,2026-07-26T01:48:39.693Z,,,,
e03bfc7b-9d3c-4809-a24a-3fbcc91ca050,98765432100,SHOP_CREDIT,-1290.29,Magazine Luiza,,,,2026-06-26T18:00:00.000Z,,,,
e0feb0dc-f29b-403d-b7fb-85f362d757ad,27234768980,SHOP_CREDIT,-121.23,Zara,,,,2026-07-22T00:55:44.438Z,,,,
e1172cf0-4529-42f7-9e63-3db449103f4e,11111111111,ESTORNO_FATURA,88.80,Estorno: [SMOKE] Assinatura,,,,2026-07-19T20:26:43.879Z,confirmed,52de2695-7d23-4506-8d4b-4300bb3dece3,,
e1dde075-8bb3-40d2-95b9-cfe91426ae0b,09056318624,SHOP_CREDIT,-309.41,Uber,,,,2026-08-17T03:11:38.309Z,,,,
e2dee50e-4efa-4b73-b4b6-56893a18ea41,76726514039,SHOP_CREDIT,-232.26,Magazine Luiza,,,,2026-07-20T16:09:50.072Z,,,,
e2f02246-8a58-46c6-a72f-49876c1a1691,33522298364,SHOP_CREDIT,-313.22,Spotify,,,,2026-07-24T00:55:47.248Z,,,,
e3273f7d-733b-441d-a5e7-edce6bf91539,24930613945,SHOP_CREDIT,-170.11,iFood,,,,2026-07-25T00:55:47.489Z,,,,
e34ab33b-0f8b-43fb-b24a-b402fe9434ef,16266323249,SHOP_CREDIT,-166.98,Zara,,,,2026-07-25T00:55:44.084Z,,,,
e374d782-f280-4865-8b0f-b65d6dbff4d6,84585226834,SHOP_CREDIT,-319.54,Amazon BR,,,,2026-08-16T03:13:12.434Z,,,,
e3af4290-5b2d-4aa7-82ba-84c5a213abe0,73857513853,SHOP_CREDIT,-1290.29,Farmacia Pague Menos,,,,2026-07-08T18:00:00.000Z,,,,
e3dee5e5-b26e-49fb-a0ba-bb97ce5269f5,08025476561,SHOP_CREDIT,-1290.29,Posto Shell,,,,2026-07-19T18:00:00.000Z,,,,
e3ecc8ef-04a5-4100-a865-62425c464140,11111111111,SHOP_CREDIT,-799.00,AeroView 4K Drone,,,,2026-07-07T04:17:35.988Z,,,,
e4020414-ed77-4ea8-adf1-f0fa735bed9a,12558823280,PAYMENT,-29.90,Pagamento Recorrente: Assinatura Netflix Mensal (Faturado no Cartão),,,,2026-08-08T18:13:16.330Z,,,,
e43f0d78-07b3-4a93-bd44-6c862d23de4a,80417045181,SHOP_CREDIT,-328.23,Posto Shell,,,,2026-07-22T16:09:50.356Z,,,,
e4669af3-a221-42cc-8326-4bd4ed21157e,27234768980,SHOP_CREDIT,-206.56,Magazine Luiza,,,,2026-07-17T16:09:48.165Z,,,,
e4e288ad-2ae9-48d0-9ab9-eb4855e6b12f,64332859618,SHOP_CREDIT,-213.11,Magazine Luiza,,,,2026-07-19T00:55:44.384Z,,,,
e4e82419-5758-4785-9458-329c77e92417,38882777448,SHOP_CREDIT,-209.85,Netflix,,,,2026-07-25T00:55:48.129Z,,,,
e52e5325-eb06-4232-8a61-1273ecf1b072,11111111111,SHOP_DEBIT,-799.00,AeroView 4K Drone,,,,2026-07-05T02:26:51.283Z,,,,
e5727ccb-c88b-42d7-96a2-fd7c4d3b57e6,20250513611,SHOP_CREDIT,-125.98,Netflix,,,,2026-07-23T00:55:46.484Z,,,,
e5c81e13-535f-4b43-9110-27e90ed7c209,12558823280,SUBSCRIPTION,-29.90,Assinatura Netflix Mensal,,,,2026-08-20T06:00:06.376Z,,,,
e5e4d7dc-8427-49c8-88b9-1450bf0f48df,38160081359,SHOP_CREDIT,-860.19,Farmacia Pague Menos,,,,2026-07-02T18:00:00.000Z,,,,
e6458795-07f7-45c0-a39b-ba904634489a,82499572612,SHOP_CREDIT,-233.63,Zara,,,,2026-07-24T00:55:48.224Z,,,,
e64bcd00-c3e0-4efb-843a-dc0859a3e45d,82474679928,SHOP_CREDIT,-206.47,Netflix,,,,2026-08-13T03:09:28.985Z,,,,
e659261d-07b0-4230-ad86-e0b484855b42,76925831102,SHOP_CREDIT,-435.17,Amazon BR,,,,2026-07-19T16:09:50.896Z,,,,
e66f47e0-e564-4ebd-b406-5f969e051f19,41750109719,SHOP_CREDIT,-183.84,Mercado Livre,,,,2026-08-13T03:10:27.857Z,,,,
e7420ce0-3bfa-4d7b-ad18-76eb62ff1c0c,80417045181,SHOP_CREDIT,-136.71,Mercado Livre,,,,2026-07-25T00:55:48.155Z,,,,
e75c7fa8-3df7-44d1-95d6-950e5c3749b7,12558823280,SUBSCRIPTION,-29.90,Assinatura Netflix Mensal,,,,2026-08-17T06:00:12.615Z,,,,
e75cd1bf-b6bc-4b7d-8cf8-fcce3fd563f3,34715548313,SHOP_CREDIT,-362.76,Posto Shell,,,,2026-07-21T16:09:48.482Z,,,,
e77c8750-52ac-4af7-99e8-8ef1660dd3f3,71078566429,SHOP_CREDIT,-442.20,Farmacia Pague Menos,,,,2026-07-25T00:55:45.758Z,,,,
e7c0ff96-4342-4075-abfa-859c66d2be7b,77529588591,SHOP_CREDIT,-169.67,Amazon BR,,,,2026-07-21T00:55:47.784Z,,,,
e801f609-bc6c-4cb2-8c9e-3b87c51debd4,37107075012,SHOP_CREDIT,-275.36,Zara,,,,2026-07-31T02:33:06.070Z,,,,
e81d480b-8fa8-44b4-866a-bfbe38fae164,41649264658,SHOP_CREDIT,-199.30,Zara,,,,2026-07-31T04:27:50.257Z,,,,
e832c9ab-5288-4c50-a1a9-0a7cbf8cc8f0,12923841310,SHOP_CREDIT,-1290.29,Netflix,,,,2026-07-21T18:00:00.000Z,,,,
e8505296-c747-42cb-848f-aa6809c09353,38160081359,SHOP_CREDIT,-159.13,Posto Shell,,,,2026-07-30T02:50:09.539Z,,,,
e86d12af-fa8a-49b1-958e-cf5907f5d5b2,11111111111,SHOP_CREDIT,-350.00,ErgoFlex Office Chair,,,,2026-07-05T02:27:04.944Z,,,,
e8e35fc0-2ee6-4b7f-96aa-d1696d2691a6,76726514039,SHOP_CREDIT,-154.84,Uber,,,,2026-07-23T16:09:50.079Z,,,,
e8fa22fc-cd38-4405-a73b-2248f51928b2,26700822386,SHOP_CREDIT,-158.04,Netflix,,,,2026-08-03T04:49:53.511Z,,,,
e956e769-c0f6-4536-a303-82082bfeb8f7,07154153601,SHOP_CREDIT,-1290.29,iFood,,,,2026-07-20T18:00:00.000Z,,,,
e95ee4e8-560d-44df-8559-33e9d8041ecb,11111111111,SHOP_CREDIT,-100.00,teste,,,,2026-07-23T03:20:49.632Z,,,,
ea05646d-60a6-4ef1-a7ec-0e78b1727962,77766655599,SHOP_CREDIT,-79.59,Amazon BR,,,,2026-07-25T00:55:48.645Z,,,,
ea7e2fdd-1426-46a9-82e1-7fd713143de4,57673944623,SHOP_CREDIT,-211.95,Mercado Livre,,,,2026-07-21T00:55:47.372Z,,,,
ea865040-1f58-4ffd-83ae-7a6cb516760f,28818393472,SHOP_CREDIT,-1720.38,iFood,,,,2026-07-02T18:00:00.000Z,,,,
eab0b395-47bd-49c8-9ca7-267f0ebe0990,18011225638,SHOP_CREDIT,-273.08,Amazon BR,,,,2026-07-19T00:55:47.626Z,,,,
ec37effb-95ca-4e00-ae79-aca57b8cbd74,66655544433,SHOP_CREDIT,-315.69,Netflix,,,,2026-07-24T00:55:48.089Z,,,,
ec55a610-e474-4e12-b4b0-b86c499f5bf6,33333333333,SHOP_CREDIT,-1290.29,Netflix,,,,2026-07-05T18:00:00.000Z,,,,
ec688795-9dc1-45e8-9af9-117c6b738e3e,16266323249,SHOP_CREDIT,-178.89,Uber,,,,2026-07-17T16:09:47.688Z,,,,
ec6935be-78de-44dd-bd97-5d0be8babe93,99999999999,SHOP_DEBIT,-3999.90,Smartphone Fintech X,,,,2026-07-06T05:09:59.793Z,,,,
ed1b0552-f541-404a-b4a9-103286d1905d,90917191782,SHOP_CREDIT,-192.03,Uber,,,,2026-07-26T00:55:45.901Z,,,,
ed5e450f-8751-4556-b7cd-01ad07b02ca0,12310012300,PAYMENT,-20.00,Pagamento Recorrente: Audit Test Bill Editada (Débito em Conta),,,,2026-08-08T19:39:31.218Z,,,,
ee0af3e5-472c-4984-b0c4-09578635ad18,11111111111,SHOP_CREDIT,-1774.50,MERCADO LIVRE,,,,2026-07-20T05:34:57.187Z,,,,
ee1b0d41-6b63-439e-a8f1-edb36046087c,11111111111,DEPOSIT,200.00,Deposito administrativo,,,,2026-07-20T03:17:19.235Z,,,,
ee3c2ebd-b8d0-4c2d-8749-13afb436a867,78475680046,SHOP_CREDIT,-81.25,Uber,,,,2026-07-22T00:55:48.715Z,,,,
ee48ad96-4fb5-4d61-a7ab-9b76da658f70,27646660477,SHOP_CREDIT,-113.12,Posto Shell,,,,2026-07-23T00:55:45.847Z,,,,
ee55a82b-e1f5-43e9-9070-5eecd24a93b7,42194343806,SHOP_CREDIT,-286.30,Amazon BR,,,,2026-07-17T05:13:29.867Z,,,,
ee5eb991-0b93-45c2-8e5e-cbf449f7e0a0,57855482407,SHOP_CREDIT,-860.19,Amazon BR,,,,2026-07-15T18:00:00.000Z,,,,
ee91d974-7359-4de3-a14b-d2c404df099c,95654548522,SHOP_CREDIT,-171.19,Farmacia Pague Menos,,,,2026-07-22T00:55:48.918Z,,,,
eea0ae27-f4c5-4542-8985-ed76cab597c4,12310012300,SUBSCRIPTION,-49.90,Plano Premium Recorrente,,,,2026-08-18T06:00:13.003Z,,,,
eee71ed8-891b-430a-b867-5d60758e8984,33333333333,SHOP_CREDIT,-1720.38,Magazine Luiza,,,,2026-07-02T18:00:00.000Z,,,,
eee9d34b-b34d-4720-88c2-50e33717248c,98215828507,SHOP_CREDIT,-1720.38,Mercado Livre,,,,2026-06-30T18:00:00.000Z,,,,
eef7ad71-5c9c-4a8f-a093-f34515e5914b,37107075012,SHOP_CREDIT,-860.19,Mercado Livre,,,,2026-07-07T18:00:00.000Z,,,,
ef0a8d98-7972-4053-8b2a-67d8e0691ca9,80535757654,SHOP_CREDIT,-1720.38,Farmacia Pague Menos,,,,2026-07-06T18:00:00.000Z,,,,
ef3e3f7a-b81d-40ba-b9f8-1a0c2e869952,26700822386,SHOP_CREDIT,-237.07,Farmacia Pague Menos,,,,2026-08-01T04:49:53.506Z,,,,
ef567ece-78b5-4281-adf8-18f6099cbaf4,12345678901,SUBSCRIPTION,-14.90,amazon,,,,2026-08-01T06:00:02.517Z,,,,
ef58af45-2732-4e04-a3c9-825f723913ac,26700822386,SHOP_CREDIT,-1290.29,Magazine Luiza,,,,2026-07-09T18:00:00.000Z,,,,
ef6fd8c4-3c74-419c-b9d3-246d35fc73a1,88877766655,SHOP_CREDIT,-359.31,Posto Shell,,,,2026-07-22T16:09:50.524Z,,,,
ef778e8e-15d5-4e3b-8ee2-95a388ed0c47,73129536620,SHOP_CREDIT,-140.76,Zara,,,,2026-07-24T05:12:41.379Z,,,,
efc7be3b-d004-4730-90a3-307245f6c40d,67154864257,SHOP_CREDIT,-219.42,Mercado Livre,,,,2026-07-18T16:09:50.835Z,,,,
efc8c50a-0cd7-4c81-a2ca-3547915cc467,27646660477,SHOP_CREDIT,-226.23,Magazine Luiza,,,,2026-07-21T00:55:45.836Z,,,,
f046b856-ad0e-454c-a23a-71c4318e710a,80535757654,SHOP_CREDIT,-1290.29,Uber,,,,2026-07-03T18:00:00.000Z,,,,
f09c0fa6-151b-4b6a-bf53-849d4d8ec2b1,65451936372,SHOP_CREDIT,-173.18,Magazine Luiza,,,,2026-07-24T00:55:47.275Z,,,,
f0a8938b-cfc9-4b97-b6d4-5ac24b937721,42111679011,SHOP_CREDIT,-1290.29,Posto Shell,,,,2026-06-27T18:00:00.000Z,,,,
f16233c1-7722-49d1-a0da-db9f7caf50ec,73129536620,SHOP_CREDIT,-91.30,Uber,,,,2026-07-21T00:55:48.518Z,,,,
f16815b0-6596-489c-8e59-d02e5a4dec97,18642038977,SHOP_CREDIT,-191.59,Farmacia Pague Menos,,,,2026-08-12T03:32:41.348Z,,,,
f17a41c9-cdda-4d5b-9e7e-ee687a1c5eeb,34272175349,SHOP_CREDIT,-132.55,Amazon BR,,,,2026-07-20T00:55:44.876Z,,,,
f19dc60e-c144-434b-b610-e108bb77d5af,33333333333,SHOP_CREDIT,-163.35,Amazon BR,,,,2026-07-23T05:09:51.057Z,,,,
f1deb06a-a367-491a-be0e-7c5d5a818534,12558823280,PAYMENT,-29.90,Pagamento Recorrente: Assinatura Netflix Mensal (Débito em Conta),,,,2026-08-08T18:42:36.226Z,,,,
f225edf2-1cf8-43ea-a876-45dfbf43aa69,24930613945,SHOP_CREDIT,-860.19,Spotify,,,,2026-06-24T18:00:00.000Z,,,,
f28d5df2-3d16-427e-845a-a0c87332ff92,77551164685,SHOP_CREDIT,-435.78,Zara,,,,2026-07-20T16:09:48.340Z,,,,
f29e908f-dfb4-4ba4-aeb8-66be769e06c2,41689983639,SHOP_CREDIT,-208.24,Netflix,,,,2026-07-19T16:09:47.036Z,,,,
f2e2d23e-5e80-4233-8ed7-0b4b1ad6c051,05458223608,SHOP_CREDIT,-209.47,Magazine Luiza,,,,2026-07-21T16:09:49.551Z,,,,
f31945d9-3d14-4b97-9b14-138cfeb76ff2,11111111111,ESTORNO_DEBITO,33.30,Estorno: [SMOKE] Assinatura,,,,2026-07-19T20:25:48.366Z,confirmed,94d730a5-8e2e-4ab9-a105-cf2cf8146b25,,
f332ba02-cab7-4bea-aca9-d4c7a5e5569f,27888186700,SHOP_CREDIT,-205.00,Posto Shell,,,,2026-07-22T16:09:50.806Z,,,,
f332d04a-5655-4d13-8809-1a415ffb2c5f,15803041416,SHOP_CREDIT,-234.19,Mercado Livre,,,,2026-08-09T04:55:31.706Z,,,,
f37cf5be-2528-491c-a4de-4707263b12ca,17693911189,SHOP_CREDIT,-144.27,Mercado Livre,,,,2026-07-20T16:09:49.505Z,,,,
f38f6b1a-a31e-4047-9600-9745207759f8,12310012300,SHOP_DEBIT,-15.00,Loja & Cia Teste % esc,,,,2026-08-08T01:01:27.596Z,,,,
f3de3822-6c80-49c1-8f5c-5d493b9ccf5b,57855482407,SHOP_CREDIT,-206.69,iFood,,,,2026-08-12T02:43:29.421Z,,,,
f4355f08-d876-469d-9136-80ff94891312,18956389652,SHOP_CREDIT,-214.51,Farmacia Pague Menos,,,,2026-07-17T16:09:50.601Z,,,,
f44f3c15-4e33-4e3d-bf04-19df825414e2,80535757654,SHOP_CREDIT,-162.21,Netflix,,,,2026-07-26T02:50:22.841Z,,,,
f4788a6b-1194-4ac4-a114-61db1d8f7e46,98215828507,SHOP_CREDIT,-1290.29,Farmacia Pague Menos,,,,2026-07-04T18:00:00.000Z,,,,
f4846793-4b21-441c-a31a-ff2629d3317e,57673944623,SHOP_CREDIT,-211.06,Posto Shell,,,,2026-07-19T16:09:49.832Z,,,,
f4865e71-3e42-40aa-b9ce-4118e0f4d0fa,42194343806,SHOP_CREDIT,-202.71,Amazon BR,,,,2026-07-23T00:55:44.363Z,,,,
f49557a2-98ed-42f5-8f5d-1e3d845d91b9,88339779788,SHOP_CREDIT,-114.63,iFood,,,,2026-07-22T00:55:45.873Z,,,,
f55db1fe-7609-4ea6-97dd-ebe2dc8f69e3,67154864257,SHOP_CREDIT,-269.67,Zara,,,,2026-07-23T00:55:48.858Z,,,,
f56dbe2b-7c80-4a0a-a04f-3da0a5984e89,28818393472,SHOP_CREDIT,-227.23,Magazine Luiza,,,,2026-07-21T16:09:50.961Z,,,,
f5c3814a-58bf-4ea1-b09d-f64e7e4e4430,77766655544,SHOP_CREDIT,-329.92,Amazon BR,,,,2026-07-20T16:09:49.612Z,,,,
f5dd8d02-ce4d-405c-87da-662ff3b99aa9,84979979998,SHOP_CREDIT,-161.51,Farmacia Pague Menos,,,,2026-08-12T03:11:24.246Z,,,,
f5fde6ff-bd36-4d09-876c-d434a4c820b2,81722521295,SHOP_CREDIT,-252.61,Uber,,,,2026-07-25T00:55:48.981Z,,,,
f60e20aa-b13c-47c8-a245-84c00ea46028,44444444444,SHOP_CREDIT,-105.75,Farmacia Pague Menos,,,,2026-07-24T16:09:50.267Z,,,,
f619f3d8-70ad-4cd4-8f38-8c996111e885,17693911189,SHOP_CREDIT,-330.00,Mercado Livre,,,,2026-07-19T00:55:45.479Z,,,,
f6754ced-4540-4831-a63e-3bdd08ff1c7c,26986473966,SHOP_CREDIT,-207.48,iFood,,,,2026-07-23T00:55:46.855Z,,,,
f6b02cd6-d2e6-4934-99d2-0f52c7592897,12558823280,SUBSCRIPTION,-29.90,Assinatura Netflix Mensal,,,,2026-08-16T17:20:48.580Z,,,,
f6ddc0ab-5b6d-4039-82aa-f771b3d04822,98765432100,SHOP_CREDIT,-860.19,Posto Shell,,,,2026-07-01T18:00:00.000Z,,,,
f6e93407-4f26-4e76-a3a0-de2ce9b15b47,23626419533,SHOP_CREDIT,-307.80,Posto Shell,,,,2026-07-28T02:48:35.719Z,,,,
f705ece2-7177-4882-9849-b0beac92642f,42194343806,SHOP_CREDIT,-1720.38,iFood,,,,2026-07-02T18:00:00.000Z,,,,
f7645f06-371b-4f15-9f76-b08fcdccbe03,65451936372,SHOP_CREDIT,-161.88,Farmacia Pague Menos,,,,2026-07-19T16:09:49.790Z,,,,
f7adabd8-a9d9-4437-8877-17c7c5180c32,61369613180,SHOP_CREDIT,-248.30,Posto Shell,,,,2026-07-23T00:55:44.469Z,,,,
f7dd339d-1ad5-4b87-b8e9-807e2f883e8b,68737946439,SHOP_CREDIT,-157.76,Magazine Luiza,,,,2026-07-27T04:28:08.907Z,,,,
f85ca6d8-1655-4169-8457-3f41749f4b85,44794065574,SHOP_CREDIT,-138.91,Mercado Livre,,,,2026-07-26T00:55:44.032Z,,,,
f87767bf-552f-47c7-9fed-458bc8226272,77148062578,SHOP_CREDIT,-165.36,Netflix,,,,2026-07-26T05:38:53.806Z,,,,
f8cf2da0-f7b0-4a92-9f07-7b7d56681eaf,81698023189,SHOP_CREDIT,-266.81,Mercado Livre,,,,2026-07-26T00:55:43.619Z,,,,
f9832495-ea50-442e-bf02-c40e4a46941e,77551164685,SHOP_CREDIT,-860.19,Amazon BR,,,,2026-06-30T18:00:00.000Z,,,,
f99edeec-67f7-4f7f-a265-26a461c02d9e,74929424194,SHOP_CREDIT,-89.18,iFood,,,,2026-07-31T05:39:13.874Z,,,,
f9c01168-365e-4059-af2e-b7ef87d7ece6,41750109719,SHOP_CREDIT,-122.57,Zara,,,,2026-08-14T03:10:27.861Z,,,,
f9d77c84-a843-4cdc-a186-9641e4509cb9,11111111111,ESTORNO_VOUCHER,3599.91,Estorno (voucher): Smartphone Fintech X,,,,2026-07-19T18:43:57.748Z,confirmed,c466eb35-7f55-4e75-a068-b17c6d304640,,
fa27a4db-96f1-4e61-af20-39a6b0bafbf3,05458223608,SHOP_CREDIT,-157.10,Mercado Livre,,,,2026-07-24T16:09:49.555Z,,,,
fa2a70f8-456b-4d27-a183-112082692a94,11111111111,INVOICE_PAYMENT,-50.00,Pagamento parcial de fatura,,,,2026-07-18T20:45:37.828Z,,,,
fa4c332a-9ef2-4b87-95a6-279c1f394aeb,77777777777,SHOP_CREDIT,-1290.29,Posto Shell,,,,2026-06-25T18:00:00.000Z,,,,
fa90afc0-db63-4881-980a-0a92634c32bf,12310012300,SUBSCRIPTION,-49.90,Plano Premium Recorrente,,,,2026-08-09T06:00:01.449Z,,,,
fb0d3be6-c581-481c-b508-f7b13b9850ef,11879646706,SHOP_CREDIT,-158.44,Uber,,,,2026-07-24T00:55:43.741Z,,,,
fb173d23-7665-4ceb-b9af-1765de34b739,26775244657,SHOP_CREDIT,-96.15,Posto Shell,,,,2026-07-20T16:09:51.054Z,,,,
fb176a70-71b2-4948-b05e-3d510b008959,84823321987,SHOP_CREDIT,-332.96,Amazon BR,,,,2026-07-22T16:09:47.783Z,,,,
fb403610-c58e-416c-b2f7-041b92382edb,84979979998,SHOP_CREDIT,-1720.38,Farmacia Pague Menos,,,,2026-07-23T18:00:00.000Z,,,,
fb4210d8-aa66-4c51-977a-7aa655c05022,23626419533,SHOP_CREDIT,-230.85,Spotify,,,,2026-07-23T02:48:35.723Z,,,,
fb600a92-e77e-4564-b7c9-f7153d7de987,64866656883,SHOP_CREDIT,-1290.29,Uber,,,,2026-06-27T18:00:00.000Z,,,,
fb934053-4857-4943-9b08-f0a2602c6f10,45447544025,SHOP_CREDIT,-211.33,Amazon BR,,,,2026-08-14T03:11:03.058Z,,,,
fb982cfa-4bc4-4769-9104-2df62e5c82a0,12345678901,SUBSCRIPTION,-79.90,HTV 7,,,,2026-07-28T06:00:00.531Z,,,,
fbb8094c-c9fb-48d7-9608-b6894b0adc16,12345678901,SUBSCRIPTION,-14.90,amazon,,,,2026-07-30T06:00:00.660Z,,,,
fc11fa26-04f4-4079-98fa-b8e17fe0fe12,48318883543,SHOP_CREDIT,-398.24,Amazon BR,,,,2026-07-24T16:09:47.830Z,,,,
fc30b4a9-cf9c-4b35-a988-96b3b7357a59,73129536620,SHOP_CREDIT,-1290.29,Amazon BR,,,,2026-07-02T18:00:00.000Z,,,,
fcbed557-1655-4814-a0de-199788a7a59a,73012176728,SHOP_CREDIT,-158.17,Magazine Luiza,,,,2026-07-20T00:55:47.610Z,,,,
fcdd7141-b896-4db3-811d-2869c502ea50,12558823280,SUBSCRIPTION,-29.90,Assinatura Netflix Mensal,,,,2026-08-18T06:00:13.003Z,,,,
fd600200-21a6-44a0-b51c-5dc852385c47,53281863159,SHOP_CREDIT,-162.77,Spotify,,,,2026-07-17T16:09:47.228Z,,,,
fd6a79f0-9675-4c20-bf06-6aca3aa14683,51243235758,SHOP_CREDIT,-275.42,Amazon BR,,,,2026-07-22T16:09:50.330Z,,,,
fe169484-8bb1-4161-a67d-21926c67fb5c,11111111111,DEPOSIT,1500.00,Deposito administrativo,,,,2026-07-04T03:12:54.527Z,,,,
fe26c012-dfe6-43c3-96d9-92ba6cbc2b5c,11111111111,SHOP_CREDIT,-75.00,Minimalist Desk Lamp,,,,2026-07-05T02:27:55.088Z,,,,
feb96ff4-0939-4d3b-af3e-8e87e71a7e20,76726514039,SHOP_CREDIT,-860.19,Netflix,,,,2026-06-26T18:00:00.000Z,,,,
fed43cc2-3f76-4770-9ef5-1011d0945873,73857513853,SHOP_CREDIT,-79.99,iFood,,,,2026-08-04T02:34:08.707Z,,,,
fedaf2ba-6861-4b41-b57d-2f6b5dc91974,77766655599,SHOP_CREDIT,-1720.38,Spotify,,,,2026-06-25T18:00:00.000Z,,,,
ff6472da-5f65-438b-b7c7-7b978f09184b,86236132526,SHOP_CREDIT,-188.54,Mercado Livre,,,,2026-07-24T00:55:48.367Z,,,,
ff7256a7-29cf-4615-93e9-c38f32724927,34272175349,SHOP_CREDIT,-265.10,Mercado Livre,,,,2026-07-24T00:55:44.846Z,,,,
TEST_11111111111_mn1_0,11111111111,INVOICE_INSTALLMENT,-388.30,[TEST] Posto Shell,,,,2026-07-02T06:00:00.000Z,,,,
TEST_11111111111_mn1_1,11111111111,INVOICE_INSTALLMENT,-226.39,[TEST] Uber,,,,2026-07-06T06:00:00.000Z,,,,
TEST_11111111111_mn1_2,11111111111,INVOICE_INSTALLMENT,-220.62,[TEST] Netflix,,,,2026-07-10T06:00:00.000Z,,,,
TEST_11111111111_mn2_0,11111111111,INVOICE_INSTALLMENT,-311.56,[TEST] Farmácia Drogasil,,,,2026-06-02T06:00:00.000Z,,,,
TEST_11111111111_mn2_1,11111111111,INVOICE_INSTALLMENT,-178.61,[TEST] Farmácia Drogasil,,,,2026-06-06T06:00:00.000Z,,,,
TEST_11111111111_mn2_2,11111111111,INVOICE_INSTALLMENT,-210.13,[TEST] Americanas,,,,2026-06-10T06:00:00.000Z,,,,
TEST_11111111111_mn2_3,11111111111,INVOICE_INSTALLMENT,-277.50,[TEST] Mercado Extra,,,,2026-06-14T06:00:00.000Z,,,,
TEST_11111111111_mn3_0,11111111111,INVOICE_INSTALLMENT,-332.14,[TEST] iFood,,,,2026-05-02T06:00:00.000Z,,,,
TEST_11111111111_mn3_1,11111111111,INVOICE_INSTALLMENT,-319.95,[TEST] Posto Shell,,,,2026-05-06T06:00:00.000Z,,,,
TEST_11111111111_mn3_2,11111111111,INVOICE_INSTALLMENT,-222.11,[TEST] Amazon Prime,,,,2026-05-10T06:00:00.000Z,,,,
TEST_11111111111_mn3_3,11111111111,INVOICE_INSTALLMENT,-278.20,[TEST] Posto Shell,,,,2026-05-14T06:00:00.000Z,,,,
TEST_11111111111_mn4_0,11111111111,INVOICE_INSTALLMENT,-214.12,[TEST] Mercado Extra,,,,2026-04-02T06:00:00.000Z,,,,
TEST_11111111111_mn4_1,11111111111,INVOICE_INSTALLMENT,-214.68,[TEST] Americanas,,,,2026-04-06T06:00:00.000Z,,,,
TEST_11111111111_mn4_2,11111111111,INVOICE_INSTALLMENT,-143.97,[TEST] Posto Shell,,,,2026-04-10T06:00:00.000Z,,,,
TEST_11111111111_mn4_3,11111111111,INVOICE_INSTALLMENT,-235.19,[TEST] Shopee,,,,2026-04-14T06:00:00.000Z,,,,
TEST_11111111111_mn4_4,11111111111,INVOICE_INSTALLMENT,-178.18,[TEST] Americanas,,,,2026-04-18T06:00:00.000Z,,,,
TEST_11111111111_mn5_0,11111111111,INVOICE_INSTALLMENT,-374.68,[TEST] Uber,,,,2026-03-02T06:00:00.000Z,,,,
TEST_11111111111_mn5_1,11111111111,INVOICE_INSTALLMENT,-314.62,[TEST] Amazon Prime,,,,2026-03-06T06:00:00.000Z,,,,
TEST_11111111111_mn5_2,11111111111,INVOICE_INSTALLMENT,-349.37,[TEST] Mercado Extra,,,,2026-03-10T06:00:00.000Z,,,,
TEST_11111111111_mn5_3,11111111111,INVOICE_INSTALLMENT,-340.70,[TEST] Netflix,,,,2026-03-14T06:00:00.000Z,,,,
TEST_11111111111_mn5_4,11111111111,INVOICE_INSTALLMENT,-226.39,[TEST] Netflix,,,,2026-03-18T06:00:00.000Z,,,,
TEST_33333333333_mn1_0,33333333333,INVOICE_INSTALLMENT,-2116.75,[TEST] Americanas,,,,2026-07-02T06:00:00.000Z,,,,
TEST_33333333333_mn1_1,33333333333,INVOICE_INSTALLMENT,-1419.77,[TEST] Posto Shell,,,,2026-07-06T06:00:00.000Z,,,,
TEST_33333333333_mn1_2,33333333333,INVOICE_INSTALLMENT,-2492.94,[TEST] Rappi,,,,2026-07-10T06:00:00.000Z,,,,
TEST_33333333333_mn2_0,33333333333,INVOICE_INSTALLMENT,-1677.66,[TEST] Americanas,,,,2026-06-02T06:00:00.000Z,,,,
TEST_33333333333_mn2_1,33333333333,INVOICE_INSTALLMENT,-1187.96,[TEST] Uber,,,,2026-06-06T06:00:00.000Z,,,,
TEST_33333333333_mn2_2,33333333333,INVOICE_INSTALLMENT,-914.20,[TEST] Posto Shell,,,,2026-06-10T06:00:00.000Z,,,,
TEST_33333333333_mn3_0,33333333333,INVOICE_INSTALLMENT,-707.04,[TEST] Mercado Extra,,,,2026-05-02T06:00:00.000Z,,,,
TEST_33333333333_mn3_1,33333333333,INVOICE_INSTALLMENT,-1112.18,[TEST] Netflix,,,,2026-05-06T06:00:00.000Z,,,,
TEST_33333333333_mn3_2,33333333333,INVOICE_INSTALLMENT,-731.75,[TEST] iFood,,,,2026-05-10T06:00:00.000Z,,,,
TEST_33333333333_mn3_3,33333333333,INVOICE_INSTALLMENT,-554.44,[TEST] Mercado Extra,,,,2026-05-14T06:00:00.000Z,,,,
TEST_33333333333_mn3_4,33333333333,INVOICE_INSTALLMENT,-886.92,[TEST] Rappi,,,,2026-05-18T06:00:00.000Z,,,,
TEST_33333333333_mn3_5,33333333333,INVOICE_INSTALLMENT,-609.60,[TEST] Amazon Prime,,,,2026-05-22T06:00:00.000Z,,,,
TEST_33333333333_mn4_0,33333333333,INVOICE_INSTALLMENT,-1149.16,[TEST] Netflix,,,,2026-04-02T06:00:00.000Z,,,,
TEST_33333333333_mn4_1,33333333333,INVOICE_INSTALLMENT,-1277.71,[TEST] Americanas,,,,2026-04-06T06:00:00.000Z,,,,
TEST_33333333333_mn4_2,33333333333,INVOICE_INSTALLMENT,-1473.10,[TEST] Americanas,,,,2026-04-10T06:00:00.000Z,,,,
TEST_33333333333_mn5_0,33333333333,INVOICE_INSTALLMENT,-778.45,[TEST] iFood,,,,2026-03-02T06:00:00.000Z,,,,
TEST_33333333333_mn5_1,33333333333,INVOICE_INSTALLMENT,-423.53,[TEST] Posto Shell,,,,2026-03-06T06:00:00.000Z,,,,
TEST_33333333333_mn5_2,33333333333,INVOICE_INSTALLMENT,-381.33,[TEST] Shopee,,,,2026-03-10T06:00:00.000Z,,,,
TEST_33333333333_mn5_3,33333333333,INVOICE_INSTALLMENT,-799.49,[TEST] Rappi,,,,2026-03-14T06:00:00.000Z,,,,
TEST_33333333333_mn5_4,33333333333,INVOICE_INSTALLMENT,-502.00,[TEST] Uber,,,,2026-03-18T06:00:00.000Z,,,,
TEST_33333333333_mn5_5,33333333333,INVOICE_INSTALLMENT,-715.68,[TEST] Uber,,,,2026-03-22T06:00:00.000Z,,,,
TEST_44444444444_mn1_0,44444444444,INVOICE_INSTALLMENT,-407.17,[TEST] Shopee,,,,2026-07-02T06:00:00.000Z,,,,
TEST_44444444444_mn1_1,44444444444,INVOICE_INSTALLMENT,-325.12,[TEST] Farmácia Drogasil,,,,2026-07-06T06:00:00.000Z,,,,
TEST_44444444444_mn1_2,44444444444,INVOICE_INSTALLMENT,-258.68,[TEST] Mercado Extra,,,,2026-07-10T06:00:00.000Z,,,,
TEST_44444444444_mn2_0,44444444444,INVOICE_INSTALLMENT,-145.26,[TEST] Shopee,,,,2026-06-02T06:00:00.000Z,,,,
TEST_44444444444_mn2_1,44444444444,INVOICE_INSTALLMENT,-102.38,[TEST] Magazine Luiza,,,,2026-06-06T06:00:00.000Z,,,,
TEST_44444444444_mn2_2,44444444444,INVOICE_INSTALLMENT,-115.06,[TEST] Rappi,,,,2026-06-10T06:00:00.000Z,,,,
TEST_44444444444_mn2_3,44444444444,INVOICE_INSTALLMENT,-193.46,[TEST] Uber,,,,2026-06-14T06:00:00.000Z,,,,
TEST_44444444444_mn2_4,44444444444,INVOICE_INSTALLMENT,-149.68,[TEST] Rappi,,,,2026-06-18T06:00:00.000Z,,,,
TEST_44444444444_mn2_5,44444444444,INVOICE_INSTALLMENT,-170.55,[TEST] Mercado Extra,,,,2026-06-22T06:00:00.000Z,,,,
TEST_44444444444_mn3_0,44444444444,INVOICE_INSTALLMENT,-164.76,[TEST] Americanas,,,,2026-05-02T06:00:00.000Z,,,,
TEST_44444444444_mn3_1,44444444444,INVOICE_INSTALLMENT,-102.68,[TEST] Posto Shell,,,,2026-05-06T06:00:00.000Z,,,,
TEST_44444444444_mn3_2,44444444444,INVOICE_INSTALLMENT,-169.35,[TEST] Uber,,,,2026-05-10T06:00:00.000Z,,,,
TEST_44444444444_mn3_3,44444444444,INVOICE_INSTALLMENT,-198.25,[TEST] Netflix,,,,2026-05-14T06:00:00.000Z,,,,
TEST_44444444444_mn3_4,44444444444,INVOICE_INSTALLMENT,-105.14,[TEST] Amazon Prime,,,,2026-05-18T06:00:00.000Z,,,,
TEST_44444444444_mn4_0,44444444444,INVOICE_INSTALLMENT,-114.57,[TEST] Netflix,,,,2026-04-02T06:00:00.000Z,,,,
TEST_44444444444_mn4_1,44444444444,INVOICE_INSTALLMENT,-89.43,[TEST] Uber,,,,2026-04-06T06:00:00.000Z,,,,
TEST_44444444444_mn4_2,44444444444,INVOICE_INSTALLMENT,-82.01,[TEST] Mercado Extra,,,,2026-04-10T06:00:00.000Z,,,,
TEST_44444444444_mn4_3,44444444444,INVOICE_INSTALLMENT,-118.63,[TEST] Magazine Luiza,,,,2026-04-14T06:00:00.000Z,,,,
TEST_44444444444_mn4_4,44444444444,INVOICE_INSTALLMENT,-105.60,[TEST] Posto Shell,,,,2026-04-18T06:00:00.000Z,,,,
TEST_44444444444_mn4_5,44444444444,INVOICE_INSTALLMENT,-87.14,[TEST] Netflix,,,,2026-04-22T06:00:00.000Z,,,,
TEST_44444444444_mn5_0,44444444444,INVOICE_INSTALLMENT,-163.65,[TEST] Farmácia Drogasil,,,,2026-03-02T06:00:00.000Z,,,,
TEST_44444444444_mn5_1,44444444444,INVOICE_INSTALLMENT,-121.15,[TEST] Farmácia Drogasil,,,,2026-03-06T06:00:00.000Z,,,,
TEST_44444444444_mn5_2,44444444444,INVOICE_INSTALLMENT,-149.69,[TEST] iFood,,,,2026-03-10T06:00:00.000Z,,,,
TEST_44444444444_mn5_3,44444444444,INVOICE_INSTALLMENT,-127.00,[TEST] Netflix,,,,2026-03-14T06:00:00.000Z,,,,
TEST_44444444444_mn5_4,44444444444,INVOICE_INSTALLMENT,-133.31,[TEST] Farmácia Drogasil,,,,2026-03-18T06:00:00.000Z,,,,
TEST_44444444444_mn5_5,44444444444,INVOICE_INSTALLMENT,-141.27,[TEST] Americanas,,,,2026-03-22T06:00:00.000Z,,,,
tx-amz-1-11111111111,11111111111,PAYMENT,-19.90,Amazon Prime,,,,2026-05-28T04:37:13.791Z,,,,
tx-amz-1-33333333333,33333333333,PAYMENT,-19.90,Amazon Prime,,,,2026-05-28T04:37:15.334Z,,,,
tx-amz-1-99999999999,99999999999,PAYMENT,-19.90,Amazon Prime,,,,2026-05-28T04:37:13.308Z,,,,
tx-amz-2-11111111111,11111111111,PAYMENT,-19.90,Amazon Prime,,,,2026-04-28T04:37:13.791Z,,,,
tx-amz-2-33333333333,33333333333,PAYMENT,-19.90,Amazon Prime,,,,2026-04-28T04:37:15.334Z,,,,
tx-amz-2-99999999999,99999999999,PAYMENT,-19.90,Amazon Prime,,,,2026-04-28T04:37:13.308Z,,,,
tx-net-1-11111111111,11111111111,PAYMENT,-45.90,Netflix,,,,2026-05-28T04:37:13.791Z,,,,
tx-net-1-33333333333,33333333333,PAYMENT,-45.90,Netflix,,,,2026-05-28T04:37:15.334Z,,,,
tx-net-1-99999999999,99999999999,PAYMENT,-45.90,Netflix,,,,2026-05-28T04:37:13.308Z,,,,
tx-net-2-11111111111,11111111111,PAYMENT,-45.90,Netflix,,,,2026-04-28T04:37:13.791Z,,,,
tx-net-2-33333333333,33333333333,PAYMENT,-45.90,Netflix,,,,2026-04-28T04:37:15.334Z,,,,
tx-net-2-99999999999,99999999999,PAYMENT,-45.90,Netflix,,,,2026-04-28T04:37:13.308Z,,,,
tx-spo-1-11111111111,11111111111,PAYMENT,-21.90,Spotify,,,,2026-05-28T04:37:13.791Z,,,,
tx-spo-1-33333333333,33333333333,PAYMENT,-21.90,Spotify,,,,2026-05-28T04:37:15.334Z,,,,
tx-spo-1-99999999999,99999999999,PAYMENT,-21.90,Spotify,,,,2026-05-28T04:37:13.308Z,,,,
tx-spo-2-11111111111,11111111111,PAYMENT,-21.90,Spotify,,,,2026-04-28T04:37:13.791Z,,,,
tx-spo-2-33333333333,33333333333,PAYMENT,-21.90,Spotify,,,,2026-04-28T04:37:15.334Z,,,,
tx-spo-2-99999999999,99999999999,PAYMENT,-21.90,Spotify,,,,2026-04-28T04:37:13.308Z,,,,
