🏭 DatabaseFactory: Inicializando provedor 'postgres'...

🔄 [Bootstrap] Iniciando conexão com banco de dados...

🔍 [PostgresProvider] Iniciando conexão com PostgreSQL...
🔍 [PostgresProvider] Construindo string de conexão...
✅ [PostgresProvider] String de conexão construída
🔍 [PostgresProvider] Tentando conectar em: postgresql://postgres:****@localhost:5432/fintechbank
🔍 [PostgresProvider] Testando conexão...
⚠️  [PostgreSQL] Nenhum container PostgreSQL detectado via Docker
   → Verificando se PostgreSQL está rodando localmente...
✅ [PostgresProvider] Conectado ao PostgreSQL com sucesso!
✅ [PostgresProvider] Database atual: fintechbank

✅ [Bootstrap] Conexão com banco de dados estabelecida!

ℹ️  Usando PostgreSQL. Verificando estrutura das tabelas...
🔵 [PostgresProvider] Executando Query: 
                SELECT column_name 
                FROM information_schema.columns 
                WHERE table_schema = 'fintech' 
                AND table_name = 'products' 
                AND column_name IN ('category', 'cashback')
            
🔵 [PostgresProvider] Query executada com sucesso. Retornou 2 linha(s)
🔍 Verificando e atualizando valores padrão de signup...
🔵 [PostgresProvider] Executando Query: 
                SELECT column_name 
                FROM information_schema.columns 
                WHERE table_schema = 'fintech' 
                AND table_name = 'users' 
                AND column_name IN ('credit_card_total_limit', 'credit_card_available_limit', 'credit_card_points_balance', 'credit_card_is_blocked')
            
🔵 [PostgresProvider] Query executada com sucesso. Retornou 4 linha(s)
🔧 Atualizando DEFAULT de pix_daily_limit para 2000.00...
🔵 [PostgresProvider] Executando Query: 
                ALTER TABLE "fintech"."users"
                ALTER COLUMN pix_daily_limit SET DEFAULT 2000.00
            
🔵 [PostgresProvider] Query executada com sucesso. Retornou 0 linha(s)
🔧 Atualizando DEFAULT de credit_card_total_limit para 5000.00...
🔵 [PostgresProvider] Executando Query: 
                ALTER TABLE "fintech"."users"
                ALTER COLUMN credit_card_total_limit SET DEFAULT 5000.00
            
🔵 [PostgresProvider] Query executada com sucesso. Retornou 0 linha(s)
🔧 Atualizando DEFAULT de credit_card_available_limit para 5000.00...
🔵 [PostgresProvider] Executando Query: 
                ALTER TABLE "fintech"."users"
                ALTER COLUMN credit_card_available_limit SET DEFAULT 5000.00
            
🔵 [PostgresProvider] Query executada com sucesso. Retornou 0 linha(s)
🔧 Atualizando usuários existentes sem limites de crédito...
🔵 [PostgresProvider] Executando Query: 
                UPDATE "fintech"."users"
                SET 
                    credit_card_total_limit = COALESCE(credit_card_total_limit, 5000.00),
                    credit_card_available_limit = COALESCE(credit_card_available_limit, 5000.00),
                    credit_card_points_balance = COALESCE(credit_card_points_balance, 0),
                    credit_card_is_blocked = COALESCE(credit_card_is_blocked, FALSE)
                WHERE credit_card_total_limit IS NULL 
                   OR credit_card_available_limit IS NULL
            
🔵 [PostgresProvider] Query executada com sucesso. Retornou 0 linha(s)
🔧 Backfill de credit_card_invoice_due_date para usuários sem vencimento...
🔵 [PostgresProvider] Executando Query: 
                UPDATE "fintech"."users"
                SET
                    credit_card_due_day = COALESCE(credit_card_due_day, 10),
                    credit_card_invoice_due_date = date_trunc('month', CURRENT_DATE) + interval '1 month' + interval '9 days' + interval '12 hours'
                WHERE credit_card_invoice_due_date IS NULL
            
🔵 [PostgresProvider] Query executada com sucesso. Retornou 0 linha(s)
✅ Valores padrão de signup atualizados com sucesso!
🔵 [PostgresProvider] Executando Query: 
                SELECT column_name 
                FROM information_schema.columns 
                WHERE table_schema = 'fintech' 
                AND table_name = 'limit_increase_requests' 
                AND column_name = 'requested_at'
            
🔵 [PostgresProvider] Query executada com sucesso. Retornou 1 linha(s)
🔵 [PostgresProvider] Executando Query: 
                    SELECT column_name 
                    FROM information_schema.columns 
                    WHERE table_schema = 'fintech' 
                    AND table_name = 'installment_plans' 
                    AND column_name = 'original_amount'
                
🔵 [PostgresProvider] Query executada com sucesso. Retornou 1 linha(s)
✅ Coluna original_amount já existe na tabela installment_plans.
🔵 [PostgresProvider] Executando Query: 
                    SELECT column_name 
                    FROM information_schema.columns 
                    WHERE table_schema = 'fintech' 
                    AND table_name = 'installment_plans' 
                    AND column_name = 'total_with_interest'
                
🔵 [PostgresProvider] Query executada com sucesso. Retornou 1 linha(s)
✅ Coluna total_with_interest já existe na tabela installment_plans.
🔵 [PostgresProvider] Executando Query: 
                SELECT column_name FROM information_schema.columns
                WHERE table_schema = 'fintech' AND table_name = 'invoices'
                AND column_name IN ('saldo_anterior','valor_iof','valor_juros_remuneratorios','valor_juros_mora','itemized_transactions')
            
🔵 [PostgresProvider] Query executada com sucesso. Retornou 5 linha(s)
💡 Certifique-se de ter executado schema_pg.sql no seu banco Postgres.
🔄 Verificando/recriando usuário administrador...
🔵 [PostgresProvider] Executando Query: DELETE FROM "fintech"."users" WHERE cpf = '99999999999' OR email = 'admin@fintechbank.com'
🔵 [PostgresProvider] Query executada com sucesso. Retornou 0 linha(s)
Criando usuário administrador padrão...
🔵 [PostgresProvider] Executando Query: 
        INSERT INTO "fintech"."users" (id, cpf, full_name, email, password_hash, balance, role, is_blocked, login_attempts, pix_daily_limit, password_reset_requested, created_at, updated_at)
        VALUES ('0a4e88ac-2f41-4170-8238-1905f13df92d', '99999999999', 'Admin User', 'admin@fintechbank.com', '$2b$10$IfvD1LZcwVqsDl3TMQp2TemGFhtZKY17BUFTkNrvJmbsf4FV31a0.', 100000, 'admin', false, 0, 100000.00, false, '2026-07-30T19:27:15.249Z', '2026-07-30T19:27:15.249Z')
    
🔵 [PostgresProvider] Query executada com sucesso. Retornou 0 linha(s)
✅ Usuário Admin criado. CPF: 99999999999, Senha: admin999
🔵 [PostgresProvider] Executando Query: SELECT cpf, email, role FROM "fintech"."users" WHERE cpf = '99999999999'
🔵 [PostgresProvider] Query executada com sucesso. Retornou 1 linha(s)
🔍 Admin criado: { cpf: '99999999999', email: 'admin@fintechbank.com', role: 'admin' }
🔵 [PostgresProvider] Executando Query: SELECT id, image_url, category, cashback FROM "fintech"."products"
🔵 [PostgresProvider] Query executada com sucesso. Retornou 22 linha(s)
🔵 [PostgresProvider] Executando Query: SELECT COUNT(1) AS c FROM "fintech"."products"
🔵 [PostgresProvider] Query executada com sucesso. Retornou 1 linha(s)
✅ Seeds aplicados com sucesso.
🔵 [PostgresProvider] Executando Query: 
            SELECT COUNT(*) as total FROM "fintech"."transactions"
            WHERE (description LIKE '[TEST]%' OR description LIKE '[MOCK]%')
            AND type = 'INVOICE_INSTALLMENT'
        
🔵 [PostgresProvider] Query executada com sucesso. Retornou 1 linha(s)
⏭️  [BillingMock] 22 transações mock detectadas — pulando reset.
   Para forçar reset: RESET_MOCK_ON_START=true no .env
🔄 [Migration] Aplicando migração de colunas do Gerador de Massa 2.0...
🔵 [PostgresProvider] Executando Query: ALTER TABLE "fintech"."users" ADD COLUMN IF NOT EXISTS birth_date DATE;
🔵 [PostgresProvider] Query executada com sucesso. Retornou 0 linha(s)
🔵 [PostgresProvider] Executando Query: ALTER TABLE "fintech"."users" ADD COLUMN IF NOT EXISTS age INTEGER;
🔵 [PostgresProvider] Query executada com sucesso. Retornou 0 linha(s)
🔵 [PostgresProvider] Executando Query: ALTER TABLE "fintech"."users" ADD COLUMN IF NOT EXISTS has_tutor BOOLEAN DEFAULT FALSE;
🔵 [PostgresProvider] Query executada com sucesso. Retornou 0 linha(s)
🔵 [PostgresProvider] Executando Query: ALTER TABLE "fintech"."users" ADD COLUMN IF NOT EXISTS tutor_name VARCHAR(255);
🔵 [PostgresProvider] Query executada com sucesso. Retornou 0 linha(s)
🔵 [PostgresProvider] Executando Query: ALTER TABLE "fintech"."users" ADD COLUMN IF NOT EXISTS tutor_cpf VARCHAR(11);
🔵 [PostgresProvider] Query executada com sucesso. Retornou 0 linha(s)
🔵 [PostgresProvider] Executando Query: ALTER TABLE "fintech"."users" ADD COLUMN IF NOT EXISTS tutor_relationship VARCHAR(100);
🔵 [PostgresProvider] Query executada com sucesso. Retornou 0 linha(s)
🔵 [PostgresProvider] Executando Query: ALTER TABLE "fintech"."users" ADD COLUMN IF NOT EXISTS country_origin VARCHAR(100) DEFAULT 'Brasil';
🔵 [PostgresProvider] Query executada com sucesso. Retornou 0 linha(s)
🔵 [PostgresProvider] Executando Query: ALTER TABLE "fintech"."users" ADD COLUMN IF NOT EXISTS address_cep VARCHAR(20);
🔵 [PostgresProvider] Query executada com sucesso. Retornou 0 linha(s)
🔵 [PostgresProvider] Executando Query: ALTER TABLE "fintech"."users" ADD COLUMN IF NOT EXISTS address_street VARCHAR(255);
🔵 [PostgresProvider] Query executada com sucesso. Retornou 0 linha(s)
🔵 [PostgresProvider] Executando Query: ALTER TABLE "fintech"."users" ADD COLUMN IF NOT EXISTS address_number VARCHAR(50);
🔵 [PostgresProvider] Query executada com sucesso. Retornou 0 linha(s)
🔵 [PostgresProvider] Executando Query: ALTER TABLE "fintech"."users" ADD COLUMN IF NOT EXISTS address_complement VARCHAR(100);
🔵 [PostgresProvider] Query executada com sucesso. Retornou 0 linha(s)
🔵 [PostgresProvider] Executando Query: ALTER TABLE "fintech"."users" ADD COLUMN IF NOT EXISTS address_neighborhood VARCHAR(100);
🔵 [PostgresProvider] Query executada com sucesso. Retornou 0 linha(s)
🔵 [PostgresProvider] Executando Query: ALTER TABLE "fintech"."users" ADD COLUMN IF NOT EXISTS address_city VARCHAR(100);
🔵 [PostgresProvider] Query executada com sucesso. Retornou 0 linha(s)
🔵 [PostgresProvider] Executando Query: ALTER TABLE "fintech"."users" ADD COLUMN IF NOT EXISTS address_state VARCHAR(50);
🔵 [PostgresProvider] Query executada com sucesso. Retornou 0 linha(s)
🔵 [PostgresProvider] Executando Query: ALTER TABLE "fintech"."users" ADD COLUMN IF NOT EXISTS card_brand VARCHAR(50) DEFAULT 'MASTERCARD';
🔵 [PostgresProvider] Query executada com sucesso. Retornou 0 linha(s)
🔵 [PostgresProvider] Executando Query: ALTER TABLE "fintech"."users" ADD COLUMN IF NOT EXISTS card_due_day INTEGER DEFAULT 10;
🔵 [PostgresProvider] Query executada com sucesso. Retornou 0 linha(s)
🔵 [PostgresProvider] Executando Query: ALTER TABLE "fintech"."users" ADD COLUMN IF NOT EXISTS days_overdue INTEGER DEFAULT 0;
🔵 [PostgresProvider] Query executada com sucesso. Retornou 0 linha(s)
🔵 [PostgresProvider] Executando Query: ALTER TABLE "fintech"."users" ADD COLUMN IF NOT EXISTS overdue_status VARCHAR(50) DEFAULT 'EM_DIA';
🔵 [PostgresProvider] Query executada com sucesso. Retornou 0 linha(s)
🔵 [PostgresProvider] Executando Query: 
            CREATE TABLE IF NOT EXISTS "fintech"."cards" (
                id                UUID PRIMARY KEY DEFAULT gen_random_uuid(),
                user_cpf          VARCHAR(11) NOT NULL REFERENCES "fintech"."users"(cpf) ON DELETE CASCADE,
                card_number       VARCHAR(19) NOT NULL,
                card_number_raw   VARCHAR(16) NOT NULL,
                card_type         VARCHAR(20) NOT NULL CHECK (card_type IN ('physical', 'virtual')),
                card_brand        VARCHAR(20) NOT NULL DEFAULT 'mastercard',
                bin               VARCHAR(8)  NOT NULL DEFAULT '5981012',
                expiry            VARCHAR(7)  NOT NULL,
                expiry_short      VARCHAR(5)  NOT NULL,
                cvv               VARCHAR(4)  NOT NULL,
                pin               VARCHAR(10) NOT NULL DEFAULT '9898',
                is_activated      BOOLEAN     NOT NULL DEFAULT true,
                is_blocked        BOOLEAN     NOT NULL DEFAULT false,
                nickname          VARCHAR(100),
                created_at        TIMESTAMPTZ NOT NULL DEFAULT NOW(),
                updated_at        TIMESTAMPTZ NOT NULL DEFAULT NOW()
            )
        
🔵 [PostgresProvider] Query executada com sucesso. Retornou 0 linha(s)
✅ [Migration] Colunas do Gerador de Massa 2.0 sincronizadas com sucesso no PostgreSQL!
🎯 Servidor pronto para uso com Databricks!
📋 Swagger disponível em: http://localhost:3001/api-docs
[CronReconciliationJob] Agendador de conciliação diária inicializado (Intervalo: 24 horas).
API ouvindo em http://0.0.0.0:57045
🌐 Acesse via rede local: http://192.168.0.110:57045
📋 Swagger: http://192.168.0.110:57045/api-docs
[CronReconciliationJob] [2026-07-30T19:27:20.526Z] Iniciando auditoria e conciliação diária...
[InvoiceEngine] Iniciando verificação de faturas...
🔵 [PostgresProvider] Executando Query: SELECT cpf, credit_card_invoice_due_date, credit_card_due_day FROM "fintech"."users" WHERE credit_card_invoice_due_date IS NOT NULL
🔵 [PostgresProvider] Query executada com sucesso. Retornou 124 linha(s)
[InvoiceEngine] 124 usuários encontrados para verificação.
🔵 [PostgresProvider] Executando Query: SELECT * FROM "fintech"."billing_config" WHERE id = 1
🔵 [PostgresProvider] Query executada com sucesso. Retornou 1 linha(s)
[InvoiceEngine] Concluído. 0 faturas fechadas/roladas.
🔵 [PostgresProvider] Executando Query: SELECT cpf, full_name, credit_card_invoice_due_date, credit_card_due_day FROM "fintech"."users"
🔵 [PostgresProvider] Query executada com sucesso. Retornou 125 linha(s)
🔵 [PostgresProvider] Executando Query: 
                    SELECT id, type, amount, description, date 
                    FROM "fintech"."transactions" 
                    WHERE cpf = '16266323249'
                
🔵 [PostgresProvider] Query executada com sucesso. Retornou 9 linha(s)
🔵 [PostgresProvider] Executando Query: 
                    SELECT id, type, amount, description, date 
                    FROM "fintech"."transactions" 
                    WHERE cpf = '11879646706'
                
🔵 [PostgresProvider] Query executada com sucesso. Retornou 6 linha(s)
🔵 [PostgresProvider] Executando Query: 
                    SELECT id, type, amount, description, date 
                    FROM "fintech"."transactions" 
                    WHERE cpf = '76671725950'
                
🔵 [PostgresProvider] Query executada com sucesso. Retornou 9 linha(s)
🔵 [PostgresProvider] Executando Query: 
                    SELECT id, type, amount, description, date 
                    FROM "fintech"."transactions" 
                    WHERE cpf = '48431018434'
                
🔵 [PostgresProvider] Query executada com sucesso. Retornou 6 linha(s)
🔵 [PostgresProvider] Executando Query: 
                    SELECT id, type, amount, description, date 
                    FROM "fintech"."transactions" 
                    WHERE cpf = '12464865954'
                
🔵 [PostgresProvider] Query executada com sucesso. Retornou 16 linha(s)
🔵 [PostgresProvider] Executando Query: 
                    SELECT id, type, amount, description, date 
                    FROM "fintech"."transactions" 
                    WHERE cpf = '41689983639'
                
🔵 [PostgresProvider] Query executada com sucesso. Retornou 6 linha(s)
🔵 [PostgresProvider] Executando Query: 
                    SELECT id, type, amount, description, date 
                    FROM "fintech"."transactions" 
                    WHERE cpf = '53281863159'
                
🔵 [PostgresProvider] Query executada com sucesso. Retornou 6 linha(s)
🔵 [PostgresProvider] Executando Query: 
                    SELECT id, type, amount, description, date 
                    FROM "fintech"."transactions" 
                    WHERE cpf = '17334727380'
                
🔵 [PostgresProvider] Query executada com sucesso. Retornou 6 linha(s)
🔵 [PostgresProvider] Executando Query: 
                    SELECT id, type, amount, description, date 
                    FROM "fintech"."transactions" 
                    WHERE cpf = '48318883543'
                
🔵 [PostgresProvider] Query executada com sucesso. Retornou 9 linha(s)
🔵 [PostgresProvider] Executando Query: 
                    SELECT id, type, amount, description, date 
                    FROM "fintech"."transactions" 
                    WHERE cpf = '45116448614'
                
🔵 [PostgresProvider] Query executada com sucesso. Retornou 6 linha(s)
🔵 [PostgresProvider] Executando Query: 
                    SELECT id, type, amount, description, date 
                    FROM "fintech"."transactions" 
                    WHERE cpf = '84823321987'
                
🔵 [PostgresProvider] Query executada com sucesso. Retornou 6 linha(s)
🔵 [PostgresProvider] Executando Query: 
                    SELECT id, type, amount, description, date 
                    FROM "fintech"."transactions" 
                    WHERE cpf = '24662236606'
                
🔵 [PostgresProvider] Query executada com sucesso. Retornou 9 linha(s)
🔵 [PostgresProvider] Executando Query: 
                    SELECT id, type, amount, description, date 
                    FROM "fintech"."transactions" 
                    WHERE cpf = '37810513150'
                
🔵 [PostgresProvider] Query executada com sucesso. Retornou 9 linha(s)
🔵 [PostgresProvider] Executando Query: 
                    SELECT id, type, amount, description, date 
                    FROM "fintech"."transactions" 
                    WHERE cpf = '12345678901'
                
🔵 [PostgresProvider] Query executada com sucesso. Retornou 26 linha(s)
🔵 [PostgresProvider] Executando Query: 
                    SELECT id, type, amount, description, date 
                    FROM "fintech"."transactions" 
                    WHERE cpf = '93852856961'
                
🔵 [PostgresProvider] Query executada com sucesso. Retornou 9 linha(s)
🔵 [PostgresProvider] Executando Query: 
                    SELECT id, type, amount, description, date 
                    FROM "fintech"."transactions" 
                    WHERE cpf = '44794065574'
                
🔵 [PostgresProvider] Query executada com sucesso. Retornou 9 linha(s)
🔵 [PostgresProvider] Executando Query: 
                    SELECT id, type, amount, description, date 
                    FROM "fintech"."transactions" 
                    WHERE cpf = '81698023189'
                
🔵 [PostgresProvider] Query executada com sucesso. Retornou 6 linha(s)
🔵 [PostgresProvider] Executando Query: 
                    SELECT id, type, amount, description, date 
                    FROM "fintech"."transactions" 
                    WHERE cpf = '23626419533'
                
🔵 [PostgresProvider] Query executada com sucesso. Retornou 3 linha(s)
🔵 [PostgresProvider] Executando Query: 
                    SELECT id, type, amount, description, date 
                    FROM "fintech"."transactions" 
                    WHERE cpf = '42194343806'
                
🔵 [PostgresProvider] Query executada com sucesso. Retornou 9 linha(s)
🔵 [PostgresProvider] Executando Query: 
                    SELECT id, type, amount, description, date 
                    FROM "fintech"."transactions" 
                    WHERE cpf = '77551164685'
                
🔵 [PostgresProvider] Query executada com sucesso. Retornou 9 linha(s)
🔵 [PostgresProvider] Executando Query: 
                    SELECT id, type, amount, description, date 
                    FROM "fintech"."transactions" 
                    WHERE cpf = '77680674957'
                
🔵 [PostgresProvider] Query executada com sucesso. Retornou 13 linha(s)
🔵 [PostgresProvider] Executando Query: 
                    SELECT id, type, amount, description, date 
                    FROM "fintech"."transactions" 
                    WHERE cpf = '60107482754'
                
🔵 [PostgresProvider] Query executada com sucesso. Retornou 6 linha(s)
🔵 [PostgresProvider] Executando Query: 
                    SELECT id, type, amount, description, date 
                    FROM "fintech"."transactions" 
                    WHERE cpf = '43838315910'
                
🔵 [PostgresProvider] Query executada com sucesso. Retornou 6 linha(s)
🔵 [PostgresProvider] Executando Query: 
                    SELECT id, type, amount, description, date 
                    FROM "fintech"."transactions" 
                    WHERE cpf = '27234768980'
                
🔵 [PostgresProvider] Query executada com sucesso. Retornou 6 linha(s)
🔵 [PostgresProvider] Executando Query: 
                    SELECT id, type, amount, description, date 
                    FROM "fintech"."transactions" 
                    WHERE cpf = '77355277308'
                
🔵 [PostgresProvider] Query executada com sucesso. Retornou 6 linha(s)
🔵 [PostgresProvider] Executando Query: 
                    SELECT id, type, amount, description, date 
                    FROM "fintech"."transactions" 
                    WHERE cpf = '61369613180'
                
🔵 [PostgresProvider] Query executada com sucesso. Retornou 6 linha(s)
🔵 [PostgresProvider] Executando Query: 
                    SELECT id, type, amount, description, date 
                    FROM "fintech"."transactions" 
                    WHERE cpf = '77017682203'
                
🔵 [PostgresProvider] Query executada com sucesso. Retornou 6 linha(s)
🔵 [PostgresProvider] Executando Query: 
                    SELECT id, type, amount, description, date 
                    FROM "fintech"."transactions" 
                    WHERE cpf = '34715548313'
                
🔵 [PostgresProvider] Query executada com sucesso. Retornou 6 linha(s)
🔵 [PostgresProvider] Executando Query: 
                    SELECT id, type, amount, description, date 
                    FROM "fintech"."transactions" 
                    WHERE cpf = '12424713839'
                
🔵 [PostgresProvider] Query executada com sucesso. Retornou 6 linha(s)
🔵 [PostgresProvider] Executando Query: 
                    SELECT id, type, amount, description, date 
                    FROM "fintech"."transactions" 
                    WHERE cpf = '99839938466'
                
🔵 [PostgresProvider] Query executada com sucesso. Retornou 12 linha(s)
🔵 [PostgresProvider] Executando Query: 
                    SELECT id, type, amount, description, date 
                    FROM "fintech"."transactions" 
                    WHERE cpf = '34272175349'
                
🔵 [PostgresProvider] Query executada com sucesso. Retornou 6 linha(s)
🔵 [PostgresProvider] Executando Query: 
                    SELECT id, type, amount, description, date 
                    FROM "fintech"."transactions" 
                    WHERE cpf = '23736211503'
                
🔵 [PostgresProvider] Query executada com sucesso. Retornou 10 linha(s)
🔵 [PostgresProvider] Executando Query: 
                    SELECT id, type, amount, description, date 
                    FROM "fintech"."transactions" 
                    WHERE cpf = '99900011155'
                
🔵 [PostgresProvider] Query executada com sucesso. Retornou 7 linha(s)
🔵 [PostgresProvider] Executando Query: 
                    SELECT id, type, amount, description, date 
                    FROM "fintech"."transactions" 
                    WHERE cpf = '19983621512'
                
🔵 [PostgresProvider] Query executada com sucesso. Retornou 3 linha(s)
🔵 [PostgresProvider] Executando Query: 
                    SELECT id, type, amount, description, date 
                    FROM "fintech"."transactions" 
                    WHERE cpf = '64332859618'
                
🔵 [PostgresProvider] Query executada com sucesso. Retornou 6 linha(s)
🔵 [PostgresProvider] Executando Query: 
                    SELECT id, type, amount, description, date 
                    FROM "fintech"."transactions" 
                    WHERE cpf = '67723150254'
                
🔵 [PostgresProvider] Query executada com sucesso. Retornou 12 linha(s)
🔵 [PostgresProvider] Executando Query: 
                    SELECT id, type, amount, description, date 
                    FROM "fintech"."transactions" 
                    WHERE cpf = '17693911189'
                
🔵 [PostgresProvider] Query executada com sucesso. Retornou 6 linha(s)
🔵 [PostgresProvider] Executando Query: 
                    SELECT id, type, amount, description, date 
                    FROM "fintech"."transactions" 
                    WHERE cpf = '88667841765'
                
🔵 [PostgresProvider] Query executada com sucesso. Retornou 9 linha(s)
🔵 [PostgresProvider] Executando Query: 
                    SELECT id, type, amount, description, date 
                    FROM "fintech"."transactions" 
                    WHERE cpf = '71078566429'
                
🔵 [PostgresProvider] Query executada com sucesso. Retornou 6 linha(s)
🔵 [PostgresProvider] Executando Query: 
                    SELECT id, type, amount, description, date 
                    FROM "fintech"."transactions" 
                    WHERE cpf = '06130438044'
                
🔵 [PostgresProvider] Query executada com sucesso. Retornou 15 linha(s)
🔵 [PostgresProvider] Executando Query: 
                    SELECT id, type, amount, description, date 
                    FROM "fintech"."transactions" 
                    WHERE cpf = '27646660477'
                
🔵 [PostgresProvider] Query executada com sucesso. Retornou 9 linha(s)
🔵 [PostgresProvider] Executando Query: 
                    SELECT id, type, amount, description, date 
                    FROM "fintech"."transactions" 
                    WHERE cpf = '12902848900'
                
🔵 [PostgresProvider] Query executada com sucesso. Retornou 3 linha(s)
🔵 [PostgresProvider] Executando Query: 
                    SELECT id, type, amount, description, date 
                    FROM "fintech"."transactions" 
                    WHERE cpf = '20250513611'
                
🔵 [PostgresProvider] Query executada com sucesso. Retornou 9 linha(s)
🔵 [PostgresProvider] Executando Query: 
                    SELECT id, type, amount, description, date 
                    FROM "fintech"."transactions" 
                    WHERE cpf = '12345678909'
                
🔵 [PostgresProvider] Query executada com sucesso. Retornou 3 linha(s)
🔵 [PostgresProvider] Executando Query: 
                    SELECT id, type, amount, description, date 
                    FROM "fintech"."transactions" 
                    WHERE cpf = '12310012300'
                
🔵 [PostgresProvider] Query executada com sucesso. Retornou 6 linha(s)
🔵 [PostgresProvider] Executando Query: 
                    SELECT id, type, amount, description, date 
                    FROM "fintech"."transactions" 
                    WHERE cpf = '88339779788'
                
🔵 [PostgresProvider] Query executada com sucesso. Retornou 6 linha(s)
🔵 [PostgresProvider] Executando Query: 
                    SELECT id, type, amount, description, date 
                    FROM "fintech"."transactions" 
                    WHERE cpf = '90917191782'
                
🔵 [PostgresProvider] Query executada com sucesso. Retornou 6 linha(s)
🔵 [PostgresProvider] Executando Query: 
                    SELECT id, type, amount, description, date 
                    FROM "fintech"."transactions" 
                    WHERE cpf = '02816769844'
                
🔵 [PostgresProvider] Query executada com sucesso. Retornou 16 linha(s)
🔵 [PostgresProvider] Executando Query: 
                    SELECT id, type, amount, description, date 
                    FROM "fintech"."transactions" 
                    WHERE cpf = '42718533218'
                
🔵 [PostgresProvider] Query executada com sucesso. Retornou 6 linha(s)
🔵 [PostgresProvider] Executando Query: 
                    SELECT id, type, amount, description, date 
                    FROM "fintech"."transactions" 
                    WHERE cpf = '20732675561'
                
🔵 [PostgresProvider] Query executada com sucesso. Retornou 6 linha(s)
🔵 [PostgresProvider] Executando Query: 
                    SELECT id, type, amount, description, date 
                    FROM "fintech"."transactions" 
                    WHERE cpf = '46945365409'
                
🔵 [PostgresProvider] Query executada com sucesso. Retornou 3 linha(s)
🔵 [PostgresProvider] Executando Query: 
                    SELECT id, type, amount, description, date 
                    FROM "fintech"."transactions" 
                    WHERE cpf = '72330955820'
                
🔵 [PostgresProvider] Query executada com sucesso. Retornou 7 linha(s)
🔵 [PostgresProvider] Executando Query: 
                    SELECT id, type, amount, description, date 
                    FROM "fintech"."transactions" 
                    WHERE cpf = '80535757654'
                
🔵 [PostgresProvider] Query executada com sucesso. Retornou 6 linha(s)
🔵 [PostgresProvider] Executando Query: 
                    SELECT id, type, amount, description, date 
                    FROM "fintech"."transactions" 
                    WHERE cpf = '34721461410'
                
🔵 [PostgresProvider] Query executada com sucesso. Retornou 10 linha(s)
🔵 [PostgresProvider] Executando Query: 
                    SELECT id, type, amount, description, date 
                    FROM "fintech"."transactions" 
                    WHERE cpf = '07817267197'
                
🔵 [PostgresProvider] Query executada com sucesso. Retornou 3 linha(s)
🔵 [PostgresProvider] Executando Query: 
                    SELECT id, type, amount, description, date 
                    FROM "fintech"."transactions" 
                    WHERE cpf = '42975897884'
                
🔵 [PostgresProvider] Query executada com sucesso. Retornou 6 linha(s)
🔵 [PostgresProvider] Executando Query: 
                    SELECT id, type, amount, description, date 
                    FROM "fintech"."transactions" 
                    WHERE cpf = '72856446096'
                
🔵 [PostgresProvider] Query executada com sucesso. Retornou 9 linha(s)
🔵 [PostgresProvider] Executando Query: 
                    SELECT id, type, amount, description, date 
                    FROM "fintech"."transactions" 
                    WHERE cpf = '76726514039'
                
🔵 [PostgresProvider] Query executada com sucesso. Retornou 9 linha(s)
🔵 [PostgresProvider] Executando Query: 
                    SELECT id, type, amount, description, date 
                    FROM "fintech"."transactions" 
                    WHERE cpf = '77529588591'
                
🔵 [PostgresProvider] Query executada com sucesso. Retornou 9 linha(s)
🔵 [PostgresProvider] Executando Query: 
                    SELECT id, type, amount, description, date 
                    FROM "fintech"."transactions" 
                    WHERE cpf = '65184684166'
                
🔵 [PostgresProvider] Query executada com sucesso. Retornou 9 linha(s)
🔵 [PostgresProvider] Executando Query: 
                    SELECT id, type, amount, description, date 
                    FROM "fintech"."transactions" 
                    WHERE cpf = '05458223608'
                
🔵 [PostgresProvider] Query executada com sucesso. Retornou 6 linha(s)
🔵 [PostgresProvider] Executando Query: 
                    SELECT id, type, amount, description, date 
                    FROM "fintech"."transactions" 
                    WHERE cpf = '57673944623'
                
🔵 [PostgresProvider] Query executada com sucesso. Retornou 9 linha(s)
🔵 [PostgresProvider] Executando Query: 
                    SELECT id, type, amount, description, date 
                    FROM "fintech"."transactions" 
                    WHERE cpf = '77766655544'
                
🔵 [PostgresProvider] Query executada com sucesso. Retornou 9 linha(s)
🔵 [PostgresProvider] Executando Query: 
                    SELECT id, type, amount, description, date 
                    FROM "fintech"."transactions" 
                    WHERE cpf = '33522298364'
                
🔵 [PostgresProvider] Query executada com sucesso. Retornou 6 linha(s)
🔵 [PostgresProvider] Executando Query: 
                    SELECT id, type, amount, description, date 
                    FROM "fintech"."transactions" 
                    WHERE cpf = '65451936372'
                
🔵 [PostgresProvider] Query executada com sucesso. Retornou 6 linha(s)
🔵 [PostgresProvider] Executando Query: 
                    SELECT id, type, amount, description, date 
                    FROM "fintech"."transactions" 
                    WHERE cpf = '66414169091'
                
🔵 [PostgresProvider] Query executada com sucesso. Retornou 6 linha(s)
🔵 [PostgresProvider] Executando Query: 
                    SELECT id, type, amount, description, date 
                    FROM "fintech"."transactions" 
                    WHERE cpf = '98765432100'
                
🔵 [PostgresProvider] Query executada com sucesso. Retornou 9 linha(s)
🔵 [PostgresProvider] Executando Query: 
                    SELECT id, type, amount, description, date 
                    FROM "fintech"."transactions" 
                    WHERE cpf = '73012176728'
                
🔵 [PostgresProvider] Query executada com sucesso. Retornou 6 linha(s)
🔵 [PostgresProvider] Executando Query: 
                    SELECT id, type, amount, description, date 
                    FROM "fintech"."transactions" 
                    WHERE cpf = '18011225638'
                
🔵 [PostgresProvider] Query executada com sucesso. Retornou 6 linha(s)
🔵 [PostgresProvider] Executando Query: 
                    SELECT id, type, amount, description, date 
                    FROM "fintech"."transactions" 
                    WHERE cpf = '25713468361'
                
🔵 [PostgresProvider] Query executada com sucesso. Retornou 6 linha(s)
🔵 [PostgresProvider] Executando Query: 
                    SELECT id, type, amount, description, date 
                    FROM "fintech"."transactions" 
                    WHERE cpf = '24930613945'
                
🔵 [PostgresProvider] Query executada com sucesso. Retornou 9 linha(s)
🔵 [PostgresProvider] Executando Query: 
                    SELECT id, type, amount, description, date 
                    FROM "fintech"."transactions" 
                    WHERE cpf = '16165143539'
                
🔵 [PostgresProvider] Query executada com sucesso. Retornou 6 linha(s)
🔵 [PostgresProvider] Executando Query: 
                    SELECT id, type, amount, description, date 
                    FROM "fintech"."transactions" 
                    WHERE cpf = '99999999999'
                
🔵 [PostgresProvider] Query executada com sucesso. Retornou 26 linha(s)
🔵 [PostgresProvider] Executando Query: 
                    SELECT id, type, amount, description, date 
                    FROM "fintech"."transactions" 
                    WHERE cpf = '02915062919'
                
🔵 [PostgresProvider] Query executada com sucesso. Retornou 3 linha(s)
🔵 [PostgresProvider] Executando Query: 
                    SELECT id, type, amount, description, date 
                    FROM "fintech"."transactions" 
                    WHERE cpf = '66655544433'
                
🔵 [PostgresProvider] Query executada com sucesso. Retornou 3 linha(s)
🔵 [PostgresProvider] Executando Query: 
                    SELECT id, type, amount, description, date 
                    FROM "fintech"."transactions" 
                    WHERE cpf = '88877766655'
                
🔵 [PostgresProvider] Query executada com sucesso. Retornou 6 linha(s)
🔵 [PostgresProvider] Executando Query: 
                    SELECT id, type, amount, description, date 
                    FROM "fintech"."transactions" 
                    WHERE cpf = '38882777448'
                
🔵 [PostgresProvider] Query executada com sucesso. Retornou 6 linha(s)
🔵 [PostgresProvider] Executando Query: 
                    SELECT id, type, amount, description, date 
                    FROM "fintech"."transactions" 
                    WHERE cpf = '80417045181'
                
🔵 [PostgresProvider] Query executada com sucesso. Retornou 6 linha(s)
🔵 [PostgresProvider] Executando Query: 
                    SELECT id, type, amount, description, date 
                    FROM "fintech"."transactions" 
                    WHERE cpf = '96937494050'
                
🔵 [PostgresProvider] Query executada com sucesso. Retornou 9 linha(s)
🔵 [PostgresProvider] Executando Query: 
                    SELECT id, type, amount, description, date 
                    FROM "fintech"."transactions" 
                    WHERE cpf = '26986473966'
                
🔵 [PostgresProvider] Query executada com sucesso. Retornou 9 linha(s)
🔵 [PostgresProvider] Executando Query: 
                    SELECT id, type, amount, description, date 
                    FROM "fintech"."transactions" 
                    WHERE cpf = '04617745777'
                
🔵 [PostgresProvider] Query executada com sucesso. Retornou 34 linha(s)
🔵 [PostgresProvider] Executando Query: 
                    SELECT id, type, amount, description, date 
                    FROM "fintech"."transactions" 
                    WHERE cpf = '51243235758'
                
🔵 [PostgresProvider] Query executada com sucesso. Retornou 6 linha(s)
🔵 [PostgresProvider] Executando Query: 
                    SELECT id, type, amount, description, date 
                    FROM "fintech"."transactions" 
                    WHERE cpf = '35982714763'
                
🔵 [PostgresProvider] Query executada com sucesso. Retornou 6 linha(s)
🔵 [PostgresProvider] Executando Query: 
                    SELECT id, type, amount, description, date 
                    FROM "fintech"."transactions" 
                    WHERE cpf = '12312312388'
                
🔵 [PostgresProvider] Query executada com sucesso. Retornou 7 linha(s)
🔵 [PostgresProvider] Executando Query: 
                    SELECT id, type, amount, description, date 
                    FROM "fintech"."transactions" 
                    WHERE cpf = '82499572612'
                
🔵 [PostgresProvider] Query executada com sucesso. Retornou 6 linha(s)
🔵 [PostgresProvider] Executando Query: 
                    SELECT id, type, amount, description, date 
                    FROM "fintech"."transactions" 
                    WHERE cpf = '97504636177'
                
🔵 [PostgresProvider] Query executada com sucesso. Retornou 6 linha(s)
🔵 [PostgresProvider] Executando Query: 
                    SELECT id, type, amount, description, date 
                    FROM "fintech"."transactions" 
                    WHERE cpf = '75775457404'
                
🔵 [PostgresProvider] Query executada com sucesso. Retornou 9 linha(s)
🔵 [PostgresProvider] Executando Query: 
                    SELECT id, type, amount, description, date 
                    FROM "fintech"."transactions" 
                    WHERE cpf = '28832869497'
                
🔵 [PostgresProvider] Query executada com sucesso. Retornou 9 linha(s)
🔵 [PostgresProvider] Executando Query: 
                    SELECT id, type, amount, description, date 
                    FROM "fintech"."transactions" 
                    WHERE cpf = '44444444444'
                
🔵 [PostgresProvider] Query executada com sucesso. Retornou 31 linha(s)
🔵 [PostgresProvider] Executando Query: 
                    SELECT id, type, amount, description, date 
                    FROM "fintech"."transactions" 
                    WHERE cpf = '34310951783'
                
🔵 [PostgresProvider] Query executada com sucesso. Retornou 3 linha(s)
🔵 [PostgresProvider] Executando Query: 
                    SELECT id, type, amount, description, date 
                    FROM "fintech"."transactions" 
                    WHERE cpf = '88888888888'
                
🔵 [PostgresProvider] Query executada com sucesso. Retornou 6 linha(s)
🔵 [PostgresProvider] Executando Query: 
                    SELECT id, type, amount, description, date 
                    FROM "fintech"."transactions" 
                    WHERE cpf = '42681570697'
                
🔵 [PostgresProvider] Query executada com sucesso. Retornou 6 linha(s)
🔵 [PostgresProvider] Executando Query: 
                    SELECT id, type, amount, description, date 
                    FROM "fintech"."transactions" 
                    WHERE cpf = '58480256907'
                
🔵 [PostgresProvider] Query executada com sucesso. Retornou 3 linha(s)
🔵 [PostgresProvider] Executando Query: 
                    SELECT id, type, amount, description, date 
                    FROM "fintech"."transactions" 
                    WHERE cpf = '38160081359'
                
🔵 [PostgresProvider] Query executada com sucesso. Retornou 6 linha(s)
🔵 [PostgresProvider] Executando Query: 
                    SELECT id, type, amount, description, date 
                    FROM "fintech"."transactions" 
                    WHERE cpf = '98215828507'
                
🔵 [PostgresProvider] Query executada com sucesso. Retornou 6 linha(s)
🔵 [PostgresProvider] Executando Query: 
                    SELECT id, type, amount, description, date 
                    FROM "fintech"."transactions" 
                    WHERE cpf = '86236132526'
                
🔵 [PostgresProvider] Query executada com sucesso. Retornou 3 linha(s)
🔵 [PostgresProvider] Executando Query: 
                    SELECT id, type, amount, description, date 
                    FROM "fintech"."transactions" 
                    WHERE cpf = '61111863709'
                
🔵 [PostgresProvider] Query executada com sucesso. Retornou 11 linha(s)
🔵 [PostgresProvider] Executando Query: 
                    SELECT id, type, amount, description, date 
                    FROM "fintech"."transactions" 
                    WHERE cpf = '12312312312'
                
🔵 [PostgresProvider] Query executada com sucesso. Retornou 9 linha(s)
🔵 [PostgresProvider] Executando Query: 
                    SELECT id, type, amount, description, date 
                    FROM "fintech"."transactions" 
                    WHERE cpf = '10020030045'
                
🔵 [PostgresProvider] Query executada com sucesso. Retornou 7 linha(s)
🔵 [PostgresProvider] Executando Query: 
                    SELECT id, type, amount, description, date 
                    FROM "fintech"."transactions" 
                    WHERE cpf = '42111679011'
                
🔵 [PostgresProvider] Query executada com sucesso. Retornou 9 linha(s)
🔵 [PostgresProvider] Executando Query: 
                    SELECT id, type, amount, description, date 
                    FROM "fintech"."transactions" 
                    WHERE cpf = '22222222222'
                
🔵 [PostgresProvider] Query executada com sucesso. Retornou 17 linha(s)
🔵 [PostgresProvider] Executando Query: 
                    SELECT id, type, amount, description, date 
                    FROM "fintech"."transactions" 
                    WHERE cpf = '18956389652'
                
🔵 [PostgresProvider] Query executada com sucesso. Retornou 6 linha(s)
🔵 [PostgresProvider] Executando Query: 
                    SELECT id, type, amount, description, date 
                    FROM "fintech"."transactions" 
                    WHERE cpf = '43204282856'
                
🔵 [PostgresProvider] Query executada com sucesso. Retornou 6 linha(s)
🔵 [PostgresProvider] Executando Query: 
                    SELECT id, type, amount, description, date 
                    FROM "fintech"."transactions" 
                    WHERE cpf = '12312312399'
                
🔵 [PostgresProvider] Query executada com sucesso. Retornou 9 linha(s)
🔵 [PostgresProvider] Executando Query: 
                    SELECT id, type, amount, description, date 
                    FROM "fintech"."transactions" 
                    WHERE cpf = '73129536620'
                
🔵 [PostgresProvider] Query executada com sucesso. Retornou 9 linha(s)
🔵 [PostgresProvider] Executando Query: 
                    SELECT id, type, amount, description, date 
                    FROM "fintech"."transactions" 
                    WHERE cpf = '11111111111'
                
🔵 [PostgresProvider] Query executada com sucesso. Retornou 57 linha(s)
🔵 [PostgresProvider] Executando Query: 
                    SELECT id, type, amount, description, date 
                    FROM "fintech"."transactions" 
                    WHERE cpf = '33333333333'
                
🔵 [PostgresProvider] Query executada com sucesso. Retornou 16 linha(s)
🔵 [PostgresProvider] Executando Query: 
                    SELECT id, type, amount, description, date 
                    FROM "fintech"."transactions" 
                    WHERE cpf = '77766655599'
                
🔵 [PostgresProvider] Query executada com sucesso. Retornou 6 linha(s)
🔵 [PostgresProvider] Executando Query: 
                    SELECT id, type, amount, description, date 
                    FROM "fintech"."transactions" 
                    WHERE cpf = '77777777777'
                
🔵 [PostgresProvider] Query executada com sucesso. Retornou 9 linha(s)
🔵 [PostgresProvider] Executando Query: 
                    SELECT id, type, amount, description, date 
                    FROM "fintech"."transactions" 
                    WHERE cpf = '92454501635'
                
🔵 [PostgresProvider] Query executada com sucesso. Retornou 9 linha(s)
🔵 [PostgresProvider] Executando Query: 
                    SELECT id, type, amount, description, date 
                    FROM "fintech"."transactions" 
                    WHERE cpf = '27888186700'
                
🔵 [PostgresProvider] Query executada com sucesso. Retornou 9 linha(s)
🔵 [PostgresProvider] Executando Query: 
                    SELECT id, type, amount, description, date 
                    FROM "fintech"."transactions" 
                    WHERE cpf = '76925831102'
                
🔵 [PostgresProvider] Query executada com sucesso. Retornou 6 linha(s)
🔵 [PostgresProvider] Executando Query: 
                    SELECT id, type, amount, description, date 
                    FROM "fintech"."transactions" 
                    WHERE cpf = '95654548522'
                
🔵 [PostgresProvider] Query executada com sucesso. Retornou 6 linha(s)
🔵 [PostgresProvider] Executando Query: 
                    SELECT id, type, amount, description, date 
                    FROM "fintech"."transactions" 
                    WHERE cpf = '81722521295'
                
🔵 [PostgresProvider] Query executada com sucesso. Retornou 6 linha(s)
🔵 [PostgresProvider] Executando Query: 
                    SELECT id, type, amount, description, date 
                    FROM "fintech"."transactions" 
                    WHERE cpf = '67154864257'
                
🔵 [PostgresProvider] Query executada com sucesso. Retornou 9 linha(s)
🔵 [PostgresProvider] Executando Query: 
                    SELECT id, type, amount, description, date 
                    FROM "fintech"."transactions" 
                    WHERE cpf = '24719788947'
                
🔵 [PostgresProvider] Query executada com sucesso. Retornou 6 linha(s)
🔵 [PostgresProvider] Executando Query: 
                    SELECT id, type, amount, description, date 
                    FROM "fintech"."transactions" 
                    WHERE cpf = '28818393472'
                
🔵 [PostgresProvider] Query executada com sucesso. Retornou 9 linha(s)
🔵 [PostgresProvider] Executando Query: 
                    SELECT id, type, amount, description, date 
                    FROM "fintech"."transactions" 
                    WHERE cpf = '85246671844'
                
🔵 [PostgresProvider] Query executada com sucesso. Retornou 9 linha(s)
🔵 [PostgresProvider] Executando Query: 
                    SELECT id, type, amount, description, date 
                    FROM "fintech"."transactions" 
                    WHERE cpf = '26775244657'
                
🔵 [PostgresProvider] Query executada com sucesso. Retornou 9 linha(s)
🔵 [PostgresProvider] Executando Query: 
                    SELECT id, type, amount, description, date 
                    FROM "fintech"."transactions" 
                    WHERE cpf = '64866656883'
                
🔵 [PostgresProvider] Query executada com sucesso. Retornou 9 linha(s)
🔵 [PostgresProvider] Executando Query: 
                    SELECT id, type, amount, description, date 
                    FROM "fintech"."transactions" 
                    WHERE cpf = '19231521659'
                
🔵 [PostgresProvider] Query executada com sucesso. Retornou 3 linha(s)
🔵 [PostgresProvider] Executando Query: 
                    SELECT id, type, amount, description, date 
                    FROM "fintech"."transactions" 
                    WHERE cpf = '68141495240'
                
🔵 [PostgresProvider] Query executada com sucesso. Retornou 6 linha(s)
🔵 [PostgresProvider] Executando Query: 
                    SELECT id, type, amount, description, date 
                    FROM "fintech"."transactions" 
                    WHERE cpf = '87588846615'
                
🔵 [PostgresProvider] Query executada com sucesso. Retornou 6 linha(s)
🔵 [PostgresProvider] Executando Query: 
                    SELECT id, type, amount, description, date 
                    FROM "fintech"."transactions" 
                    WHERE cpf = '99900011144'
                
🔵 [PostgresProvider] Query executada com sucesso. Retornou 7 linha(s)
🔵 [PostgresProvider] Executando Query: 
                    SELECT id, type, amount, description, date 
                    FROM "fintech"."transactions" 
                    WHERE cpf = '78475680046'
                
🔵 [PostgresProvider] Query executada com sucesso. Retornou 6 linha(s)
[CronReconciliationJob] Conciliação concluída com sucesso. Usuários auditados: 125, Inconsistências: 0.
[Cron] Executando Invoice Engine...
[InvoiceEngine] Iniciando verificação de faturas...
🔵 [PostgresProvider] Executando Query: SELECT cpf, credit_card_invoice_due_date, credit_card_due_day FROM "fintech"."users" WHERE credit_card_invoice_due_date IS NOT NULL
🔵 [PostgresProvider] Query executada com sucesso. Retornou 130 linha(s)
[InvoiceEngine] 130 usuários encontrados para verificação.
🔵 [PostgresProvider] Executando Query: SELECT * FROM "fintech"."billing_config" WHERE id = 1
🔵 [PostgresProvider] Query executada com sucesso. Retornou 1 linha(s)
[InvoiceEngine] Concluído. 0 faturas fechadas/roladas.
[Cron] Executando validação de faturamento (inadimplência/encargos)...
🔵 [PostgresProvider] Executando Query: SELECT * FROM "fintech"."billing_config" WHERE id = 1
🔵 [PostgresProvider] Query executada com sucesso. Retornou 1 linha(s)
🔵 [PostgresProvider] Executando Query: 
        SELECT cpf, credit_card_invoice_due_date,
               COALESCE(account_status,'adimplente') AS account_status,
               COALESCE(days_overdue, 0) AS days_overdue,
               COALESCE(credit_card_available_limit, 0) AS credit_card_available_limit,
               COALESCE(credit_card_total_limit, 5000) AS credit_card_total_limit
        FROM "fintech"."users"
    
🔵 [PostgresProvider] Query executada com sucesso. Retornou 131 linha(s)
🔵 [PostgresProvider] Executando Query: 
        SELECT cpf, due_date, valor_total, COALESCE(valor_pago, 0) AS valor_pago FROM "fintech"."invoices"
        WHERE status = 'FECHADA' AND data_pagamento IS NULL
        ORDER BY due_date DESC
    
🔵 [PostgresProvider] Query executada com sucesso. Retornou 62 linha(s)
[DEBUG] CPF: 76671725950, dueDate: Fri Jul 10 2026 00:00:00 GMT-0300 (Horário Padrão de Brasília), today: Fri Jul 31 2026 00:00:00 GMT-0300 (Horário Padrão de Brasília), diffMs: 1814400000, daysOverdue: 21, newStatus: inadimplente
🔵 [PostgresProvider] Executando Query: 
                    SELECT charge_type, COALESCE(SUM(amount), 0) AS total
                    FROM "fintech"."billing_charges"
                    WHERE cpf = '76671725950' AND invoice_reference = '2026-08' AND status = 'pending'
                    GROUP BY charge_type
                
🔵 [PostgresProvider] Query executada com sucesso. Retornou 4 linha(s)
[DEBUG] CPF: 12464865954, dueDate: Fri Jul 10 2026 00:00:00 GMT-0300 (Horário Padrão de Brasília), today: Fri Jul 31 2026 00:00:00 GMT-0300 (Horário Padrão de Brasília), diffMs: 1814400000, daysOverdue: 21, newStatus: inadimplente
🔵 [PostgresProvider] Executando Query: 
                    SELECT charge_type, COALESCE(SUM(amount), 0) AS total
                    FROM "fintech"."billing_charges"
                    WHERE cpf = '12464865954' AND invoice_reference = '2026-08' AND status = 'pending'
                    GROUP BY charge_type
                
🔵 [PostgresProvider] Query executada com sucesso. Retornou 4 linha(s)
[DEBUG] CPF: 48318883543, dueDate: Fri Jul 10 2026 00:00:00 GMT-0300 (Horário Padrão de Brasília), today: Fri Jul 31 2026 00:00:00 GMT-0300 (Horário Padrão de Brasília), diffMs: 1814400000, daysOverdue: 21, newStatus: inadimplente
🔵 [PostgresProvider] Executando Query: 
                    SELECT charge_type, COALESCE(SUM(amount), 0) AS total
                    FROM "fintech"."billing_charges"
                    WHERE cpf = '48318883543' AND invoice_reference = '2026-08' AND status = 'pending'
                    GROUP BY charge_type
                
🔵 [PostgresProvider] Query executada com sucesso. Retornou 4 linha(s)
[DEBUG] CPF: 24662236606, dueDate: Fri Jul 10 2026 00:00:00 GMT-0300 (Horário Padrão de Brasília), today: Fri Jul 31 2026 00:00:00 GMT-0300 (Horário Padrão de Brasília), diffMs: 1814400000, daysOverdue: 21, newStatus: inadimplente
🔵 [PostgresProvider] Executando Query: 
                    SELECT charge_type, COALESCE(SUM(amount), 0) AS total
                    FROM "fintech"."billing_charges"
                    WHERE cpf = '24662236606' AND invoice_reference = '2026-08' AND status = 'pending'
                    GROUP BY charge_type
                
🔵 [PostgresProvider] Query executada com sucesso. Retornou 4 linha(s)
🔵 [PostgresProvider] Executando Query: 
                UPDATE "fintech"."users"
                SET account_status = 'inadimplente', days_overdue = 21, updated_at = CURRENT_TIMESTAMP
                WHERE cpf = '24662236606'
            
🔵 [PostgresProvider] Query executada com sucesso. Retornou 0 linha(s)
[DEBUG] CPF: 37810513150, dueDate: Fri Jul 10 2026 00:00:00 GMT-0300 (Horário Padrão de Brasília), today: Fri Jul 31 2026 00:00:00 GMT-0300 (Horário Padrão de Brasília), diffMs: 1814400000, daysOverdue: 21, newStatus: inadimplente
🔵 [PostgresProvider] Executando Query: 
                    SELECT charge_type, COALESCE(SUM(amount), 0) AS total
                    FROM "fintech"."billing_charges"
                    WHERE cpf = '37810513150' AND invoice_reference = '2026-08' AND status = 'pending'
                    GROUP BY charge_type
                
🔵 [PostgresProvider] Query executada com sucesso. Retornou 4 linha(s)
🔵 [PostgresProvider] Executando Query: 
                UPDATE "fintech"."users"
                SET account_status = 'inadimplente', days_overdue = 21, updated_at = CURRENT_TIMESTAMP
                WHERE cpf = '37810513150'
            
🔵 [PostgresProvider] Query executada com sucesso. Retornou 0 linha(s)
[DEBUG] CPF: 93852856961, dueDate: Fri Jul 10 2026 00:00:00 GMT-0300 (Horário Padrão de Brasília), today: Fri Jul 31 2026 00:00:00 GMT-0300 (Horário Padrão de Brasília), diffMs: 1814400000, daysOverdue: 21, newStatus: inadimplente
🔵 [PostgresProvider] Executando Query: 
                    SELECT charge_type, COALESCE(SUM(amount), 0) AS total
                    FROM "fintech"."billing_charges"
                    WHERE cpf = '93852856961' AND invoice_reference = '2026-08' AND status = 'pending'
                    GROUP BY charge_type
                
🔵 [PostgresProvider] Query executada com sucesso. Retornou 4 linha(s)
🔵 [PostgresProvider] Executando Query: 
                UPDATE "fintech"."users"
                SET account_status = 'inadimplente', days_overdue = 21, updated_at = CURRENT_TIMESTAMP
                WHERE cpf = '93852856961'
            
🔵 [PostgresProvider] Query executada com sucesso. Retornou 0 linha(s)
[DEBUG] CPF: 16266323249, dueDate: Fri Jul 10 2026 00:00:00 GMT-0300 (Horário Padrão de Brasília), today: Fri Jul 31 2026 00:00:00 GMT-0300 (Horário Padrão de Brasília), diffMs: 1814400000, daysOverdue: 21, newStatus: inadimplente
🔵 [PostgresProvider] Executando Query: 
                    SELECT charge_type, COALESCE(SUM(amount), 0) AS total
                    FROM "fintech"."billing_charges"
                    WHERE cpf = '16266323249' AND invoice_reference = '2026-08' AND status = 'pending'
                    GROUP BY charge_type
                
🔵 [PostgresProvider] Query executada com sucesso. Retornou 4 linha(s)
[DEBUG] CPF: 44794065574, dueDate: Fri Jul 10 2026 00:00:00 GMT-0300 (Horário Padrão de Brasília), today: Fri Jul 31 2026 00:00:00 GMT-0300 (Horário Padrão de Brasília), diffMs: 1814400000, daysOverdue: 21, newStatus: inadimplente
🔵 [PostgresProvider] Executando Query: 
                    SELECT charge_type, COALESCE(SUM(amount), 0) AS total
                    FROM "fintech"."billing_charges"
                    WHERE cpf = '44794065574' AND invoice_reference = '2026-08' AND status = 'pending'
                    GROUP BY charge_type
                
🔵 [PostgresProvider] Query executada com sucesso. Retornou 4 linha(s)
🔵 [PostgresProvider] Executando Query: 
                UPDATE "fintech"."users"
                SET account_status = 'inadimplente', days_overdue = 21, updated_at = CURRENT_TIMESTAMP
                WHERE cpf = '44794065574'
            
🔵 [PostgresProvider] Query executada com sucesso. Retornou 0 linha(s)
[DEBUG] CPF: 42194343806, dueDate: Fri Jul 10 2026 00:00:00 GMT-0300 (Horário Padrão de Brasília), today: Fri Jul 31 2026 00:00:00 GMT-0300 (Horário Padrão de Brasília), diffMs: 1814400000, daysOverdue: 21, newStatus: inadimplente
🔵 [PostgresProvider] Executando Query: 
                    SELECT charge_type, COALESCE(SUM(amount), 0) AS total
                    FROM "fintech"."billing_charges"
                    WHERE cpf = '42194343806' AND invoice_reference = '2026-08' AND status = 'pending'
                    GROUP BY charge_type
                
🔵 [PostgresProvider] Query executada com sucesso. Retornou 4 linha(s)
🔵 [PostgresProvider] Executando Query: 
                            INSERT INTO "fintech"."billing_charges"
                            (id, cpf, invoice_reference, charge_type, amount, days_overdue, invoice_amount)
                            VALUES
                            ('42194343806_2026-08_1785466800266_iof', '42194343806', '2026-08', 'iof', 0.32, 21, 3870.86)
                        
🔵 [PostgresProvider] Query executada com sucesso. Retornou 0 linha(s)
🔵 [PostgresProvider] Executando Query: 
                            INSERT INTO "fintech"."billing_charges"
                            (id, cpf, invoice_reference, charge_type, amount, days_overdue, invoice_amount)
                            VALUES
                            ('42194343806_2026-08_1785466800269_juros_remuneratorios', '42194343806', '2026-08', 'juros_remuneratorios', 19.86, 21, 3870.86)
                        
🔵 [PostgresProvider] Query executada com sucesso. Retornou 0 linha(s)
🔵 [PostgresProvider] Executando Query: 
                            INSERT INTO "fintech"."billing_charges"
                            (id, cpf, invoice_reference, charge_type, amount, days_overdue, invoice_amount)
                            VALUES
                            ('42194343806_2026-08_1785466800272_juros_mora', '42194343806', '2026-08', 'juros_mora', 1.29, 21, 3870.86)
                        
🔵 [PostgresProvider] Query executada com sucesso. Retornou 0 linha(s)
🔵 [PostgresProvider] Executando Query: 
                UPDATE "fintech"."users"
                SET account_status = 'inadimplente', days_overdue = 21, updated_at = CURRENT_TIMESTAMP
                WHERE cpf = '42194343806'
            
🔵 [PostgresProvider] Query executada com sucesso. Retornou 0 linha(s)
[DEBUG] CPF: 77551164685, dueDate: Fri Jul 10 2026 00:00:00 GMT-0300 (Horário Padrão de Brasília), today: Fri Jul 31 2026 00:00:00 GMT-0300 (Horário Padrão de Brasília), diffMs: 1814400000, daysOverdue: 21, newStatus: inadimplente
🔵 [PostgresProvider] Executando Query: 
                    SELECT charge_type, COALESCE(SUM(amount), 0) AS total
                    FROM "fintech"."billing_charges"
                    WHERE cpf = '77551164685' AND invoice_reference = '2026-08' AND status = 'pending'
                    GROUP BY charge_type
                
🔵 [PostgresProvider] Query executada com sucesso. Retornou 4 linha(s)
🔵 [PostgresProvider] Executando Query: 
                            INSERT INTO "fintech"."billing_charges"
                            (id, cpf, invoice_reference, charge_type, amount, days_overdue, invoice_amount)
                            VALUES
                            ('77551164685_2026-08_1785466800281_iof', '77551164685', '2026-08', 'iof', 0.32, 21, 3870.86)
                        
🔵 [PostgresProvider] Query executada com sucesso. Retornou 0 linha(s)
🔵 [PostgresProvider] Executando Query: 
                            INSERT INTO "fintech"."billing_charges"
                            (id, cpf, invoice_reference, charge_type, amount, days_overdue, invoice_amount)
                            VALUES
                            ('77551164685_2026-08_1785466800284_juros_remuneratorios', '77551164685', '2026-08', 'juros_remuneratorios', 19.86, 21, 3870.86)
                        
🔵 [PostgresProvider] Query executada com sucesso. Retornou 0 linha(s)
🔵 [PostgresProvider] Executando Query: 
                            INSERT INTO "fintech"."billing_charges"
                            (id, cpf, invoice_reference, charge_type, amount, days_overdue, invoice_amount)
                            VALUES
                            ('77551164685_2026-08_1785466800287_juros_mora', '77551164685', '2026-08', 'juros_mora', 1.29, 21, 3870.86)
                        
🔵 [PostgresProvider] Query executada com sucesso. Retornou 0 linha(s)
🔵 [PostgresProvider] Executando Query: 
                UPDATE "fintech"."users"
                SET account_status = 'inadimplente', days_overdue = 21, updated_at = CURRENT_TIMESTAMP
                WHERE cpf = '77551164685'
            
🔵 [PostgresProvider] Query executada com sucesso. Retornou 0 linha(s)
[DEBUG] CPF: 77680674957, dueDate: Fri Jul 10 2026 00:00:00 GMT-0300 (Horário Padrão de Brasília), today: Fri Jul 31 2026 00:00:00 GMT-0300 (Horário Padrão de Brasília), diffMs: 1814400000, daysOverdue: 21, newStatus: inadimplente
🔵 [PostgresProvider] Executando Query: 
                    SELECT charge_type, COALESCE(SUM(amount), 0) AS total
                    FROM "fintech"."billing_charges"
                    WHERE cpf = '77680674957' AND invoice_reference = '2026-08' AND status = 'pending'
                    GROUP BY charge_type
                
🔵 [PostgresProvider] Query executada com sucesso. Retornou 4 linha(s)
🔵 [PostgresProvider] Executando Query: 
                            INSERT INTO "fintech"."billing_charges"
                            (id, cpf, invoice_reference, charge_type, amount, days_overdue, invoice_amount)
                            VALUES
                            ('77680674957_2026-08_1785466800295_iof', '77680674957', '2026-08', 'iof', 0.21, 21, 2517.57)
                        
🔵 [PostgresProvider] Query executada com sucesso. Retornou 0 linha(s)
🔵 [PostgresProvider] Executando Query: 
                            INSERT INTO "fintech"."billing_charges"
                            (id, cpf, invoice_reference, charge_type, amount, days_overdue, invoice_amount)
                            VALUES
                            ('77680674957_2026-08_1785466800298_juros_remuneratorios', '77680674957', '2026-08', 'juros_remuneratorios', 12.92, 21, 2517.57)
                        
🔵 [PostgresProvider] Query executada com sucesso. Retornou 0 linha(s)
🔵 [PostgresProvider] Executando Query: 
                            INSERT INTO "fintech"."billing_charges"
                            (id, cpf, invoice_reference, charge_type, amount, days_overdue, invoice_amount)
                            VALUES
                            ('77680674957_2026-08_1785466800301_juros_mora', '77680674957', '2026-08', 'juros_mora', 0.84, 21, 2517.57)
                        
🔵 [PostgresProvider] Query executada com sucesso. Retornou 0 linha(s)
🔵 [PostgresProvider] Executando Query: 
                        SELECT id FROM "fintech"."notifications"
                        WHERE cpf = '77680674957'
                          AND title = 'Pagamento mínimo de fatura ✅'
                          AND created_at > '2026-07-30T03:00:00.304Z'
                        LIMIT 1
                    
🔵 [PostgresProvider] Query executada com sucesso. Retornou 1 linha(s)
🔵 [PostgresProvider] Executando Query: 
                UPDATE "fintech"."users"
                SET account_status = 'inadimplente', days_overdue = 21, updated_at = CURRENT_TIMESTAMP
                WHERE cpf = '77680674957'
            
🔵 [PostgresProvider] Query executada com sucesso. Retornou 0 linha(s)
[DEBUG] CPF: 23736211503, dueDate: Fri Jul 10 2026 00:00:00 GMT-0300 (Horário Padrão de Brasília), today: Fri Jul 31 2026 00:00:00 GMT-0300 (Horário Padrão de Brasília), diffMs: 1814400000, daysOverdue: 21, newStatus: inadimplente
🔵 [PostgresProvider] Executando Query: 
                    SELECT charge_type, COALESCE(SUM(amount), 0) AS total
                    FROM "fintech"."billing_charges"
                    WHERE cpf = '23736211503' AND invoice_reference = '2026-08' AND status = 'pending'
                    GROUP BY charge_type
                
🔵 [PostgresProvider] Query executada com sucesso. Retornou 4 linha(s)
🔵 [PostgresProvider] Executando Query: 
                            INSERT INTO "fintech"."billing_charges"
                            (id, cpf, invoice_reference, charge_type, amount, days_overdue, invoice_amount)
                            VALUES
                            ('23736211503_2026-08_1785466800312_iof', '23736211503', '2026-08', 'iof', 0.29, 21, 3483.77)
                        
🔵 [PostgresProvider] Query executada com sucesso. Retornou 0 linha(s)
🔵 [PostgresProvider] Executando Query: 
                            INSERT INTO "fintech"."billing_charges"
                            (id, cpf, invoice_reference, charge_type, amount, days_overdue, invoice_amount)
                            VALUES
                            ('23736211503_2026-08_1785466800315_juros_remuneratorios', '23736211503', '2026-08', 'juros_remuneratorios', 17.88, 21, 3483.77)
                        
🔵 [PostgresProvider] Query executada com sucesso. Retornou 0 linha(s)
🔵 [PostgresProvider] Executando Query: 
                            INSERT INTO "fintech"."billing_charges"
                            (id, cpf, invoice_reference, charge_type, amount, days_overdue, invoice_amount)
                            VALUES
                            ('23736211503_2026-08_1785466800318_juros_mora', '23736211503', '2026-08', 'juros_mora', 1.16, 21, 3483.77)
                        
🔵 [PostgresProvider] Query executada com sucesso. Retornou 0 linha(s)
🔵 [PostgresProvider] Executando Query: 
                        SELECT id FROM "fintech"."notifications"
                        WHERE cpf = '23736211503'
                          AND title = 'Pagamento mínimo de fatura ✅'
                          AND created_at > '2026-07-30T03:00:00.323Z'
                        LIMIT 1
                    
🔵 [PostgresProvider] Query executada com sucesso. Retornou 1 linha(s)
🔵 [PostgresProvider] Executando Query: 
                UPDATE "fintech"."users"
                SET account_status = 'inadimplente', days_overdue = 21, updated_at = CURRENT_TIMESTAMP
                WHERE cpf = '23736211503'
            
🔵 [PostgresProvider] Query executada com sucesso. Retornou 0 linha(s)
[DEBUG] CPF: 88667841765, dueDate: Fri Jul 10 2026 00:00:00 GMT-0300 (Horário Padrão de Brasília), today: Fri Jul 31 2026 00:00:00 GMT-0300 (Horário Padrão de Brasília), diffMs: 1814400000, daysOverdue: 21, newStatus: inadimplente
🔵 [PostgresProvider] Executando Query: 
                    SELECT charge_type, COALESCE(SUM(amount), 0) AS total
                    FROM "fintech"."billing_charges"
                    WHERE cpf = '88667841765' AND invoice_reference = '2026-08' AND status = 'pending'
                    GROUP BY charge_type
                
🔵 [PostgresProvider] Query executada com sucesso. Retornou 4 linha(s)
🔵 [PostgresProvider] Executando Query: 
                            INSERT INTO "fintech"."billing_charges"
                            (id, cpf, invoice_reference, charge_type, amount, days_overdue, invoice_amount)
                            VALUES
                            ('88667841765_2026-08_1785466800334_iof', '88667841765', '2026-08', 'iof', 0.32, 21, 3870.86)
                        
🔵 [PostgresProvider] Query executada com sucesso. Retornou 0 linha(s)
🔵 [PostgresProvider] Executando Query: 
                            INSERT INTO "fintech"."billing_charges"
                            (id, cpf, invoice_reference, charge_type, amount, days_overdue, invoice_amount)
                            VALUES
                            ('88667841765_2026-08_1785466800337_juros_remuneratorios', '88667841765', '2026-08', 'juros_remuneratorios', 19.86, 21, 3870.86)
                        
🔵 [PostgresProvider] Query executada com sucesso. Retornou 0 linha(s)
🔵 [PostgresProvider] Executando Query: 
                            INSERT INTO "fintech"."billing_charges"
                            (id, cpf, invoice_reference, charge_type, amount, days_overdue, invoice_amount)
                            VALUES
                            ('88667841765_2026-08_1785466800339_juros_mora', '88667841765', '2026-08', 'juros_mora', 1.29, 21, 3870.86)
                        
🔵 [PostgresProvider] Query executada com sucesso. Retornou 0 linha(s)
🔵 [PostgresProvider] Executando Query: 
                UPDATE "fintech"."users"
                SET account_status = 'inadimplente', days_overdue = 21, updated_at = CURRENT_TIMESTAMP
                WHERE cpf = '88667841765'
            
🔵 [PostgresProvider] Query executada com sucesso. Retornou 0 linha(s)
[DEBUG] CPF: 27646660477, dueDate: Fri Jul 10 2026 00:00:00 GMT-0300 (Horário Padrão de Brasília), today: Fri Jul 31 2026 00:00:00 GMT-0300 (Horário Padrão de Brasília), diffMs: 1814400000, daysOverdue: 21, newStatus: inadimplente
🔵 [PostgresProvider] Executando Query: 
                    SELECT charge_type, COALESCE(SUM(amount), 0) AS total
                    FROM "fintech"."billing_charges"
                    WHERE cpf = '27646660477' AND invoice_reference = '2026-08' AND status = 'pending'
                    GROUP BY charge_type
                
🔵 [PostgresProvider] Query executada com sucesso. Retornou 4 linha(s)
🔵 [PostgresProvider] Executando Query: 
                            INSERT INTO "fintech"."billing_charges"
                            (id, cpf, invoice_reference, charge_type, amount, days_overdue, invoice_amount)
                            VALUES
                            ('27646660477_2026-08_1785466800351_juros_remuneratorios', '27646660477', '2026-08', 'juros_remuneratorios', 19.86, 21, 3870.86)
                        
🔵 [PostgresProvider] Query executada com sucesso. Retornou 0 linha(s)
🔵 [PostgresProvider] Executando Query: 
                            INSERT INTO "fintech"."billing_charges"
                            (id, cpf, invoice_reference, charge_type, amount, days_overdue, invoice_amount)
                            VALUES
                            ('27646660477_2026-08_1785466800353_juros_mora', '27646660477', '2026-08', 'juros_mora', 1.29, 21, 3870.86)
                        
🔵 [PostgresProvider] Query executada com sucesso. Retornou 0 linha(s)
🔵 [PostgresProvider] Executando Query: 
                UPDATE "fintech"."users"
                SET account_status = 'inadimplente', days_overdue = 21, updated_at = CURRENT_TIMESTAMP
                WHERE cpf = '27646660477'
            
🔵 [PostgresProvider] Query executada com sucesso. Retornou 0 linha(s)
[DEBUG] CPF: 72330955820, dueDate: Fri Jul 10 2026 00:00:00 GMT-0300 (Horário Padrão de Brasília), today: Fri Jul 31 2026 00:00:00 GMT-0300 (Horário Padrão de Brasília), diffMs: 1814400000, daysOverdue: 21, newStatus: inadimplente
🔵 [PostgresProvider] Executando Query: 
                    SELECT charge_type, COALESCE(SUM(amount), 0) AS total
                    FROM "fintech"."billing_charges"
                    WHERE cpf = '72330955820' AND invoice_reference = '2026-08' AND status = 'pending'
                    GROUP BY charge_type
                
🔵 [PostgresProvider] Query executada com sucesso. Retornou 4 linha(s)
🔵 [PostgresProvider] Executando Query: 
                        SELECT id FROM "fintech"."notifications"
                        WHERE cpf = '72330955820'
                          AND title = 'Pagamento mínimo de fatura ✅'
                          AND created_at > '2026-07-30T03:00:00.360Z'
                        LIMIT 1
                    
🔵 [PostgresProvider] Query executada com sucesso. Retornou 1 linha(s)
🔵 [PostgresProvider] Executando Query: 
                UPDATE "fintech"."users"
                SET account_status = 'inadimplente', days_overdue = 21, updated_at = CURRENT_TIMESTAMP
                WHERE cpf = '72330955820'
            
🔵 [PostgresProvider] Query executada com sucesso. Retornou 0 linha(s)
[DEBUG] CPF: 20250513611, dueDate: Fri Jul 10 2026 00:00:00 GMT-0300 (Horário Padrão de Brasília), today: Fri Jul 31 2026 00:00:00 GMT-0300 (Horário Padrão de Brasília), diffMs: 1814400000, daysOverdue: 21, newStatus: inadimplente
🔵 [PostgresProvider] Executando Query: 
                    SELECT charge_type, COALESCE(SUM(amount), 0) AS total
                    FROM "fintech"."billing_charges"
                    WHERE cpf = '20250513611' AND invoice_reference = '2026-08' AND status = 'pending'
                    GROUP BY charge_type
                
🔵 [PostgresProvider] Query executada com sucesso. Retornou 4 linha(s)
🔵 [PostgresProvider] Executando Query: 
                            INSERT INTO "fintech"."billing_charges"
                            (id, cpf, invoice_reference, charge_type, amount, days_overdue, invoice_amount)
                            VALUES
                            ('20250513611_2026-08_1785466800366_iof', '20250513611', '2026-08', 'iof', 0.32, 21, 3870.86)
                        
🔵 [PostgresProvider] Query executada com sucesso. Retornou 0 linha(s)
🔵 [PostgresProvider] Executando Query: 
                            INSERT INTO "fintech"."billing_charges"
                            (id, cpf, invoice_reference, charge_type, amount, days_overdue, invoice_amount)
                            VALUES
                            ('20250513611_2026-08_1785466800368_juros_remuneratorios', '20250513611', '2026-08', 'juros_remuneratorios', 19.86, 21, 3870.86)
                        
🔵 [PostgresProvider] Query executada com sucesso. Retornou 0 linha(s)
🔵 [PostgresProvider] Executando Query: 
                            INSERT INTO "fintech"."billing_charges"
                            (id, cpf, invoice_reference, charge_type, amount, days_overdue, invoice_amount)
                            VALUES
                            ('20250513611_2026-08_1785466800370_juros_mora', '20250513611', '2026-08', 'juros_mora', 1.29, 21, 3870.86)
                        
🔵 [PostgresProvider] Query executada com sucesso. Retornou 0 linha(s)
🔵 [PostgresProvider] Executando Query: 
                UPDATE "fintech"."users"
                SET account_status = 'inadimplente', days_overdue = 21, updated_at = CURRENT_TIMESTAMP
                WHERE cpf = '20250513611'
            
🔵 [PostgresProvider] Query executada com sucesso. Retornou 0 linha(s)
[DEBUG] CPF: 12310012300, dueDate: Sun Jul 12 2026 00:00:00 GMT-0300 (Horário Padrão de Brasília), today: Fri Jul 31 2026 00:00:00 GMT-0300 (Horário Padrão de Brasília), diffMs: 1641600000, daysOverdue: 19, newStatus: inadimplente
🔵 [PostgresProvider] Executando Query: 
                    SELECT charge_type, COALESCE(SUM(amount), 0) AS total
                    FROM "fintech"."billing_charges"
                    WHERE cpf = '12310012300' AND invoice_reference = '2026-08' AND status = 'pending'
                    GROUP BY charge_type
                
🔵 [PostgresProvider] Query executada com sucesso. Retornou 4 linha(s)
🔵 [PostgresProvider] Executando Query: 
                            INSERT INTO "fintech"."billing_charges"
                            (id, cpf, invoice_reference, charge_type, amount, days_overdue, invoice_amount)
                            VALUES
                            ('12310012300_2026-08_1785466800377_iof', '12310012300', '2026-08', 'iof', 0.32, 19, 3870.86)
                        
🔵 [PostgresProvider] Query executada com sucesso. Retornou 0 linha(s)
🔵 [PostgresProvider] Executando Query: 
                            INSERT INTO "fintech"."billing_charges"
                            (id, cpf, invoice_reference, charge_type, amount, days_overdue, invoice_amount)
                            VALUES
                            ('12310012300_2026-08_1785466800379_juros_remuneratorios', '12310012300', '2026-08', 'juros_remuneratorios', 19.85, 19, 3870.86)
                        
🔵 [PostgresProvider] Query executada com sucesso. Retornou 0 linha(s)
🔵 [PostgresProvider] Executando Query: 
                            INSERT INTO "fintech"."billing_charges"
                            (id, cpf, invoice_reference, charge_type, amount, days_overdue, invoice_amount)
                            VALUES
                            ('12310012300_2026-08_1785466800382_juros_mora', '12310012300', '2026-08', 'juros_mora', 1.29, 19, 3870.86)
                        
🔵 [PostgresProvider] Query executada com sucesso. Retornou 0 linha(s)
🔵 [PostgresProvider] Executando Query: 
                UPDATE "fintech"."users"
                SET account_status = 'inadimplente', days_overdue = 19, updated_at = CURRENT_TIMESTAMP
                WHERE cpf = '12310012300'
            
🔵 [PostgresProvider] Query executada com sucesso. Retornou 0 linha(s)
[DEBUG] CPF: 20732675561, dueDate: Wed Aug 05 2026 00:00:00 GMT-0300 (Horário Padrão de Brasília), today: Fri Jul 31 2026 00:00:00 GMT-0300 (Horário Padrão de Brasília), diffMs: -432000000, daysOverdue: 0, newStatus: adimplente
[DEBUG] CPF: 46945365409, dueDate: Wed Aug 05 2026 00:00:00 GMT-0300 (Horário Padrão de Brasília), today: Fri Jul 31 2026 00:00:00 GMT-0300 (Horário Padrão de Brasília), diffMs: -432000000, daysOverdue: 0, newStatus: adimplente
[DEBUG] CPF: 80535757654, dueDate: Wed Aug 05 2026 00:00:00 GMT-0300 (Horário Padrão de Brasília), today: Fri Jul 31 2026 00:00:00 GMT-0300 (Horário Padrão de Brasília), diffMs: -432000000, daysOverdue: 0, newStatus: adimplente
[DEBUG] CPF: 72856446096, dueDate: Fri Jul 10 2026 00:00:00 GMT-0300 (Horário Padrão de Brasília), today: Fri Jul 31 2026 00:00:00 GMT-0300 (Horário Padrão de Brasília), diffMs: 1814400000, daysOverdue: 21, newStatus: inadimplente
🔵 [PostgresProvider] Executando Query: 
                    SELECT charge_type, COALESCE(SUM(amount), 0) AS total
                    FROM "fintech"."billing_charges"
                    WHERE cpf = '72856446096' AND invoice_reference = '2026-08' AND status = 'pending'
                    GROUP BY charge_type
                
🔵 [PostgresProvider] Query executada com sucesso. Retornou 4 linha(s)
🔵 [PostgresProvider] Executando Query: 
                            INSERT INTO "fintech"."billing_charges"
                            (id, cpf, invoice_reference, charge_type, amount, days_overdue, invoice_amount)
                            VALUES
                            ('72856446096_2026-08_1785466800387_iof', '72856446096', '2026-08', 'iof', 0.32, 21, 3870.86)
                        
🔵 [PostgresProvider] Query executada com sucesso. Retornou 0 linha(s)
🔵 [PostgresProvider] Executando Query: 
                            INSERT INTO "fintech"."billing_charges"
                            (id, cpf, invoice_reference, charge_type, amount, days_overdue, invoice_amount)
                            VALUES
                            ('72856446096_2026-08_1785466800389_juros_remuneratorios', '72856446096', '2026-08', 'juros_remuneratorios', 19.86, 21, 3870.86)
                        
🔵 [PostgresProvider] Query executada com sucesso. Retornou 0 linha(s)
🔵 [PostgresProvider] Executando Query: 
                            INSERT INTO "fintech"."billing_charges"
                            (id, cpf, invoice_reference, charge_type, amount, days_overdue, invoice_amount)
                            VALUES
                            ('72856446096_2026-08_1785466800393_juros_mora', '72856446096', '2026-08', 'juros_mora', 1.29, 21, 3870.86)
                        
🔵 [PostgresProvider] Query executada com sucesso. Retornou 0 linha(s)
🔵 [PostgresProvider] Executando Query: 
                UPDATE "fintech"."users"
                SET account_status = 'inadimplente', days_overdue = 21, updated_at = CURRENT_TIMESTAMP
                WHERE cpf = '72856446096'
            
🔵 [PostgresProvider] Query executada com sucesso. Retornou 0 linha(s)
[DEBUG] CPF: 76726514039, dueDate: Fri Jul 10 2026 00:00:00 GMT-0300 (Horário Padrão de Brasília), today: Fri Jul 31 2026 00:00:00 GMT-0300 (Horário Padrão de Brasília), diffMs: 1814400000, daysOverdue: 21, newStatus: inadimplente
🔵 [PostgresProvider] Executando Query: 
                    SELECT charge_type, COALESCE(SUM(amount), 0) AS total
                    FROM "fintech"."billing_charges"
                    WHERE cpf = '76726514039' AND invoice_reference = '2026-08' AND status = 'pending'
                    GROUP BY charge_type
                
🔵 [PostgresProvider] Query executada com sucesso. Retornou 4 linha(s)
🔵 [PostgresProvider] Executando Query: 
                            INSERT INTO "fintech"."billing_charges"
                            (id, cpf, invoice_reference, charge_type, amount, days_overdue, invoice_amount)
                            VALUES
                            ('76726514039_2026-08_1785466800405_iof', '76726514039', '2026-08', 'iof', 0.32, 21, 3870.86)
                        
🔵 [PostgresProvider] Query executada com sucesso. Retornou 0 linha(s)
🔵 [PostgresProvider] Executando Query: 
                            INSERT INTO "fintech"."billing_charges"
                            (id, cpf, invoice_reference, charge_type, amount, days_overdue, invoice_amount)
                            VALUES
                            ('76726514039_2026-08_1785466800408_juros_remuneratorios', '76726514039', '2026-08', 'juros_remuneratorios', 19.86, 21, 3870.86)
                        
🔵 [PostgresProvider] Query executada com sucesso. Retornou 0 linha(s)
🔵 [PostgresProvider] Executando Query: 
                            INSERT INTO "fintech"."billing_charges"
                            (id, cpf, invoice_reference, charge_type, amount, days_overdue, invoice_amount)
                            VALUES
                            ('76726514039_2026-08_1785466800410_juros_mora', '76726514039', '2026-08', 'juros_mora', 1.29, 21, 3870.86)
                        
🔵 [PostgresProvider] Query executada com sucesso. Retornou 0 linha(s)
🔵 [PostgresProvider] Executando Query: 
                UPDATE "fintech"."users"
                SET account_status = 'inadimplente', days_overdue = 21, updated_at = CURRENT_TIMESTAMP
                WHERE cpf = '76726514039'
            
🔵 [PostgresProvider] Query executada com sucesso. Retornou 0 linha(s)
[DEBUG] CPF: 77529588591, dueDate: Fri Jul 10 2026 00:00:00 GMT-0300 (Horário Padrão de Brasília), today: Fri Jul 31 2026 00:00:00 GMT-0300 (Horário Padrão de Brasília), diffMs: 1814400000, daysOverdue: 21, newStatus: inadimplente
🔵 [PostgresProvider] Executando Query: 
                    SELECT charge_type, COALESCE(SUM(amount), 0) AS total
                    FROM "fintech"."billing_charges"
                    WHERE cpf = '77529588591' AND invoice_reference = '2026-08' AND status = 'pending'
                    GROUP BY charge_type
                
🔵 [PostgresProvider] Query executada com sucesso. Retornou 4 linha(s)
🔵 [PostgresProvider] Executando Query: 
                            INSERT INTO "fintech"."billing_charges"
                            (id, cpf, invoice_reference, charge_type, amount, days_overdue, invoice_amount)
                            VALUES
                            ('77529588591_2026-08_1785466800417_iof', '77529588591', '2026-08', 'iof', 0.32, 21, 3870.86)
                        
🔵 [PostgresProvider] Query executada com sucesso. Retornou 0 linha(s)
🔵 [PostgresProvider] Executando Query: 
                            INSERT INTO "fintech"."billing_charges"
                            (id, cpf, invoice_reference, charge_type, amount, days_overdue, invoice_amount)
                            VALUES
                            ('77529588591_2026-08_1785466800419_juros_remuneratorios', '77529588591', '2026-08', 'juros_remuneratorios', 19.86, 21, 3870.86)
                        
🔵 [PostgresProvider] Query executada com sucesso. Retornou 0 linha(s)
🔵 [PostgresProvider] Executando Query: 
                            INSERT INTO "fintech"."billing_charges"
                            (id, cpf, invoice_reference, charge_type, amount, days_overdue, invoice_amount)
                            VALUES
                            ('77529588591_2026-08_1785466800421_juros_mora', '77529588591', '2026-08', 'juros_mora', 1.29, 21, 3870.86)
                        
🔵 [PostgresProvider] Query executada com sucesso. Retornou 0 linha(s)
🔵 [PostgresProvider] Executando Query: 
                UPDATE "fintech"."users"
                SET account_status = 'inadimplente', days_overdue = 21, updated_at = CURRENT_TIMESTAMP
                WHERE cpf = '77529588591'
            
🔵 [PostgresProvider] Query executada com sucesso. Retornou 0 linha(s)
[DEBUG] CPF: 65184684166, dueDate: Fri Jul 10 2026 00:00:00 GMT-0300 (Horário Padrão de Brasília), today: Fri Jul 31 2026 00:00:00 GMT-0300 (Horário Padrão de Brasília), diffMs: 1814400000, daysOverdue: 21, newStatus: inadimplente
🔵 [PostgresProvider] Executando Query: 
                    SELECT charge_type, COALESCE(SUM(amount), 0) AS total
                    FROM "fintech"."billing_charges"
                    WHERE cpf = '65184684166' AND invoice_reference = '2026-08' AND status = 'pending'
                    GROUP BY charge_type
                
🔵 [PostgresProvider] Query executada com sucesso. Retornou 4 linha(s)
🔵 [PostgresProvider] Executando Query: 
                            INSERT INTO "fintech"."billing_charges"
                            (id, cpf, invoice_reference, charge_type, amount, days_overdue, invoice_amount)
                            VALUES
                            ('65184684166_2026-08_1785466800429_iof', '65184684166', '2026-08', 'iof', 0.32, 21, 3870.86)
                        
🔵 [PostgresProvider] Query executada com sucesso. Retornou 0 linha(s)
🔵 [PostgresProvider] Executando Query: 
                            INSERT INTO "fintech"."billing_charges"
                            (id, cpf, invoice_reference, charge_type, amount, days_overdue, invoice_amount)
                            VALUES
                            ('65184684166_2026-08_1785466800434_juros_remuneratorios', '65184684166', '2026-08', 'juros_remuneratorios', 19.86, 21, 3870.86)
                        
🔵 [PostgresProvider] Query executada com sucesso. Retornou 0 linha(s)
🔵 [PostgresProvider] Executando Query: 
                            INSERT INTO "fintech"."billing_charges"
                            (id, cpf, invoice_reference, charge_type, amount, days_overdue, invoice_amount)
                            VALUES
                            ('65184684166_2026-08_1785466800437_juros_mora', '65184684166', '2026-08', 'juros_mora', 1.29, 21, 3870.86)
                        
🔵 [PostgresProvider] Query executada com sucesso. Retornou 0 linha(s)
🔵 [PostgresProvider] Executando Query: 
                UPDATE "fintech"."users"
                SET account_status = 'inadimplente', days_overdue = 21, updated_at = CURRENT_TIMESTAMP
                WHERE cpf = '65184684166'
            
🔵 [PostgresProvider] Query executada com sucesso. Retornou 0 linha(s)
[DEBUG] CPF: 57673944623, dueDate: Fri Jul 10 2026 00:00:00 GMT-0300 (Horário Padrão de Brasília), today: Fri Jul 31 2026 00:00:00 GMT-0300 (Horário Padrão de Brasília), diffMs: 1814400000, daysOverdue: 21, newStatus: inadimplente
🔵 [PostgresProvider] Executando Query: 
                    SELECT charge_type, COALESCE(SUM(amount), 0) AS total
                    FROM "fintech"."billing_charges"
                    WHERE cpf = '57673944623' AND invoice_reference = '2026-08' AND status = 'pending'
                    GROUP BY charge_type
                
🔵 [PostgresProvider] Query executada com sucesso. Retornou 4 linha(s)
🔵 [PostgresProvider] Executando Query: 
                            INSERT INTO "fintech"."billing_charges"
                            (id, cpf, invoice_reference, charge_type, amount, days_overdue, invoice_amount)
                            VALUES
                            ('57673944623_2026-08_1785466800445_iof', '57673944623', '2026-08', 'iof', 0.32, 21, 3870.86)
                        
🔵 [PostgresProvider] Query executada com sucesso. Retornou 0 linha(s)
🔵 [PostgresProvider] Executando Query: 
                            INSERT INTO "fintech"."billing_charges"
                            (id, cpf, invoice_reference, charge_type, amount, days_overdue, invoice_amount)
                            VALUES
                            ('57673944623_2026-08_1785466800448_juros_remuneratorios', '57673944623', '2026-08', 'juros_remuneratorios', 19.86, 21, 3870.86)
                        
🔵 [PostgresProvider] Query executada com sucesso. Retornou 0 linha(s)
🔵 [PostgresProvider] Executando Query: 
                            INSERT INTO "fintech"."billing_charges"
                            (id, cpf, invoice_reference, charge_type, amount, days_overdue, invoice_amount)
                            VALUES
                            ('57673944623_2026-08_1785466800450_juros_mora', '57673944623', '2026-08', 'juros_mora', 1.29, 21, 3870.86)
                        
🔵 [PostgresProvider] Query executada com sucesso. Retornou 0 linha(s)
🔵 [PostgresProvider] Executando Query: 
                UPDATE "fintech"."users"
                SET account_status = 'inadimplente', days_overdue = 21, updated_at = CURRENT_TIMESTAMP
                WHERE cpf = '57673944623'
            
🔵 [PostgresProvider] Query executada com sucesso. Retornou 0 linha(s)
[DEBUG] CPF: 77766655544, dueDate: Fri Jul 10 2026 00:00:00 GMT-0300 (Horário Padrão de Brasília), today: Fri Jul 31 2026 00:00:00 GMT-0300 (Horário Padrão de Brasília), diffMs: 1814400000, daysOverdue: 21, newStatus: inadimplente
🔵 [PostgresProvider] Executando Query: 
                    SELECT charge_type, COALESCE(SUM(amount), 0) AS total
                    FROM "fintech"."billing_charges"
                    WHERE cpf = '77766655544' AND invoice_reference = '2026-08' AND status = 'pending'
                    GROUP BY charge_type
                
🔵 [PostgresProvider] Query executada com sucesso. Retornou 4 linha(s)
🔵 [PostgresProvider] Executando Query: 
                            INSERT INTO "fintech"."billing_charges"
                            (id, cpf, invoice_reference, charge_type, amount, days_overdue, invoice_amount)
                            VALUES
                            ('77766655544_2026-08_1785466800457_iof', '77766655544', '2026-08', 'iof', 0.32, 21, 3870.86)
                        
🔵 [PostgresProvider] Query executada com sucesso. Retornou 0 linha(s)
🔵 [PostgresProvider] Executando Query: 
                            INSERT INTO "fintech"."billing_charges"
                            (id, cpf, invoice_reference, charge_type, amount, days_overdue, invoice_amount)
                            VALUES
                            ('77766655544_2026-08_1785466800462_juros_remuneratorios', '77766655544', '2026-08', 'juros_remuneratorios', 19.86, 21, 3870.86)
                        
🔵 [PostgresProvider] Query executada com sucesso. Retornou 0 linha(s)
🔵 [PostgresProvider] Executando Query: 
                            INSERT INTO "fintech"."billing_charges"
                            (id, cpf, invoice_reference, charge_type, amount, days_overdue, invoice_amount)
                            VALUES
                            ('77766655544_2026-08_1785466800470_juros_mora', '77766655544', '2026-08', 'juros_mora', 1.29, 21, 3870.86)
                        
🔵 [PostgresProvider] Query executada com sucesso. Retornou 0 linha(s)
🔵 [PostgresProvider] Executando Query: 
                UPDATE "fintech"."users"
                SET account_status = 'inadimplente', days_overdue = 21, updated_at = CURRENT_TIMESTAMP
                WHERE cpf = '77766655544'
            
🔵 [PostgresProvider] Query executada com sucesso. Retornou 0 linha(s)
[DEBUG] CPF: 98765432100, dueDate: Fri Jul 10 2026 00:00:00 GMT-0300 (Horário Padrão de Brasília), today: Fri Jul 31 2026 00:00:00 GMT-0300 (Horário Padrão de Brasília), diffMs: 1814400000, daysOverdue: 21, newStatus: inadimplente
🔵 [PostgresProvider] Executando Query: 
                    SELECT charge_type, COALESCE(SUM(amount), 0) AS total
                    FROM "fintech"."billing_charges"
                    WHERE cpf = '98765432100' AND invoice_reference = '2026-08' AND status = 'pending'
                    GROUP BY charge_type
                
🔵 [PostgresProvider] Query executada com sucesso. Retornou 4 linha(s)
🔵 [PostgresProvider] Executando Query: 
                            INSERT INTO "fintech"."billing_charges"
                            (id, cpf, invoice_reference, charge_type, amount, days_overdue, invoice_amount)
                            VALUES
                            ('98765432100_2026-08_1785466800478_iof', '98765432100', '2026-08', 'iof', 0.32, 21, 3870.86)
                        
🔵 [PostgresProvider] Query executada com sucesso. Retornou 0 linha(s)
🔵 [PostgresProvider] Executando Query: 
                            INSERT INTO "fintech"."billing_charges"
                            (id, cpf, invoice_reference, charge_type, amount, days_overdue, invoice_amount)
                            VALUES
                            ('98765432100_2026-08_1785466800480_juros_remuneratorios', '98765432100', '2026-08', 'juros_remuneratorios', 19.86, 21, 3870.86)
                        
🔵 [PostgresProvider] Query executada com sucesso. Retornou 0 linha(s)
🔵 [PostgresProvider] Executando Query: 
                            INSERT INTO "fintech"."billing_charges"
                            (id, cpf, invoice_reference, charge_type, amount, days_overdue, invoice_amount)
                            VALUES
                            ('98765432100_2026-08_1785466800484_juros_mora', '98765432100', '2026-08', 'juros_mora', 1.29, 21, 3870.86)
                        
🔵 [PostgresProvider] Query executada com sucesso. Retornou 0 linha(s)
🔵 [PostgresProvider] Executando Query: 
                UPDATE "fintech"."users"
                SET account_status = 'inadimplente', days_overdue = 21, updated_at = CURRENT_TIMESTAMP
                WHERE cpf = '98765432100'
            
🔵 [PostgresProvider] Query executada com sucesso. Retornou 0 linha(s)
[DEBUG] CPF: 24930613945, dueDate: Fri Jul 10 2026 00:00:00 GMT-0300 (Horário Padrão de Brasília), today: Fri Jul 31 2026 00:00:00 GMT-0300 (Horário Padrão de Brasília), diffMs: 1814400000, daysOverdue: 21, newStatus: inadimplente
🔵 [PostgresProvider] Executando Query: 
                    SELECT charge_type, COALESCE(SUM(amount), 0) AS total
                    FROM "fintech"."billing_charges"
                    WHERE cpf = '24930613945' AND invoice_reference = '2026-08' AND status = 'pending'
                    GROUP BY charge_type
                
🔵 [PostgresProvider] Query executada com sucesso. Retornou 4 linha(s)
🔵 [PostgresProvider] Executando Query: 
                            INSERT INTO "fintech"."billing_charges"
                            (id, cpf, invoice_reference, charge_type, amount, days_overdue, invoice_amount)
                            VALUES
                            ('24930613945_2026-08_1785466800490_iof', '24930613945', '2026-08', 'iof', 0.32, 21, 3870.86)
                        
🔵 [PostgresProvider] Query executada com sucesso. Retornou 0 linha(s)
🔵 [PostgresProvider] Executando Query: 
                            INSERT INTO "fintech"."billing_charges"
                            (id, cpf, invoice_reference, charge_type, amount, days_overdue, invoice_amount)
                            VALUES
                            ('24930613945_2026-08_1785466800493_juros_remuneratorios', '24930613945', '2026-08', 'juros_remuneratorios', 19.86, 21, 3870.86)
                        
🔵 [PostgresProvider] Query executada com sucesso. Retornou 0 linha(s)
🔵 [PostgresProvider] Executando Query: 
                            INSERT INTO "fintech"."billing_charges"
                            (id, cpf, invoice_reference, charge_type, amount, days_overdue, invoice_amount)
                            VALUES
                            ('24930613945_2026-08_1785466800496_juros_mora', '24930613945', '2026-08', 'juros_mora', 1.29, 21, 3870.86)
                        
🔵 [PostgresProvider] Query executada com sucesso. Retornou 0 linha(s)
🔵 [PostgresProvider] Executando Query: 
                UPDATE "fintech"."users"
                SET account_status = 'inadimplente', days_overdue = 21, updated_at = CURRENT_TIMESTAMP
                WHERE cpf = '24930613945'
            
🔵 [PostgresProvider] Query executada com sucesso. Retornou 0 linha(s)
[DEBUG] CPF: 96937494050, dueDate: Fri Jul 10 2026 00:00:00 GMT-0300 (Horário Padrão de Brasília), today: Fri Jul 31 2026 00:00:00 GMT-0300 (Horário Padrão de Brasília), diffMs: 1814400000, daysOverdue: 21, newStatus: inadimplente
🔵 [PostgresProvider] Executando Query: 
                    SELECT charge_type, COALESCE(SUM(amount), 0) AS total
                    FROM "fintech"."billing_charges"
                    WHERE cpf = '96937494050' AND invoice_reference = '2026-08' AND status = 'pending'
                    GROUP BY charge_type
                
🔵 [PostgresProvider] Query executada com sucesso. Retornou 4 linha(s)
🔵 [PostgresProvider] Executando Query: 
                            INSERT INTO "fintech"."billing_charges"
                            (id, cpf, invoice_reference, charge_type, amount, days_overdue, invoice_amount)
                            VALUES
                            ('96937494050_2026-08_1785466800501_iof', '96937494050', '2026-08', 'iof', 0.32, 21, 3870.86)
                        
🔵 [PostgresProvider] Query executada com sucesso. Retornou 0 linha(s)
🔵 [PostgresProvider] Executando Query: 
                            INSERT INTO "fintech"."billing_charges"
                            (id, cpf, invoice_reference, charge_type, amount, days_overdue, invoice_amount)
                            VALUES
                            ('96937494050_2026-08_1785466800503_juros_remuneratorios', '96937494050', '2026-08', 'juros_remuneratorios', 19.86, 21, 3870.86)
                        
🔵 [PostgresProvider] Query executada com sucesso. Retornou 0 linha(s)
🔵 [PostgresProvider] Executando Query: 
                            INSERT INTO "fintech"."billing_charges"
                            (id, cpf, invoice_reference, charge_type, amount, days_overdue, invoice_amount)
                            VALUES
                            ('96937494050_2026-08_1785466800504_juros_mora', '96937494050', '2026-08', 'juros_mora', 1.29, 21, 3870.86)
                        
🔵 [PostgresProvider] Query executada com sucesso. Retornou 0 linha(s)
🔵 [PostgresProvider] Executando Query: 
                UPDATE "fintech"."users"
                SET account_status = 'inadimplente', days_overdue = 21, updated_at = CURRENT_TIMESTAMP
                WHERE cpf = '96937494050'
            
🔵 [PostgresProvider] Query executada com sucesso. Retornou 0 linha(s)
[DEBUG] CPF: 26986473966, dueDate: Fri Jul 10 2026 00:00:00 GMT-0300 (Horário Padrão de Brasília), today: Fri Jul 31 2026 00:00:00 GMT-0300 (Horário Padrão de Brasília), diffMs: 1814400000, daysOverdue: 21, newStatus: inadimplente
🔵 [PostgresProvider] Executando Query: 
                    SELECT charge_type, COALESCE(SUM(amount), 0) AS total
                    FROM "fintech"."billing_charges"
                    WHERE cpf = '26986473966' AND invoice_reference = '2026-08' AND status = 'pending'
                    GROUP BY charge_type
                
🔵 [PostgresProvider] Query executada com sucesso. Retornou 4 linha(s)
🔵 [PostgresProvider] Executando Query: 
                            INSERT INTO "fintech"."billing_charges"
                            (id, cpf, invoice_reference, charge_type, amount, days_overdue, invoice_amount)
                            VALUES
                            ('26986473966_2026-08_1785466800779_iof', '26986473966', '2026-08', 'iof', 0.32, 21, 3870.86)
                        
🔵 [PostgresProvider] Query executada com sucesso. Retornou 0 linha(s)
🔵 [PostgresProvider] Executando Query: 
                            INSERT INTO "fintech"."billing_charges"
                            (id, cpf, invoice_reference, charge_type, amount, days_overdue, invoice_amount)
                            VALUES
                            ('26986473966_2026-08_1785466800792_juros_remuneratorios', '26986473966', '2026-08', 'juros_remuneratorios', 19.86, 21, 3870.86)
                        
🔵 [PostgresProvider] Query executada com sucesso. Retornou 0 linha(s)
🔵 [PostgresProvider] Executando Query: 
                            INSERT INTO "fintech"."billing_charges"
                            (id, cpf, invoice_reference, charge_type, amount, days_overdue, invoice_amount)
                            VALUES
                            ('26986473966_2026-08_1785466800799_juros_mora', '26986473966', '2026-08', 'juros_mora', 1.29, 21, 3870.86)
                        
🔵 [PostgresProvider] Query executada com sucesso. Retornou 0 linha(s)
🔵 [PostgresProvider] Executando Query: 
                UPDATE "fintech"."users"
                SET account_status = 'inadimplente', days_overdue = 21, updated_at = CURRENT_TIMESTAMP
                WHERE cpf = '26986473966'
            
🔵 [PostgresProvider] Query executada com sucesso. Retornou 0 linha(s)
[DEBUG] CPF: 35982714763, dueDate: Wed Aug 05 2026 00:00:00 GMT-0300 (Horário Padrão de Brasília), today: Fri Jul 31 2026 00:00:00 GMT-0300 (Horário Padrão de Brasília), diffMs: -432000000, daysOverdue: 0, newStatus: adimplente
[DEBUG] CPF: 75775457404, dueDate: Fri Jul 10 2026 00:00:00 GMT-0300 (Horário Padrão de Brasília), today: Fri Jul 31 2026 00:00:00 GMT-0300 (Horário Padrão de Brasília), diffMs: 1814400000, daysOverdue: 21, newStatus: inadimplente
🔵 [PostgresProvider] Executando Query: 
                    SELECT charge_type, COALESCE(SUM(amount), 0) AS total
                    FROM "fintech"."billing_charges"
                    WHERE cpf = '75775457404' AND invoice_reference = '2026-08' AND status = 'pending'
                    GROUP BY charge_type
                
🔵 [PostgresProvider] Query executada com sucesso. Retornou 4 linha(s)
🔵 [PostgresProvider] Executando Query: 
                            INSERT INTO "fintech"."billing_charges"
                            (id, cpf, invoice_reference, charge_type, amount, days_overdue, invoice_amount)
                            VALUES
                            ('75775457404_2026-08_1785466800812_iof', '75775457404', '2026-08', 'iof', 0.32, 21, 3870.86)
                        
🔵 [PostgresProvider] Query executada com sucesso. Retornou 0 linha(s)
🔵 [PostgresProvider] Executando Query: 
                            INSERT INTO "fintech"."billing_charges"
                            (id, cpf, invoice_reference, charge_type, amount, days_overdue, invoice_amount)
                            VALUES
                            ('75775457404_2026-08_1785466800816_juros_remuneratorios', '75775457404', '2026-08', 'juros_remuneratorios', 19.86, 21, 3870.86)
                        
🔵 [PostgresProvider] Query executada com sucesso. Retornou 0 linha(s)
🔵 [PostgresProvider] Executando Query: 
                            INSERT INTO "fintech"."billing_charges"
                            (id, cpf, invoice_reference, charge_type, amount, days_overdue, invoice_amount)
                            VALUES
                            ('75775457404_2026-08_1785466800820_juros_mora', '75775457404', '2026-08', 'juros_mora', 1.29, 21, 3870.86)
                        
🔵 [PostgresProvider] Query executada com sucesso. Retornou 0 linha(s)
🔵 [PostgresProvider] Executando Query: 
                UPDATE "fintech"."users"
                SET account_status = 'inadimplente', days_overdue = 21, updated_at = CURRENT_TIMESTAMP
                WHERE cpf = '75775457404'
            
🔵 [PostgresProvider] Query executada com sucesso. Retornou 0 linha(s)
[DEBUG] CPF: 28832869497, dueDate: Fri Jul 10 2026 00:00:00 GMT-0300 (Horário Padrão de Brasília), today: Fri Jul 31 2026 00:00:00 GMT-0300 (Horário Padrão de Brasília), diffMs: 1814400000, daysOverdue: 21, newStatus: inadimplente
🔵 [PostgresProvider] Executando Query: 
                    SELECT charge_type, COALESCE(SUM(amount), 0) AS total
                    FROM "fintech"."billing_charges"
                    WHERE cpf = '28832869497' AND invoice_reference = '2026-08' AND status = 'pending'
                    GROUP BY charge_type
                
🔵 [PostgresProvider] Query executada com sucesso. Retornou 4 linha(s)
🔵 [PostgresProvider] Executando Query: 
                            INSERT INTO "fintech"."billing_charges"
                            (id, cpf, invoice_reference, charge_type, amount, days_overdue, invoice_amount)
                            VALUES
                            ('28832869497_2026-08_1785466800829_iof', '28832869497', '2026-08', 'iof', 0.32, 21, 3870.86)
                        
🔵 [PostgresProvider] Query executada com sucesso. Retornou 0 linha(s)
🔵 [PostgresProvider] Executando Query: 
                            INSERT INTO "fintech"."billing_charges"
                            (id, cpf, invoice_reference, charge_type, amount, days_overdue, invoice_amount)
                            VALUES
                            ('28832869497_2026-08_1785466800832_juros_remuneratorios', '28832869497', '2026-08', 'juros_remuneratorios', 19.86, 21, 3870.86)
                        
🔵 [PostgresProvider] Query executada com sucesso. Retornou 0 linha(s)
🔵 [PostgresProvider] Executando Query: 
                            INSERT INTO "fintech"."billing_charges"
                            (id, cpf, invoice_reference, charge_type, amount, days_overdue, invoice_amount)
                            VALUES
                            ('28832869497_2026-08_1785466800834_juros_mora', '28832869497', '2026-08', 'juros_mora', 1.29, 21, 3870.86)
                        
🔵 [PostgresProvider] Query executada com sucesso. Retornou 0 linha(s)
🔵 [PostgresProvider] Executando Query: 
                UPDATE "fintech"."users"
                SET account_status = 'inadimplente', days_overdue = 21, updated_at = CURRENT_TIMESTAMP
                WHERE cpf = '28832869497'
            
🔵 [PostgresProvider] Query executada com sucesso. Retornou 0 linha(s)
[DEBUG] CPF: 44444444444, dueDate: Fri Jul 10 2026 00:00:00 GMT-0300 (Horário Padrão de Brasília), today: Fri Jul 31 2026 00:00:00 GMT-0300 (Horário Padrão de Brasília), diffMs: 1814400000, daysOverdue: 21, newStatus: inadimplente
🔵 [PostgresProvider] Executando Query: 
                    SELECT charge_type, COALESCE(SUM(amount), 0) AS total
                    FROM "fintech"."billing_charges"
                    WHERE cpf = '44444444444' AND invoice_reference = '2026-08' AND status = 'pending'
                    GROUP BY charge_type
                
🔵 [PostgresProvider] Query executada com sucesso. Retornou 4 linha(s)
🔵 [PostgresProvider] Executando Query: 
                            INSERT INTO "fintech"."billing_charges"
                            (id, cpf, invoice_reference, charge_type, amount, days_overdue, invoice_amount)
                            VALUES
                            ('44444444444_2026-08_1785466800842_iof', '44444444444', '2026-08', 'iof', 0.32, 21, 3870.86)
                        
🔵 [PostgresProvider] Query executada com sucesso. Retornou 0 linha(s)
🔵 [PostgresProvider] Executando Query: 
                            INSERT INTO "fintech"."billing_charges"
                            (id, cpf, invoice_reference, charge_type, amount, days_overdue, invoice_amount)
                            VALUES
                            ('44444444444_2026-08_1785466800844_juros_remuneratorios', '44444444444', '2026-08', 'juros_remuneratorios', 19.86, 21, 3870.86)
                        
🔵 [PostgresProvider] Query executada com sucesso. Retornou 0 linha(s)
🔵 [PostgresProvider] Executando Query: 
                            INSERT INTO "fintech"."billing_charges"
                            (id, cpf, invoice_reference, charge_type, amount, days_overdue, invoice_amount)
                            VALUES
                            ('44444444444_2026-08_1785466800847_juros_mora', '44444444444', '2026-08', 'juros_mora', 1.29, 21, 3870.86)
                        
🔵 [PostgresProvider] Query executada com sucesso. Retornou 0 linha(s)
🔵 [PostgresProvider] Executando Query: 
                UPDATE "fintech"."users"
                SET account_status = 'inadimplente', days_overdue = 21, updated_at = CURRENT_TIMESTAMP
                WHERE cpf = '44444444444'
            
🔵 [PostgresProvider] Query executada com sucesso. Retornou 0 linha(s)
[DEBUG] CPF: 42681570697, dueDate: Sun Jul 12 2026 00:00:00 GMT-0300 (Horário Padrão de Brasília), today: Fri Jul 31 2026 00:00:00 GMT-0300 (Horário Padrão de Brasília), diffMs: 1641600000, daysOverdue: 19, newStatus: inadimplente
🔵 [PostgresProvider] Executando Query: 
                    SELECT charge_type, COALESCE(SUM(amount), 0) AS total
                    FROM "fintech"."billing_charges"
                    WHERE cpf = '42681570697' AND invoice_reference = '2026-08' AND status = 'pending'
                    GROUP BY charge_type
                
🔵 [PostgresProvider] Query executada com sucesso. Retornou 4 linha(s)
🔵 [PostgresProvider] Executando Query: 
                            INSERT INTO "fintech"."billing_charges"
                            (id, cpf, invoice_reference, charge_type, amount, days_overdue, invoice_amount)
                            VALUES
                            ('42681570697_2026-08_1785466800852_iof', '42681570697', '2026-08', 'iof', 0.32, 19, 3870.86)
                        
🔵 [PostgresProvider] Query executada com sucesso. Retornou 0 linha(s)
🔵 [PostgresProvider] Executando Query: 
                            INSERT INTO "fintech"."billing_charges"
                            (id, cpf, invoice_reference, charge_type, amount, days_overdue, invoice_amount)
                            VALUES
                            ('42681570697_2026-08_1785466800855_juros_remuneratorios', '42681570697', '2026-08', 'juros_remuneratorios', 19.85, 19, 3870.86)
                        
🔵 [PostgresProvider] Query executada com sucesso. Retornou 0 linha(s)
🔵 [PostgresProvider] Executando Query: 
                            INSERT INTO "fintech"."billing_charges"
                            (id, cpf, invoice_reference, charge_type, amount, days_overdue, invoice_amount)
                            VALUES
                            ('42681570697_2026-08_1785466800857_juros_mora', '42681570697', '2026-08', 'juros_mora', 1.29, 19, 3870.86)
                        
🔵 [PostgresProvider] Query executada com sucesso. Retornou 0 linha(s)
🔵 [PostgresProvider] Executando Query: 
                UPDATE "fintech"."users"
                SET account_status = 'inadimplente', days_overdue = 19, updated_at = CURRENT_TIMESTAMP
                WHERE cpf = '42681570697'
            
🔵 [PostgresProvider] Query executada com sucesso. Retornou 0 linha(s)
[DEBUG] CPF: 51742065392, dueDate: Wed Jul 15 2026 00:00:00 GMT-0300 (Horário Padrão de Brasília), today: Fri Jul 31 2026 00:00:00 GMT-0300 (Horário Padrão de Brasília), diffMs: 1382400000, daysOverdue: 16, newStatus: inadimplente
🔵 [PostgresProvider] Executando Query: 
                    SELECT charge_type, COALESCE(SUM(amount), 0) AS total
                    FROM "fintech"."billing_charges"
                    WHERE cpf = '51742065392' AND invoice_reference = '2026-08' AND status = 'pending'
                    GROUP BY charge_type
                
🔵 [PostgresProvider] Query executada com sucesso. Retornou 0 linha(s)
🔵 [PostgresProvider] Executando Query: 
                            INSERT INTO "fintech"."billing_charges"
                            (id, cpf, invoice_reference, charge_type, amount, days_overdue, invoice_amount)
                            VALUES
                            ('51742065392_2026-08_1785466800864_multa', '51742065392', '2026-08', 'multa', 77.42, 16, 3870.86)
                        
🔵 [PostgresProvider] Query executada com sucesso. Retornou 0 linha(s)
🔵 [PostgresProvider] Executando Query: 
                            INSERT INTO "fintech"."billing_charges"
                            (id, cpf, invoice_reference, charge_type, amount, days_overdue, invoice_amount)
                            VALUES
                            ('51742065392_2026-08_1785466800867_iof', '51742065392', '2026-08', 'iof', 19.79, 16, 3870.86)
                        
🔵 [PostgresProvider] Query executada com sucesso. Retornou 0 linha(s)
🔵 [PostgresProvider] Executando Query: 
                            INSERT INTO "fintech"."billing_charges"
                            (id, cpf, invoice_reference, charge_type, amount, days_overdue, invoice_amount)
                            VALUES
                            ('51742065392_2026-08_1785466800869_juros_remuneratorios', '51742065392', '2026-08', 'juros_remuneratorios', 317.72, 16, 3870.86)
                        
🔵 [PostgresProvider] Query executada com sucesso. Retornou 0 linha(s)
🔵 [PostgresProvider] Executando Query: 
                            INSERT INTO "fintech"."billing_charges"
                            (id, cpf, invoice_reference, charge_type, amount, days_overdue, invoice_amount)
                            VALUES
                            ('51742065392_2026-08_1785466800871_juros_mora', '51742065392', '2026-08', 'juros_mora', 20.62, 16, 3870.86)
                        
🔵 [PostgresProvider] Query executada com sucesso. Retornou 0 linha(s)
🔵 [PostgresProvider] Executando Query: 
                UPDATE "fintech"."users"
                SET account_status = 'inadimplente', days_overdue = 16, updated_at = CURRENT_TIMESTAMP
                WHERE cpf = '51742065392'
            
🔵 [PostgresProvider] Query executada com sucesso. Retornou 0 linha(s)
[DEBUG] CPF: 38160081359, dueDate: Wed Aug 05 2026 00:00:00 GMT-0300 (Horário Padrão de Brasília), today: Fri Jul 31 2026 00:00:00 GMT-0300 (Horário Padrão de Brasília), diffMs: -432000000, daysOverdue: 0, newStatus: adimplente
[DEBUG] CPF: 98215828507, dueDate: Wed Aug 05 2026 00:00:00 GMT-0300 (Horário Padrão de Brasília), today: Fri Jul 31 2026 00:00:00 GMT-0300 (Horário Padrão de Brasília), diffMs: -432000000, daysOverdue: 0, newStatus: adimplente
[DEBUG] CPF: 61111863709, dueDate: Fri Jul 10 2026 00:00:00 GMT-0300 (Horário Padrão de Brasília), today: Fri Jul 31 2026 00:00:00 GMT-0300 (Horário Padrão de Brasília), diffMs: 1814400000, daysOverdue: 21, newStatus: inadimplente
🔵 [PostgresProvider] Executando Query: 
                    SELECT charge_type, COALESCE(SUM(amount), 0) AS total
                    FROM "fintech"."billing_charges"
                    WHERE cpf = '61111863709' AND invoice_reference = '2026-08' AND status = 'pending'
                    GROUP BY charge_type
                
🔵 [PostgresProvider] Query executada com sucesso. Retornou 4 linha(s)
🔵 [PostgresProvider] Executando Query: 
                        SELECT id FROM "fintech"."notifications"
                        WHERE cpf = '61111863709'
                          AND title = 'Pagamento mínimo de fatura ✅'
                          AND created_at > '2026-07-30T03:00:00.877Z'
                        LIMIT 1
                    
🔵 [PostgresProvider] Query executada com sucesso. Retornou 1 linha(s)
🔵 [PostgresProvider] Executando Query: 
                UPDATE "fintech"."users"
                SET account_status = 'inadimplente', days_overdue = 21, updated_at = CURRENT_TIMESTAMP
                WHERE cpf = '61111863709'
            
🔵 [PostgresProvider] Query executada com sucesso. Retornou 0 linha(s)
[DEBUG] CPF: 12312312312, dueDate: Fri Jul 10 2026 00:00:00 GMT-0300 (Horário Padrão de Brasília), today: Fri Jul 31 2026 00:00:00 GMT-0300 (Horário Padrão de Brasília), diffMs: 1814400000, daysOverdue: 21, newStatus: inadimplente
🔵 [PostgresProvider] Executando Query: 
                    SELECT charge_type, COALESCE(SUM(amount), 0) AS total
                    FROM "fintech"."billing_charges"
                    WHERE cpf = '12312312312' AND invoice_reference = '2026-08' AND status = 'pending'
                    GROUP BY charge_type
                
🔵 [PostgresProvider] Query executada com sucesso. Retornou 4 linha(s)
🔵 [PostgresProvider] Executando Query: 
                            INSERT INTO "fintech"."billing_charges"
                            (id, cpf, invoice_reference, charge_type, amount, days_overdue, invoice_amount)
                            VALUES
                            ('12312312312_2026-08_1785466800882_iof', '12312312312', '2026-08', 'iof', 0.16, 21, 1970.8600000000001)
                        
🔵 [PostgresProvider] Query executada com sucesso. Retornou 0 linha(s)
🔵 [PostgresProvider] Executando Query: 
                            INSERT INTO "fintech"."billing_charges"
                            (id, cpf, invoice_reference, charge_type, amount, days_overdue, invoice_amount)
                            VALUES
                            ('12312312312_2026-08_1785466800885_juros_remuneratorios', '12312312312', '2026-08', 'juros_remuneratorios', 10.11, 21, 1970.8600000000001)
                        
🔵 [PostgresProvider] Query executada com sucesso. Retornou 0 linha(s)
🔵 [PostgresProvider] Executando Query: 
                            INSERT INTO "fintech"."billing_charges"
                            (id, cpf, invoice_reference, charge_type, amount, days_overdue, invoice_amount)
                            VALUES
                            ('12312312312_2026-08_1785466800889_juros_mora', '12312312312', '2026-08', 'juros_mora', 0.65, 21, 1970.8600000000001)
                        
🔵 [PostgresProvider] Query executada com sucesso. Retornou 0 linha(s)
🔵 [PostgresProvider] Executando Query: 
                        SELECT id FROM "fintech"."notifications"
                        WHERE cpf = '12312312312'
                          AND title = 'Pagamento mínimo de fatura ✅'
                          AND created_at > '2026-07-30T03:00:00.893Z'
                        LIMIT 1
                    
🔵 [PostgresProvider] Query executada com sucesso. Retornou 1 linha(s)
🔵 [PostgresProvider] Executando Query: 
                UPDATE "fintech"."users"
                SET account_status = 'inadimplente', days_overdue = 21, updated_at = CURRENT_TIMESTAMP
                WHERE cpf = '12312312312'
            
🔵 [PostgresProvider] Query executada com sucesso. Retornou 0 linha(s)
[DEBUG] CPF: 42111679011, dueDate: Fri Jul 10 2026 00:00:00 GMT-0300 (Horário Padrão de Brasília), today: Fri Jul 31 2026 00:00:00 GMT-0300 (Horário Padrão de Brasília), diffMs: 1814400000, daysOverdue: 21, newStatus: inadimplente
🔵 [PostgresProvider] Executando Query: 
                    SELECT charge_type, COALESCE(SUM(amount), 0) AS total
                    FROM "fintech"."billing_charges"
                    WHERE cpf = '42111679011' AND invoice_reference = '2026-08' AND status = 'pending'
                    GROUP BY charge_type
                
🔵 [PostgresProvider] Query executada com sucesso. Retornou 4 linha(s)
🔵 [PostgresProvider] Executando Query: 
                            INSERT INTO "fintech"."billing_charges"
                            (id, cpf, invoice_reference, charge_type, amount, days_overdue, invoice_amount)
                            VALUES
                            ('42111679011_2026-08_1785466800899_iof', '42111679011', '2026-08', 'iof', 0.32, 21, 3870.86)
                        
🔵 [PostgresProvider] Query executada com sucesso. Retornou 0 linha(s)
🔵 [PostgresProvider] Executando Query: 
                            INSERT INTO "fintech"."billing_charges"
                            (id, cpf, invoice_reference, charge_type, amount, days_overdue, invoice_amount)
                            VALUES
                            ('42111679011_2026-08_1785466800904_juros_remuneratorios', '42111679011', '2026-08', 'juros_remuneratorios', 19.86, 21, 3870.86)
                        
🔵 [PostgresProvider] Query executada com sucesso. Retornou 0 linha(s)
🔵 [PostgresProvider] Executando Query: 
                            INSERT INTO "fintech"."billing_charges"
                            (id, cpf, invoice_reference, charge_type, amount, days_overdue, invoice_amount)
                            VALUES
                            ('42111679011_2026-08_1785466800907_juros_mora', '42111679011', '2026-08', 'juros_mora', 1.29, 21, 3870.86)
                        
🔵 [PostgresProvider] Query executada com sucesso. Retornou 0 linha(s)
🔵 [PostgresProvider] Executando Query: 
                UPDATE "fintech"."users"
                SET account_status = 'inadimplente', days_overdue = 21, updated_at = CURRENT_TIMESTAMP
                WHERE cpf = '42111679011'
            
🔵 [PostgresProvider] Query executada com sucesso. Retornou 0 linha(s)
[DEBUG] CPF: 41649264658, dueDate: Wed Aug 05 2026 00:00:00 GMT-0300 (Horário Padrão de Brasília), today: Fri Jul 31 2026 00:00:00 GMT-0300 (Horário Padrão de Brasília), diffMs: -432000000, daysOverdue: 0, newStatus: adimplente
[DEBUG] CPF: 68737946439, dueDate: Wed Jul 15 2026 00:00:00 GMT-0300 (Horário Padrão de Brasília), today: Fri Jul 31 2026 00:00:00 GMT-0300 (Horário Padrão de Brasília), diffMs: 1382400000, daysOverdue: 16, newStatus: inadimplente
🔵 [PostgresProvider] Executando Query: 
                    SELECT charge_type, COALESCE(SUM(amount), 0) AS total
                    FROM "fintech"."billing_charges"
                    WHERE cpf = '68737946439' AND invoice_reference = '2026-08' AND status = 'pending'
                    GROUP BY charge_type
                
🔵 [PostgresProvider] Query executada com sucesso. Retornou 0 linha(s)
🔵 [PostgresProvider] Executando Query: 
                            INSERT INTO "fintech"."billing_charges"
                            (id, cpf, invoice_reference, charge_type, amount, days_overdue, invoice_amount)
                            VALUES
                            ('68737946439_2026-08_1785466800914_multa', '68737946439', '2026-08', 'multa', 77.42, 16, 3870.86)
                        
🔵 [PostgresProvider] Query executada com sucesso. Retornou 0 linha(s)
🔵 [PostgresProvider] Executando Query: 
                            INSERT INTO "fintech"."billing_charges"
                            (id, cpf, invoice_reference, charge_type, amount, days_overdue, invoice_amount)
                            VALUES
                            ('68737946439_2026-08_1785466800917_iof', '68737946439', '2026-08', 'iof', 19.79, 16, 3870.86)
                        
🔵 [PostgresProvider] Query executada com sucesso. Retornou 0 linha(s)
🔵 [PostgresProvider] Executando Query: 
                            INSERT INTO "fintech"."billing_charges"
                            (id, cpf, invoice_reference, charge_type, amount, days_overdue, invoice_amount)
                            VALUES
                            ('68737946439_2026-08_1785466800919_juros_remuneratorios', '68737946439', '2026-08', 'juros_remuneratorios', 317.72, 16, 3870.86)
                        
🔵 [PostgresProvider] Query executada com sucesso. Retornou 0 linha(s)
🔵 [PostgresProvider] Executando Query: 
                            INSERT INTO "fintech"."billing_charges"
                            (id, cpf, invoice_reference, charge_type, amount, days_overdue, invoice_amount)
                            VALUES
                            ('68737946439_2026-08_1785466800921_juros_mora', '68737946439', '2026-08', 'juros_mora', 20.62, 16, 3870.86)
                        
🔵 [PostgresProvider] Query executada com sucesso. Retornou 0 linha(s)
🔵 [PostgresProvider] Executando Query: 
                UPDATE "fintech"."users"
                SET account_status = 'inadimplente', days_overdue = 16, updated_at = CURRENT_TIMESTAMP
                WHERE cpf = '68737946439'
            
🔵 [PostgresProvider] Query executada com sucesso. Retornou 0 linha(s)
[DEBUG] CPF: 01565366174, dueDate: Wed Jul 15 2026 00:00:00 GMT-0300 (Horário Padrão de Brasília), today: Fri Jul 31 2026 00:00:00 GMT-0300 (Horário Padrão de Brasília), diffMs: 1382400000, daysOverdue: 16, newStatus: inadimplente
🔵 [PostgresProvider] Executando Query: 
                    SELECT charge_type, COALESCE(SUM(amount), 0) AS total
                    FROM "fintech"."billing_charges"
                    WHERE cpf = '01565366174' AND invoice_reference = '2026-08' AND status = 'pending'
                    GROUP BY charge_type
                
🔵 [PostgresProvider] Query executada com sucesso. Retornou 0 linha(s)
🔵 [PostgresProvider] Executando Query: 
                            INSERT INTO "fintech"."billing_charges"
                            (id, cpf, invoice_reference, charge_type, amount, days_overdue, invoice_amount)
                            VALUES
                            ('01565366174_2026-08_1785466800927_multa', '01565366174', '2026-08', 'multa', 77.42, 16, 3870.86)
                        
🔵 [PostgresProvider] Query executada com sucesso. Retornou 0 linha(s)
🔵 [PostgresProvider] Executando Query: 
                            INSERT INTO "fintech"."billing_charges"
                            (id, cpf, invoice_reference, charge_type, amount, days_overdue, invoice_amount)
                            VALUES
                            ('01565366174_2026-08_1785466800929_iof', '01565366174', '2026-08', 'iof', 19.79, 16, 3870.86)
                        
🔵 [PostgresProvider] Query executada com sucesso. Retornou 0 linha(s)
🔵 [PostgresProvider] Executando Query: 
                            INSERT INTO "fintech"."billing_charges"
                            (id, cpf, invoice_reference, charge_type, amount, days_overdue, invoice_amount)
                            VALUES
                            ('01565366174_2026-08_1785466800931_juros_remuneratorios', '01565366174', '2026-08', 'juros_remuneratorios', 317.72, 16, 3870.86)
                        
🔵 [PostgresProvider] Query executada com sucesso. Retornou 0 linha(s)
🔵 [PostgresProvider] Executando Query: 
                            INSERT INTO "fintech"."billing_charges"
                            (id, cpf, invoice_reference, charge_type, amount, days_overdue, invoice_amount)
                            VALUES
                            ('01565366174_2026-08_1785466800933_juros_mora', '01565366174', '2026-08', 'juros_mora', 20.62, 16, 3870.86)
                        
🔵 [PostgresProvider] Query executada com sucesso. Retornou 0 linha(s)
🔵 [PostgresProvider] Executando Query: 
                UPDATE "fintech"."users"
                SET account_status = 'inadimplente', days_overdue = 16, updated_at = CURRENT_TIMESTAMP
                WHERE cpf = '01565366174'
            
🔵 [PostgresProvider] Query executada com sucesso. Retornou 0 linha(s)
[DEBUG] CPF: 73129536620, dueDate: Fri Jul 10 2026 00:00:00 GMT-0300 (Horário Padrão de Brasília), today: Fri Jul 31 2026 00:00:00 GMT-0300 (Horário Padrão de Brasília), diffMs: 1814400000, daysOverdue: 21, newStatus: inadimplente
🔵 [PostgresProvider] Executando Query: 
                    SELECT charge_type, COALESCE(SUM(amount), 0) AS total
                    FROM "fintech"."billing_charges"
                    WHERE cpf = '73129536620' AND invoice_reference = '2026-08' AND status = 'pending'
                    GROUP BY charge_type
                
🔵 [PostgresProvider] Query executada com sucesso. Retornou 4 linha(s)
🔵 [PostgresProvider] Executando Query: 
                            INSERT INTO "fintech"."billing_charges"
                            (id, cpf, invoice_reference, charge_type, amount, days_overdue, invoice_amount)
                            VALUES
                            ('73129536620_2026-08_1785466800938_iof', '73129536620', '2026-08', 'iof', 0.32, 21, 3870.86)
                        
🔵 [PostgresProvider] Query executada com sucesso. Retornou 0 linha(s)
🔵 [PostgresProvider] Executando Query: 
                            INSERT INTO "fintech"."billing_charges"
                            (id, cpf, invoice_reference, charge_type, amount, days_overdue, invoice_amount)
                            VALUES
                            ('73129536620_2026-08_1785466800940_juros_remuneratorios', '73129536620', '2026-08', 'juros_remuneratorios', 19.86, 21, 3870.86)
                        
🔵 [PostgresProvider] Query executada com sucesso. Retornou 0 linha(s)
🔵 [PostgresProvider] Executando Query: 
                            INSERT INTO "fintech"."billing_charges"
                            (id, cpf, invoice_reference, charge_type, amount, days_overdue, invoice_amount)
                            VALUES
                            ('73129536620_2026-08_1785466800943_juros_mora', '73129536620', '2026-08', 'juros_mora', 1.29, 21, 3870.86)
                        
🔵 [PostgresProvider] Query executada com sucesso. Retornou 0 linha(s)
🔵 [PostgresProvider] Executando Query: 
                UPDATE "fintech"."users"
                SET account_status = 'inadimplente', days_overdue = 21, updated_at = CURRENT_TIMESTAMP
                WHERE cpf = '73129536620'
            
🔵 [PostgresProvider] Query executada com sucesso. Retornou 0 linha(s)
[DEBUG] CPF: 33333333333, dueDate: Wed Jul 15 2026 00:00:00 GMT-0300 (Horário Padrão de Brasília), today: Fri Jul 31 2026 00:00:00 GMT-0300 (Horário Padrão de Brasília), diffMs: 1382400000, daysOverdue: 16, newStatus: inadimplente
🔵 [PostgresProvider] Executando Query: 
                    SELECT charge_type, COALESCE(SUM(amount), 0) AS total
                    FROM "fintech"."billing_charges"
                    WHERE cpf = '33333333333' AND invoice_reference = '2026-08' AND status = 'pending'
                    GROUP BY charge_type
                
🔵 [PostgresProvider] Query executada com sucesso. Retornou 4 linha(s)
🔵 [PostgresProvider] Executando Query: 
                            INSERT INTO "fintech"."billing_charges"
                            (id, cpf, invoice_reference, charge_type, amount, days_overdue, invoice_amount)
                            VALUES
                            ('33333333333_2026-08_1785466800950_iof', '33333333333', '2026-08', 'iof', 0.32, 16, 3870.86)
                        
🔵 [PostgresProvider] Query executada com sucesso. Retornou 0 linha(s)
🔵 [PostgresProvider] Executando Query: 
                            INSERT INTO "fintech"."billing_charges"
                            (id, cpf, invoice_reference, charge_type, amount, days_overdue, invoice_amount)
                            VALUES
                            ('33333333333_2026-08_1785466800952_juros_remuneratorios', '33333333333', '2026-08', 'juros_remuneratorios', 19.86, 16, 3870.86)
                        
🔵 [PostgresProvider] Query executada com sucesso. Retornou 0 linha(s)
🔵 [PostgresProvider] Executando Query: 
                            INSERT INTO "fintech"."billing_charges"
                            (id, cpf, invoice_reference, charge_type, amount, days_overdue, invoice_amount)
                            VALUES
                            ('33333333333_2026-08_1785466800954_juros_mora', '33333333333', '2026-08', 'juros_mora', 1.29, 16, 3870.86)
                        
🔵 [PostgresProvider] Query executada com sucesso. Retornou 0 linha(s)
🔵 [PostgresProvider] Executando Query: 
                UPDATE "fintech"."users"
                SET account_status = 'inadimplente', days_overdue = 16, updated_at = CURRENT_TIMESTAMP
                WHERE cpf = '33333333333'
            
🔵 [PostgresProvider] Query executada com sucesso. Retornou 0 linha(s)
[DEBUG] CPF: 77766655599, dueDate: Fri Jul 10 2026 00:00:00 GMT-0300 (Horário Padrão de Brasília), today: Fri Jul 31 2026 00:00:00 GMT-0300 (Horário Padrão de Brasília), diffMs: 1814400000, daysOverdue: 21, newStatus: inadimplente
🔵 [PostgresProvider] Executando Query: 
                    SELECT charge_type, COALESCE(SUM(amount), 0) AS total
                    FROM "fintech"."billing_charges"
                    WHERE cpf = '77766655599' AND invoice_reference = '2026-08' AND status = 'pending'
                    GROUP BY charge_type
                
🔵 [PostgresProvider] Query executada com sucesso. Retornou 4 linha(s)
🔵 [PostgresProvider] Executando Query: 
                            INSERT INTO "fintech"."billing_charges"
                            (id, cpf, invoice_reference, charge_type, amount, days_overdue, invoice_amount)
                            VALUES
                            ('77766655599_2026-08_1785466800960_iof', '77766655599', '2026-08', 'iof', 0.32, 21, 3870.86)
                        
🔵 [PostgresProvider] Query executada com sucesso. Retornou 0 linha(s)
🔵 [PostgresProvider] Executando Query: 
                            INSERT INTO "fintech"."billing_charges"
                            (id, cpf, invoice_reference, charge_type, amount, days_overdue, invoice_amount)
                            VALUES
                            ('77766655599_2026-08_1785466800962_juros_remuneratorios', '77766655599', '2026-08', 'juros_remuneratorios', 19.86, 21, 3870.86)
                        
🔵 [PostgresProvider] Query executada com sucesso. Retornou 0 linha(s)
🔵 [PostgresProvider] Executando Query: 
                            INSERT INTO "fintech"."billing_charges"
                            (id, cpf, invoice_reference, charge_type, amount, days_overdue, invoice_amount)
                            VALUES
                            ('77766655599_2026-08_1785466800964_juros_mora', '77766655599', '2026-08', 'juros_mora', 1.29, 21, 3870.86)
                        
🔵 [PostgresProvider] Query executada com sucesso. Retornou 0 linha(s)
🔵 [PostgresProvider] Executando Query: 
                UPDATE "fintech"."users"
                SET account_status = 'inadimplente', days_overdue = 21, updated_at = CURRENT_TIMESTAMP
                WHERE cpf = '77766655599'
            
🔵 [PostgresProvider] Query executada com sucesso. Retornou 0 linha(s)
[DEBUG] CPF: 77777777777, dueDate: Fri Jul 10 2026 00:00:00 GMT-0300 (Horário Padrão de Brasília), today: Fri Jul 31 2026 00:00:00 GMT-0300 (Horário Padrão de Brasília), diffMs: 1814400000, daysOverdue: 21, newStatus: inadimplente
🔵 [PostgresProvider] Executando Query: 
                    SELECT charge_type, COALESCE(SUM(amount), 0) AS total
                    FROM "fintech"."billing_charges"
                    WHERE cpf = '77777777777' AND invoice_reference = '2026-08' AND status = 'pending'
                    GROUP BY charge_type
                
🔵 [PostgresProvider] Query executada com sucesso. Retornou 4 linha(s)
🔵 [PostgresProvider] Executando Query: 
                            INSERT INTO "fintech"."billing_charges"
                            (id, cpf, invoice_reference, charge_type, amount, days_overdue, invoice_amount)
                            VALUES
                            ('77777777777_2026-08_1785466800969_iof', '77777777777', '2026-08', 'iof', 0.32, 21, 3870.86)
                        
🔵 [PostgresProvider] Query executada com sucesso. Retornou 0 linha(s)
🔵 [PostgresProvider] Executando Query: 
                            INSERT INTO "fintech"."billing_charges"
                            (id, cpf, invoice_reference, charge_type, amount, days_overdue, invoice_amount)
                            VALUES
                            ('77777777777_2026-08_1785466800971_juros_remuneratorios', '77777777777', '2026-08', 'juros_remuneratorios', 19.86, 21, 3870.86)
                        
🔵 [PostgresProvider] Query executada com sucesso. Retornou 0 linha(s)
🔵 [PostgresProvider] Executando Query: 
                            INSERT INTO "fintech"."billing_charges"
                            (id, cpf, invoice_reference, charge_type, amount, days_overdue, invoice_amount)
                            VALUES
                            ('77777777777_2026-08_1785466800973_juros_mora', '77777777777', '2026-08', 'juros_mora', 1.29, 21, 3870.86)
                        
🔵 [PostgresProvider] Query executada com sucesso. Retornou 0 linha(s)
🔵 [PostgresProvider] Executando Query: 
                UPDATE "fintech"."users"
                SET account_status = 'inadimplente', days_overdue = 21, updated_at = CURRENT_TIMESTAMP
                WHERE cpf = '77777777777'
            
🔵 [PostgresProvider] Query executada com sucesso. Retornou 0 linha(s)
[DEBUG] CPF: 92454501635, dueDate: Fri Jul 10 2026 00:00:00 GMT-0300 (Horário Padrão de Brasília), today: Fri Jul 31 2026 00:00:00 GMT-0300 (Horário Padrão de Brasília), diffMs: 1814400000, daysOverdue: 21, newStatus: inadimplente
🔵 [PostgresProvider] Executando Query: 
                    SELECT charge_type, COALESCE(SUM(amount), 0) AS total
                    FROM "fintech"."billing_charges"
                    WHERE cpf = '92454501635' AND invoice_reference = '2026-08' AND status = 'pending'
                    GROUP BY charge_type
                
🔵 [PostgresProvider] Query executada com sucesso. Retornou 4 linha(s)
🔵 [PostgresProvider] Executando Query: 
                            INSERT INTO "fintech"."billing_charges"
                            (id, cpf, invoice_reference, charge_type, amount, days_overdue, invoice_amount)
                            VALUES
                            ('92454501635_2026-08_1785466800980_iof', '92454501635', '2026-08', 'iof', 0.32, 21, 3870.86)
                        
🔵 [PostgresProvider] Query executada com sucesso. Retornou 0 linha(s)
🔵 [PostgresProvider] Executando Query: 
                            INSERT INTO "fintech"."billing_charges"
                            (id, cpf, invoice_reference, charge_type, amount, days_overdue, invoice_amount)
                            VALUES
                            ('92454501635_2026-08_1785466800982_juros_remuneratorios', '92454501635', '2026-08', 'juros_remuneratorios', 19.86, 21, 3870.86)
                        
🔵 [PostgresProvider] Query executada com sucesso. Retornou 0 linha(s)
🔵 [PostgresProvider] Executando Query: 
                            INSERT INTO "fintech"."billing_charges"
                            (id, cpf, invoice_reference, charge_type, amount, days_overdue, invoice_amount)
                            VALUES
                            ('92454501635_2026-08_1785466800984_juros_mora', '92454501635', '2026-08', 'juros_mora', 1.29, 21, 3870.86)
                        
🔵 [PostgresProvider] Query executada com sucesso. Retornou 0 linha(s)
🔵 [PostgresProvider] Executando Query: 
                UPDATE "fintech"."users"
                SET account_status = 'inadimplente', days_overdue = 21, updated_at = CURRENT_TIMESTAMP
                WHERE cpf = '92454501635'
            
🔵 [PostgresProvider] Query executada com sucesso. Retornou 0 linha(s)
[DEBUG] CPF: 27888186700, dueDate: Fri Jul 10 2026 00:00:00 GMT-0300 (Horário Padrão de Brasília), today: Fri Jul 31 2026 00:00:00 GMT-0300 (Horário Padrão de Brasília), diffMs: 1814400000, daysOverdue: 21, newStatus: inadimplente
🔵 [PostgresProvider] Executando Query: 
                    SELECT charge_type, COALESCE(SUM(amount), 0) AS total
                    FROM "fintech"."billing_charges"
                    WHERE cpf = '27888186700' AND invoice_reference = '2026-08' AND status = 'pending'
                    GROUP BY charge_type
                
🔵 [PostgresProvider] Query executada com sucesso. Retornou 4 linha(s)
🔵 [PostgresProvider] Executando Query: 
                            INSERT INTO "fintech"."billing_charges"
                            (id, cpf, invoice_reference, charge_type, amount, days_overdue, invoice_amount)
                            VALUES
                            ('27888186700_2026-08_1785466800990_iof', '27888186700', '2026-08', 'iof', 0.32, 21, 3870.86)
                        
🔵 [PostgresProvider] Query executada com sucesso. Retornou 0 linha(s)
🔵 [PostgresProvider] Executando Query: 
                            INSERT INTO "fintech"."billing_charges"
                            (id, cpf, invoice_reference, charge_type, amount, days_overdue, invoice_amount)
                            VALUES
                            ('27888186700_2026-08_1785466800993_juros_remuneratorios', '27888186700', '2026-08', 'juros_remuneratorios', 19.86, 21, 3870.86)
                        
🔵 [PostgresProvider] Query executada com sucesso. Retornou 0 linha(s)
🔵 [PostgresProvider] Executando Query: 
                            INSERT INTO "fintech"."billing_charges"
                            (id, cpf, invoice_reference, charge_type, amount, days_overdue, invoice_amount)
                            VALUES
                            ('27888186700_2026-08_1785466800995_juros_mora', '27888186700', '2026-08', 'juros_mora', 1.29, 21, 3870.86)
                        
🔵 [PostgresProvider] Query executada com sucesso. Retornou 0 linha(s)
🔵 [PostgresProvider] Executando Query: 
                UPDATE "fintech"."users"
                SET account_status = 'inadimplente', days_overdue = 21, updated_at = CURRENT_TIMESTAMP
                WHERE cpf = '27888186700'
            
🔵 [PostgresProvider] Query executada com sucesso. Retornou 0 linha(s)
[DEBUG] CPF: 67154864257, dueDate: Fri Jul 10 2026 00:00:00 GMT-0300 (Horário Padrão de Brasília), today: Fri Jul 31 2026 00:00:00 GMT-0300 (Horário Padrão de Brasília), diffMs: 1814400000, daysOverdue: 21, newStatus: inadimplente
🔵 [PostgresProvider] Executando Query: 
                    SELECT charge_type, COALESCE(SUM(amount), 0) AS total
                    FROM "fintech"."billing_charges"
                    WHERE cpf = '67154864257' AND invoice_reference = '2026-08' AND status = 'pending'
                    GROUP BY charge_type
                
🔵 [PostgresProvider] Query executada com sucesso. Retornou 4 linha(s)
🔵 [PostgresProvider] Executando Query: 
                            INSERT INTO "fintech"."billing_charges"
                            (id, cpf, invoice_reference, charge_type, amount, days_overdue, invoice_amount)
                            VALUES
                            ('67154864257_2026-08_1785466801001_iof', '67154864257', '2026-08', 'iof', 0.32, 21, 3870.86)
                        
🔵 [PostgresProvider] Query executada com sucesso. Retornou 0 linha(s)
🔵 [PostgresProvider] Executando Query: 
                            INSERT INTO "fintech"."billing_charges"
                            (id, cpf, invoice_reference, charge_type, amount, days_overdue, invoice_amount)
                            VALUES
                            ('67154864257_2026-08_1785466801003_juros_remuneratorios', '67154864257', '2026-08', 'juros_remuneratorios', 19.86, 21, 3870.86)
                        
🔵 [PostgresProvider] Query executada com sucesso. Retornou 0 linha(s)
🔵 [PostgresProvider] Executando Query: 
                            INSERT INTO "fintech"."billing_charges"
                            (id, cpf, invoice_reference, charge_type, amount, days_overdue, invoice_amount)
                            VALUES
                            ('67154864257_2026-08_1785466801005_juros_mora', '67154864257', '2026-08', 'juros_mora', 1.29, 21, 3870.86)
                        
🔵 [PostgresProvider] Query executada com sucesso. Retornou 0 linha(s)
🔵 [PostgresProvider] Executando Query: 
                UPDATE "fintech"."users"
                SET account_status = 'inadimplente', days_overdue = 21, updated_at = CURRENT_TIMESTAMP
                WHERE cpf = '67154864257'
            
🔵 [PostgresProvider] Query executada com sucesso. Retornou 0 linha(s)
[DEBUG] CPF: 28818393472, dueDate: Fri Jul 10 2026 00:00:00 GMT-0300 (Horário Padrão de Brasília), today: Fri Jul 31 2026 00:00:00 GMT-0300 (Horário Padrão de Brasília), diffMs: 1814400000, daysOverdue: 21, newStatus: inadimplente
🔵 [PostgresProvider] Executando Query: 
                    SELECT charge_type, COALESCE(SUM(amount), 0) AS total
                    FROM "fintech"."billing_charges"
                    WHERE cpf = '28818393472' AND invoice_reference = '2026-08' AND status = 'pending'
                    GROUP BY charge_type
                
🔵 [PostgresProvider] Query executada com sucesso. Retornou 4 linha(s)
🔵 [PostgresProvider] Executando Query: 
                            INSERT INTO "fintech"."billing_charges"
                            (id, cpf, invoice_reference, charge_type, amount, days_overdue, invoice_amount)
                            VALUES
                            ('28818393472_2026-08_1785466801015_iof', '28818393472', '2026-08', 'iof', 0.32, 21, 3870.86)
                        
🔵 [PostgresProvider] Query executada com sucesso. Retornou 0 linha(s)
🔵 [PostgresProvider] Executando Query: 
                            INSERT INTO "fintech"."billing_charges"
                            (id, cpf, invoice_reference, charge_type, amount, days_overdue, invoice_amount)
                            VALUES
                            ('28818393472_2026-08_1785466801020_juros_remuneratorios', '28818393472', '2026-08', 'juros_remuneratorios', 19.86, 21, 3870.86)
                        
🔵 [PostgresProvider] Query executada com sucesso. Retornou 0 linha(s)
🔵 [PostgresProvider] Executando Query: 
                            INSERT INTO "fintech"."billing_charges"
                            (id, cpf, invoice_reference, charge_type, amount, days_overdue, invoice_amount)
                            VALUES
                            ('28818393472_2026-08_1785466801023_juros_mora', '28818393472', '2026-08', 'juros_mora', 1.29, 21, 3870.86)
                        
🔵 [PostgresProvider] Query executada com sucesso. Retornou 0 linha(s)
🔵 [PostgresProvider] Executando Query: 
                UPDATE "fintech"."users"
                SET account_status = 'inadimplente', days_overdue = 21, updated_at = CURRENT_TIMESTAMP
                WHERE cpf = '28818393472'
            
🔵 [PostgresProvider] Query executada com sucesso. Retornou 0 linha(s)
[DEBUG] CPF: 85246671844, dueDate: Fri Jul 10 2026 00:00:00 GMT-0300 (Horário Padrão de Brasília), today: Fri Jul 31 2026 00:00:00 GMT-0300 (Horário Padrão de Brasília), diffMs: 1814400000, daysOverdue: 21, newStatus: inadimplente
🔵 [PostgresProvider] Executando Query: 
                    SELECT charge_type, COALESCE(SUM(amount), 0) AS total
                    FROM "fintech"."billing_charges"
                    WHERE cpf = '85246671844' AND invoice_reference = '2026-08' AND status = 'pending'
                    GROUP BY charge_type
                
🔵 [PostgresProvider] Query executada com sucesso. Retornou 4 linha(s)
🔵 [PostgresProvider] Executando Query: 
                            INSERT INTO "fintech"."billing_charges"
                            (id, cpf, invoice_reference, charge_type, amount, days_overdue, invoice_amount)
                            VALUES
                            ('85246671844_2026-08_1785466801034_iof', '85246671844', '2026-08', 'iof', 0.32, 21, 3870.86)
                        
🔵 [PostgresProvider] Query executada com sucesso. Retornou 0 linha(s)
🔵 [PostgresProvider] Executando Query: 
                            INSERT INTO "fintech"."billing_charges"
                            (id, cpf, invoice_reference, charge_type, amount, days_overdue, invoice_amount)
                            VALUES
                            ('85246671844_2026-08_1785466801037_juros_remuneratorios', '85246671844', '2026-08', 'juros_remuneratorios', 19.86, 21, 3870.86)
                        
🔵 [PostgresProvider] Query executada com sucesso. Retornou 0 linha(s)
🔵 [PostgresProvider] Executando Query: 
                            INSERT INTO "fintech"."billing_charges"
                            (id, cpf, invoice_reference, charge_type, amount, days_overdue, invoice_amount)
                            VALUES
                            ('85246671844_2026-08_1785466801042_juros_mora', '85246671844', '2026-08', 'juros_mora', 1.29, 21, 3870.86)
                        
🔵 [PostgresProvider] Query executada com sucesso. Retornou 0 linha(s)
🔵 [PostgresProvider] Executando Query: 
                UPDATE "fintech"."users"
                SET account_status = 'inadimplente', days_overdue = 21, updated_at = CURRENT_TIMESTAMP
                WHERE cpf = '85246671844'
            
🔵 [PostgresProvider] Query executada com sucesso. Retornou 0 linha(s)
[DEBUG] CPF: 26775244657, dueDate: Fri Jul 10 2026 00:00:00 GMT-0300 (Horário Padrão de Brasília), today: Fri Jul 31 2026 00:00:00 GMT-0300 (Horário Padrão de Brasília), diffMs: 1814400000, daysOverdue: 21, newStatus: inadimplente
🔵 [PostgresProvider] Executando Query: 
                    SELECT charge_type, COALESCE(SUM(amount), 0) AS total
                    FROM "fintech"."billing_charges"
                    WHERE cpf = '26775244657' AND invoice_reference = '2026-08' AND status = 'pending'
                    GROUP BY charge_type
                
🔵 [PostgresProvider] Query executada com sucesso. Retornou 4 linha(s)
🔵 [PostgresProvider] Executando Query: 
                            INSERT INTO "fintech"."billing_charges"
                            (id, cpf, invoice_reference, charge_type, amount, days_overdue, invoice_amount)
                            VALUES
                            ('26775244657_2026-08_1785466801051_iof', '26775244657', '2026-08', 'iof', 0.32, 21, 3870.86)
                        
🔵 [PostgresProvider] Query executada com sucesso. Retornou 0 linha(s)
🔵 [PostgresProvider] Executando Query: 
                            INSERT INTO "fintech"."billing_charges"
                            (id, cpf, invoice_reference, charge_type, amount, days_overdue, invoice_amount)
                            VALUES
                            ('26775244657_2026-08_1785466801054_juros_remuneratorios', '26775244657', '2026-08', 'juros_remuneratorios', 19.86, 21, 3870.86)
                        
🔵 [PostgresProvider] Query executada com sucesso. Retornou 0 linha(s)
🔵 [PostgresProvider] Executando Query: 
                            INSERT INTO "fintech"."billing_charges"
                            (id, cpf, invoice_reference, charge_type, amount, days_overdue, invoice_amount)
                            VALUES
                            ('26775244657_2026-08_1785466801056_juros_mora', '26775244657', '2026-08', 'juros_mora', 1.29, 21, 3870.86)
                        
🔵 [PostgresProvider] Query executada com sucesso. Retornou 0 linha(s)
🔵 [PostgresProvider] Executando Query: 
                UPDATE "fintech"."users"
                SET account_status = 'inadimplente', days_overdue = 21, updated_at = CURRENT_TIMESTAMP
                WHERE cpf = '26775244657'
            
🔵 [PostgresProvider] Query executada com sucesso. Retornou 0 linha(s)
[DEBUG] CPF: 64866656883, dueDate: Fri Jul 10 2026 00:00:00 GMT-0300 (Horário Padrão de Brasília), today: Fri Jul 31 2026 00:00:00 GMT-0300 (Horário Padrão de Brasília), diffMs: 1814400000, daysOverdue: 21, newStatus: inadimplente
🔵 [PostgresProvider] Executando Query: 
                    SELECT charge_type, COALESCE(SUM(amount), 0) AS total
                    FROM "fintech"."billing_charges"
                    WHERE cpf = '64866656883' AND invoice_reference = '2026-08' AND status = 'pending'
                    GROUP BY charge_type
                
🔵 [PostgresProvider] Query executada com sucesso. Retornou 4 linha(s)
🔵 [PostgresProvider] Executando Query: 
                            INSERT INTO "fintech"."billing_charges"
                            (id, cpf, invoice_reference, charge_type, amount, days_overdue, invoice_amount)
                            VALUES
                            ('64866656883_2026-08_1785466801067_iof', '64866656883', '2026-08', 'iof', 0.32, 21, 3870.86)
                        
🔵 [PostgresProvider] Query executada com sucesso. Retornou 0 linha(s)
🔵 [PostgresProvider] Executando Query: 
                            INSERT INTO "fintech"."billing_charges"
                            (id, cpf, invoice_reference, charge_type, amount, days_overdue, invoice_amount)
                            VALUES
                            ('64866656883_2026-08_1785466801070_juros_remuneratorios', '64866656883', '2026-08', 'juros_remuneratorios', 19.86, 21, 3870.86)
                        
🔵 [PostgresProvider] Query executada com sucesso. Retornou 0 linha(s)
🔵 [PostgresProvider] Executando Query: 
                            INSERT INTO "fintech"."billing_charges"
                            (id, cpf, invoice_reference, charge_type, amount, days_overdue, invoice_amount)
                            VALUES
                            ('64866656883_2026-08_1785466801073_juros_mora', '64866656883', '2026-08', 'juros_mora', 1.29, 21, 3870.86)
                        
🔵 [PostgresProvider] Query executada com sucesso. Retornou 0 linha(s)
🔵 [PostgresProvider] Executando Query: 
                UPDATE "fintech"."users"
                SET account_status = 'inadimplente', days_overdue = 21, updated_at = CURRENT_TIMESTAMP
                WHERE cpf = '64866656883'
            
🔵 [PostgresProvider] Query executada com sucesso. Retornou 0 linha(s)
[DEBUG] CPF: 68141495240, dueDate: Fri Jul 10 2026 00:00:00 GMT-0300 (Horário Padrão de Brasília), today: Fri Jul 31 2026 00:00:00 GMT-0300 (Horário Padrão de Brasília), diffMs: 1814400000, daysOverdue: 21, newStatus: inadimplente
🔵 [PostgresProvider] Executando Query: 
                    SELECT charge_type, COALESCE(SUM(amount), 0) AS total
                    FROM "fintech"."billing_charges"
                    WHERE cpf = '68141495240' AND invoice_reference = '2026-08' AND status = 'pending'
                    GROUP BY charge_type
                
🔵 [PostgresProvider] Query executada com sucesso. Retornou 4 linha(s)
🔵 [PostgresProvider] Executando Query: 
                            INSERT INTO "fintech"."billing_charges"
                            (id, cpf, invoice_reference, charge_type, amount, days_overdue, invoice_amount)
                            VALUES
                            ('68141495240_2026-08_1785466801082_iof', '68141495240', '2026-08', 'iof', 0.32, 21, 3870.86)
                        
🔵 [PostgresProvider] Query executada com sucesso. Retornou 0 linha(s)
🔵 [PostgresProvider] Executando Query: 
                            INSERT INTO "fintech"."billing_charges"
                            (id, cpf, invoice_reference, charge_type, amount, days_overdue, invoice_amount)
                            VALUES
                            ('68141495240_2026-08_1785466801086_juros_remuneratorios', '68141495240', '2026-08', 'juros_remuneratorios', 19.86, 21, 3870.86)
                        
🔵 [PostgresProvider] Query executada com sucesso. Retornou 0 linha(s)
🔵 [PostgresProvider] Executando Query: 
                            INSERT INTO "fintech"."billing_charges"
                            (id, cpf, invoice_reference, charge_type, amount, days_overdue, invoice_amount)
                            VALUES
                            ('68141495240_2026-08_1785466801089_juros_mora', '68141495240', '2026-08', 'juros_mora', 1.29, 21, 3870.86)
                        
🔵 [PostgresProvider] Query executada com sucesso. Retornou 0 linha(s)
🔵 [PostgresProvider] Executando Query: 
                UPDATE "fintech"."users"
                SET account_status = 'inadimplente', days_overdue = 21, updated_at = CURRENT_TIMESTAMP
                WHERE cpf = '68141495240'
            
🔵 [PostgresProvider] Query executada com sucesso. Retornou 0 linha(s)
[DEBUG] CPF: 78475680046, dueDate: Fri Jul 10 2026 00:00:00 GMT-0300 (Horário Padrão de Brasília), today: Fri Jul 31 2026 00:00:00 GMT-0300 (Horário Padrão de Brasília), diffMs: 1814400000, daysOverdue: 21, newStatus: inadimplente
🔵 [PostgresProvider] Executando Query: 
                    SELECT charge_type, COALESCE(SUM(amount), 0) AS total
                    FROM "fintech"."billing_charges"
                    WHERE cpf = '78475680046' AND invoice_reference = '2026-08' AND status = 'pending'
                    GROUP BY charge_type
                
🔵 [PostgresProvider] Query executada com sucesso. Retornou 4 linha(s)
🔵 [PostgresProvider] Executando Query: 
                            INSERT INTO "fintech"."billing_charges"
                            (id, cpf, invoice_reference, charge_type, amount, days_overdue, invoice_amount)
                            VALUES
                            ('78475680046_2026-08_1785466801100_iof', '78475680046', '2026-08', 'iof', 0.32, 21, 3870.86)
                        
🔵 [PostgresProvider] Query executada com sucesso. Retornou 0 linha(s)
🔵 [PostgresProvider] Executando Query: 
                            INSERT INTO "fintech"."billing_charges"
                            (id, cpf, invoice_reference, charge_type, amount, days_overdue, invoice_amount)
                            VALUES
                            ('78475680046_2026-08_1785466801103_juros_remuneratorios', '78475680046', '2026-08', 'juros_remuneratorios', 19.86, 21, 3870.86)
                        
🔵 [PostgresProvider] Query executada com sucesso. Retornou 0 linha(s)
🔵 [PostgresProvider] Executando Query: 
                            INSERT INTO "fintech"."billing_charges"
                            (id, cpf, invoice_reference, charge_type, amount, days_overdue, invoice_amount)
                            VALUES
                            ('78475680046_2026-08_1785466801106_juros_mora', '78475680046', '2026-08', 'juros_mora', 1.29, 21, 3870.86)
                        
🔵 [PostgresProvider] Query executada com sucesso. Retornou 0 linha(s)
🔵 [PostgresProvider] Executando Query: 
                UPDATE "fintech"."users"
                SET account_status = 'inadimplente', days_overdue = 21, updated_at = CURRENT_TIMESTAMP
                WHERE cpf = '78475680046'
            
🔵 [PostgresProvider] Query executada com sucesso. Retornou 0 linha(s)
🔵 [PostgresProvider] Executando Query: 
            UPDATE "fintech"."invoices"
            SET dias_atraso = GREATEST(0, (CURRENT_DATE - due_date::date)),
                updated_at = CURRENT_TIMESTAMP
            WHERE status = 'FECHADA'
              AND data_pagamento IS NULL
              AND due_date < CURRENT_TIMESTAMP
              AND COALESCE(dias_atraso, -1) != GREATEST(0, (CURRENT_DATE - due_date::date))
        
🔵 [PostgresProvider] Query executada com sucesso. Retornou 0 linha(s)
[Cron] Validação de faturamento concluída: Validação concluída. 46 inadimplentes, 0 adimplentes, 122 encargos gerados.
[Cron] Executando cobrança de assinaturas via Motor de Recorrência...
🔵 [PostgresProvider] Executando Query: 
        CREATE TABLE IF NOT EXISTS "fintech"."recurring_bills" (
            id VARCHAR(255) PRIMARY KEY,
            cpf VARCHAR(11) NOT NULL,
            name VARCHAR(255) NOT NULL,
            amount DECIMAL(15,2) NOT NULL,
            due_day INTEGER NOT NULL,
            category VARCHAR(50) NOT NULL DEFAULT 'outros',
            frequency VARCHAR(20) NOT NULL DEFAULT 'MONTHLY',
            payment_method VARCHAR(50) NOT NULL DEFAULT 'CREDIT_CARD',
            status VARCHAR(20) NOT NULL DEFAULT 'active',
            card_token VARCHAR(255),
            plan_id VARCHAR(255),
            next_billing_date TIMESTAMP,
            retry_count INTEGER NOT NULL DEFAULT 0,
            max_retries INTEGER NOT NULL DEFAULT 3,
            last_retry_at TIMESTAMP,
            failure_reason TEXT,
            paid_at TIMESTAMP,
            created_at TIMESTAMP DEFAULT CURRENT_TIMESTAMP,
            updated_at TIMESTAMP DEFAULT CURRENT_TIMESTAMP
        )
    
🔵 [PostgresProvider] Query executada com sucesso. Retornou 0 linha(s)
🔵 [PostgresProvider] Executando Query: ALTER TABLE "fintech"."recurring_bills" ADD COLUMN IF NOT EXISTS frequency VARCHAR(20) DEFAULT 'MONTHLY'
🔵 [PostgresProvider] Query executada com sucesso. Retornou 0 linha(s)
🔵 [PostgresProvider] Executando Query: ALTER TABLE "fintech"."recurring_bills" ADD COLUMN IF NOT EXISTS payment_method VARCHAR(50) DEFAULT 'CREDIT_CARD'
🔵 [PostgresProvider] Query executada com sucesso. Retornou 0 linha(s)
🔵 [PostgresProvider] Executando Query: ALTER TABLE "fintech"."recurring_bills" ADD COLUMN IF NOT EXISTS card_token VARCHAR(255)
🔵 [PostgresProvider] Query executada com sucesso. Retornou 0 linha(s)
🔵 [PostgresProvider] Executando Query: ALTER TABLE "fintech"."recurring_bills" ADD COLUMN IF NOT EXISTS plan_id VARCHAR(255)
🔵 [PostgresProvider] Query executada com sucesso. Retornou 0 linha(s)
🔵 [PostgresProvider] Executando Query: ALTER TABLE "fintech"."recurring_bills" ADD COLUMN IF NOT EXISTS next_billing_date TIMESTAMP
🔵 [PostgresProvider] Query executada com sucesso. Retornou 0 linha(s)
🔵 [PostgresProvider] Executando Query: ALTER TABLE "fintech"."recurring_bills" ADD COLUMN IF NOT EXISTS retry_count INTEGER DEFAULT 0
🔵 [PostgresProvider] Query executada com sucesso. Retornou 0 linha(s)
🔵 [PostgresProvider] Executando Query: ALTER TABLE "fintech"."recurring_bills" ADD COLUMN IF NOT EXISTS max_retries INTEGER DEFAULT 3
🔵 [PostgresProvider] Query executada com sucesso. Retornou 0 linha(s)
🔵 [PostgresProvider] Executando Query: ALTER TABLE "fintech"."recurring_bills" ADD COLUMN IF NOT EXISTS last_retry_at TIMESTAMP
🔵 [PostgresProvider] Query executada com sucesso. Retornou 0 linha(s)
🔵 [PostgresProvider] Executando Query: ALTER TABLE "fintech"."recurring_bills" ADD COLUMN IF NOT EXISTS failure_reason TEXT
🔵 [PostgresProvider] Query executada com sucesso. Retornou 0 linha(s)
🔵 [PostgresProvider] Executando Query: 
        SELECT * FROM "fintech"."recurring_bills"
        WHERE status IN ('active', 'past_due', 'pending')
    
🔵 [PostgresProvider] Query executada com sucesso. Retornou 3 linha(s)
🔵 [PostgresProvider] Executando Query: SELECT * FROM "fintech"."users" WHERE cpf = '04617745777'
🔵 [PostgresProvider] Query executada com sucesso. Retornou 1 linha(s)
🔵 [PostgresProvider] Executando Query: 
                    UPDATE "fintech"."users" 
                    SET credit_card_available_limit = credit_card_available_limit - 39.99 
                    WHERE cpf = '04617745777'
                
🔵 [PostgresProvider] Query executada com sucesso. Retornou 0 linha(s)
🔵 [PostgresProvider] Executando Query: 
                    INSERT INTO "fintech"."transactions" (id, cpf, type, amount, description, date)
                    VALUES ('48713ef9-df09-439e-a396-5f0617484dc3', '04617745777', 'SUBSCRIPTION', -39.99, 'Assinatura Netflix', '2026-07-31T03:00:01.152Z')
                
🔵 [PostgresProvider] Query executada com sucesso. Retornou 0 linha(s)
🔵 [PostgresProvider] Executando Query: 
        CREATE TABLE IF NOT EXISTS "fintech"."recurring_bills" (
            id VARCHAR(255) PRIMARY KEY,
            cpf VARCHAR(11) NOT NULL,
            name VARCHAR(255) NOT NULL,
            amount DECIMAL(15,2) NOT NULL,
            due_day INTEGER NOT NULL,
            category VARCHAR(50) NOT NULL DEFAULT 'outros',
            frequency VARCHAR(20) NOT NULL DEFAULT 'MONTHLY',
            payment_method VARCHAR(50) NOT NULL DEFAULT 'CREDIT_CARD',
            status VARCHAR(20) NOT NULL DEFAULT 'active',
            card_token VARCHAR(255),
            plan_id VARCHAR(255),
            next_billing_date TIMESTAMP,
            retry_count INTEGER NOT NULL DEFAULT 0,
            max_retries INTEGER NOT NULL DEFAULT 3,
            last_retry_at TIMESTAMP,
            failure_reason TEXT,
            paid_at TIMESTAMP,
            created_at TIMESTAMP DEFAULT CURRENT_TIMESTAMP,
            updated_at TIMESTAMP DEFAULT CURRENT_TIMESTAMP
        )
    
🔵 [PostgresProvider] Query executada com sucesso. Retornou 0 linha(s)
🔵 [PostgresProvider] Executando Query: ALTER TABLE "fintech"."recurring_bills" ADD COLUMN IF NOT EXISTS frequency VARCHAR(20) DEFAULT 'MONTHLY'
🔵 [PostgresProvider] Query executada com sucesso. Retornou 0 linha(s)
🔵 [PostgresProvider] Executando Query: ALTER TABLE "fintech"."recurring_bills" ADD COLUMN IF NOT EXISTS payment_method VARCHAR(50) DEFAULT 'CREDIT_CARD'
🔵 [PostgresProvider] Query executada com sucesso. Retornou 0 linha(s)
🔵 [PostgresProvider] Executando Query: ALTER TABLE "fintech"."recurring_bills" ADD COLUMN IF NOT EXISTS card_token VARCHAR(255)
🔵 [PostgresProvider] Query executada com sucesso. Retornou 0 linha(s)
🔵 [PostgresProvider] Executando Query: ALTER TABLE "fintech"."recurring_bills" ADD COLUMN IF NOT EXISTS plan_id VARCHAR(255)
🔵 [PostgresProvider] Query executada com sucesso. Retornou 0 linha(s)
🔵 [PostgresProvider] Executando Query: ALTER TABLE "fintech"."recurring_bills" ADD COLUMN IF NOT EXISTS next_billing_date TIMESTAMP
🔵 [PostgresProvider] Query executada com sucesso. Retornou 0 linha(s)
🔵 [PostgresProvider] Executando Query: ALTER TABLE "fintech"."recurring_bills" ADD COLUMN IF NOT EXISTS retry_count INTEGER DEFAULT 0
🔵 [PostgresProvider] Query executada com sucesso. Retornou 0 linha(s)
🔵 [PostgresProvider] Executando Query: ALTER TABLE "fintech"."recurring_bills" ADD COLUMN IF NOT EXISTS max_retries INTEGER DEFAULT 3
🔵 [PostgresProvider] Query executada com sucesso. Retornou 0 linha(s)
🔵 [PostgresProvider] Executando Query: ALTER TABLE "fintech"."recurring_bills" ADD COLUMN IF NOT EXISTS last_retry_at TIMESTAMP
🔵 [PostgresProvider] Query executada com sucesso. Retornou 0 linha(s)
🔵 [PostgresProvider] Executando Query: ALTER TABLE "fintech"."recurring_bills" ADD COLUMN IF NOT EXISTS failure_reason TEXT
🔵 [PostgresProvider] Query executada com sucesso. Retornou 0 linha(s)
🔵 [PostgresProvider] Executando Query: 
        UPDATE "fintech"."recurring_bills"
        SET retry_count = 0, failure_reason = NULL, next_billing_date = '2026-08-31T03:00:01.152Z', status = 'active', paid_at = '2026-07-31T03:00:01.189Z', updated_at = '2026-07-31T03:00:01.189Z'
        WHERE id = 'dfbee918-7b58-47b2-a827-7351afc21fed' AND cpf = '04617745777'
        RETURNING id
    
🔵 [PostgresProvider] Query executada com sucesso. Retornou 1 linha(s)
🔵 [PostgresProvider] Executando Query: SELECT * FROM "fintech"."users" WHERE cpf = '12345678901'
🔵 [PostgresProvider] Query executada com sucesso. Retornou 1 linha(s)
🔵 [PostgresProvider] Executando Query: 
                    UPDATE "fintech"."users" 
                    SET balance = balance - 79.9 
                    WHERE cpf = '12345678901'
                
🔵 [PostgresProvider] Query executada com sucesso. Retornou 0 linha(s)
🔵 [PostgresProvider] Executando Query: 
                    INSERT INTO "fintech"."transactions" (id, cpf, type, amount, description, date)
                    VALUES ('dd594ca5-2fbd-4eff-beb1-49e349df3783', '12345678901', 'SUBSCRIPTION', -79.9, 'HTV 7', '2026-07-31T03:00:01.152Z')
                
🔵 [PostgresProvider] Query executada com sucesso. Retornou 0 linha(s)
🔵 [PostgresProvider] Executando Query: 
        CREATE TABLE IF NOT EXISTS "fintech"."recurring_bills" (
            id VARCHAR(255) PRIMARY KEY,
            cpf VARCHAR(11) NOT NULL,
            name VARCHAR(255) NOT NULL,
            amount DECIMAL(15,2) NOT NULL,
            due_day INTEGER NOT NULL,
            category VARCHAR(50) NOT NULL DEFAULT 'outros',
            frequency VARCHAR(20) NOT NULL DEFAULT 'MONTHLY',
            payment_method VARCHAR(50) NOT NULL DEFAULT 'CREDIT_CARD',
            status VARCHAR(20) NOT NULL DEFAULT 'active',
            card_token VARCHAR(255),
            plan_id VARCHAR(255),
            next_billing_date TIMESTAMP,
            retry_count INTEGER NOT NULL DEFAULT 0,
            max_retries INTEGER NOT NULL DEFAULT 3,
            last_retry_at TIMESTAMP,
            failure_reason TEXT,
            paid_at TIMESTAMP,
            created_at TIMESTAMP DEFAULT CURRENT_TIMESTAMP,
            updated_at TIMESTAMP DEFAULT CURRENT_TIMESTAMP
        )
    
🔵 [PostgresProvider] Query executada com sucesso. Retornou 0 linha(s)
🔵 [PostgresProvider] Executando Query: ALTER TABLE "fintech"."recurring_bills" ADD COLUMN IF NOT EXISTS frequency VARCHAR(20) DEFAULT 'MONTHLY'
🔵 [PostgresProvider] Query executada com sucesso. Retornou 0 linha(s)
🔵 [PostgresProvider] Executando Query: ALTER TABLE "fintech"."recurring_bills" ADD COLUMN IF NOT EXISTS payment_method VARCHAR(50) DEFAULT 'CREDIT_CARD'
🔵 [PostgresProvider] Query executada com sucesso. Retornou 0 linha(s)
🔵 [PostgresProvider] Executando Query: ALTER TABLE "fintech"."recurring_bills" ADD COLUMN IF NOT EXISTS card_token VARCHAR(255)
🔵 [PostgresProvider] Query executada com sucesso. Retornou 0 linha(s)
🔵 [PostgresProvider] Executando Query: ALTER TABLE "fintech"."recurring_bills" ADD COLUMN IF NOT EXISTS plan_id VARCHAR(255)
🔵 [PostgresProvider] Query executada com sucesso. Retornou 0 linha(s)
🔵 [PostgresProvider] Executando Query: ALTER TABLE "fintech"."recurring_bills" ADD COLUMN IF NOT EXISTS next_billing_date TIMESTAMP
🔵 [PostgresProvider] Query executada com sucesso. Retornou 0 linha(s)
🔵 [PostgresProvider] Executando Query: ALTER TABLE "fintech"."recurring_bills" ADD COLUMN IF NOT EXISTS retry_count INTEGER DEFAULT 0
🔵 [PostgresProvider] Query executada com sucesso. Retornou 0 linha(s)
🔵 [PostgresProvider] Executando Query: ALTER TABLE "fintech"."recurring_bills" ADD COLUMN IF NOT EXISTS max_retries INTEGER DEFAULT 3
🔵 [PostgresProvider] Query executada com sucesso. Retornou 0 linha(s)
🔵 [PostgresProvider] Executando Query: ALTER TABLE "fintech"."recurring_bills" ADD COLUMN IF NOT EXISTS last_retry_at TIMESTAMP
🔵 [PostgresProvider] Query executada com sucesso. Retornou 0 linha(s)
🔵 [PostgresProvider] Executando Query: ALTER TABLE "fintech"."recurring_bills" ADD COLUMN IF NOT EXISTS failure_reason TEXT
🔵 [PostgresProvider] Query executada com sucesso. Retornou 0 linha(s)
🔵 [PostgresProvider] Executando Query: 
        UPDATE "fintech"."recurring_bills"
        SET retry_count = 0, failure_reason = NULL, next_billing_date = '2026-08-31T03:00:01.152Z', status = 'active', paid_at = '2026-07-31T03:00:01.226Z', updated_at = '2026-07-31T03:00:01.226Z'
        WHERE id = '16dff313-0e55-4617-808d-4ffdc4edeea8' AND cpf = '12345678901'
        RETURNING id
    
🔵 [PostgresProvider] Query executada com sucesso. Retornou 1 linha(s)
🔵 [PostgresProvider] Executando Query: SELECT * FROM "fintech"."users" WHERE cpf = '12345678901'
🔵 [PostgresProvider] Query executada com sucesso. Retornou 1 linha(s)
🔵 [PostgresProvider] Executando Query: 
                    UPDATE "fintech"."users" 
                    SET balance = balance - 14.9 
                    WHERE cpf = '12345678901'
                
🔵 [PostgresProvider] Query executada com sucesso. Retornou 0 linha(s)
🔵 [PostgresProvider] Executando Query: 
                    INSERT INTO "fintech"."transactions" (id, cpf, type, amount, description, date)
                    VALUES ('9fa642a4-7c5d-463f-b64b-f24ff19c8f4d', '12345678901', 'SUBSCRIPTION', -14.9, 'amazon', '2026-07-31T03:00:01.152Z')
                
🔵 [PostgresProvider] Query executada com sucesso. Retornou 0 linha(s)
🔵 [PostgresProvider] Executando Query: 
        CREATE TABLE IF NOT EXISTS "fintech"."recurring_bills" (
            id VARCHAR(255) PRIMARY KEY,
            cpf VARCHAR(11) NOT NULL,
            name VARCHAR(255) NOT NULL,
            amount DECIMAL(15,2) NOT NULL,
            due_day INTEGER NOT NULL,
            category VARCHAR(50) NOT NULL DEFAULT 'outros',
            frequency VARCHAR(20) NOT NULL DEFAULT 'MONTHLY',
            payment_method VARCHAR(50) NOT NULL DEFAULT 'CREDIT_CARD',
            status VARCHAR(20) NOT NULL DEFAULT 'active',
            card_token VARCHAR(255),
            plan_id VARCHAR(255),
            next_billing_date TIMESTAMP,
            retry_count INTEGER NOT NULL DEFAULT 0,
            max_retries INTEGER NOT NULL DEFAULT 3,
            last_retry_at TIMESTAMP,
            failure_reason TEXT,
            paid_at TIMESTAMP,
            created_at TIMESTAMP DEFAULT CURRENT_TIMESTAMP,
            updated_at TIMESTAMP DEFAULT CURRENT_TIMESTAMP
        )
    
🔵 [PostgresProvider] Query executada com sucesso. Retornou 0 linha(s)
🔵 [PostgresProvider] Executando Query: ALTER TABLE "fintech"."recurring_bills" ADD COLUMN IF NOT EXISTS frequency VARCHAR(20) DEFAULT 'MONTHLY'
🔵 [PostgresProvider] Query executada com sucesso. Retornou 0 linha(s)
🔵 [PostgresProvider] Executando Query: ALTER TABLE "fintech"."recurring_bills" ADD COLUMN IF NOT EXISTS payment_method VARCHAR(50) DEFAULT 'CREDIT_CARD'
🔵 [PostgresProvider] Query executada com sucesso. Retornou 0 linha(s)
🔵 [PostgresProvider] Executando Query: ALTER TABLE "fintech"."recurring_bills" ADD COLUMN IF NOT EXISTS card_token VARCHAR(255)
🔵 [PostgresProvider] Query executada com sucesso. Retornou 0 linha(s)
🔵 [PostgresProvider] Executando Query: ALTER TABLE "fintech"."recurring_bills" ADD COLUMN IF NOT EXISTS plan_id VARCHAR(255)
🔵 [PostgresProvider] Query executada com sucesso. Retornou 0 linha(s)
🔵 [PostgresProvider] Executando Query: ALTER TABLE "fintech"."recurring_bills" ADD COLUMN IF NOT EXISTS next_billing_date TIMESTAMP
🔵 [PostgresProvider] Query executada com sucesso. Retornou 0 linha(s)
🔵 [PostgresProvider] Executando Query: ALTER TABLE "fintech"."recurring_bills" ADD COLUMN IF NOT EXISTS retry_count INTEGER DEFAULT 0
🔵 [PostgresProvider] Query executada com sucesso. Retornou 0 linha(s)
🔵 [PostgresProvider] Executando Query: ALTER TABLE "fintech"."recurring_bills" ADD COLUMN IF NOT EXISTS max_retries INTEGER DEFAULT 3
🔵 [PostgresProvider] Query executada com sucesso. Retornou 0 linha(s)
🔵 [PostgresProvider] Executando Query: ALTER TABLE "fintech"."recurring_bills" ADD COLUMN IF NOT EXISTS last_retry_at TIMESTAMP
🔵 [PostgresProvider] Query executada com sucesso. Retornou 0 linha(s)
🔵 [PostgresProvider] Executando Query: ALTER TABLE "fintech"."recurring_bills" ADD COLUMN IF NOT EXISTS failure_reason TEXT
🔵 [PostgresProvider] Query executada com sucesso. Retornou 0 linha(s)
🔵 [PostgresProvider] Executando Query: 
        UPDATE "fintech"."recurring_bills"
        SET retry_count = 0, failure_reason = NULL, next_billing_date = '2026-08-31T03:00:01.152Z', status = 'active', paid_at = '2026-07-31T03:00:01.260Z', updated_at = '2026-07-31T03:00:01.260Z'
        WHERE id = 'e3ae0bbf-42a4-4f36-8875-b149424664c9' AND cpf = '12345678901'
        RETURNING id
    
🔵 [PostgresProvider] Query executada com sucesso. Retornou 1 linha(s)
[Cron] Cobrança de assinaturas realizada: 3 processadas
[Cron] Sincronizando dias_atraso nas invoices...
🔵 [PostgresProvider] Executando Query: 
            UPDATE "fintech"."invoices"
            SET dias_atraso = GREATEST(0, (CURRENT_DATE - due_date::date)),
                updated_at = CURRENT_TIMESTAMP
            WHERE status = 'FECHADA'
              AND data_pagamento IS NULL
              AND due_date < CURRENT_TIMESTAMP
              AND COALESCE(dias_atraso, -1) != GREATEST(0, (CURRENT_DATE - due_date::date))
        
🔵 [PostgresProvider] Query executada com sucesso. Retornou 0 linha(s)
🔵 [PostgresProvider] Executando Query: 
            SELECT COUNT(*) AS total,
                   SUM(CASE WHEN COALESCE(dias_atraso, 0) = GREATEST(0, (CURRENT_DATE - due_date::date)) THEN 1 ELSE 0 END) AS corretas
            FROM "fintech"."invoices"
            WHERE status = 'FECHADA' AND data_pagamento IS NULL AND due_date < CURRENT_TIMESTAMP
        
🔵 [PostgresProvider] Query executada com sucesso. Retornou 1 linha(s)
[Cron] Sincronização concluída: 0 invoice(s) atualizada(s), 55/55 consistentes
[CronReconciliationJob] [2026-07-31T19:27:17.268Z] Iniciando auditoria e conciliação diária...
[InvoiceEngine] Iniciando verificação de faturas...
🔵 [PostgresProvider] Executando Query: SELECT cpf, credit_card_invoice_due_date, credit_card_due_day FROM "fintech"."users" WHERE credit_card_invoice_due_date IS NOT NULL
🔵 [PostgresProvider] Query executada com sucesso. Retornou 130 linha(s)
[InvoiceEngine] 130 usuários encontrados para verificação.
🔵 [PostgresProvider] Executando Query: SELECT * FROM "fintech"."billing_config" WHERE id = 1
🔵 [PostgresProvider] Query executada com sucesso. Retornou 1 linha(s)
[InvoiceEngine] Concluído. 0 faturas fechadas/roladas.
🔵 [PostgresProvider] Executando Query: SELECT cpf, full_name, credit_card_invoice_due_date, credit_card_due_day FROM "fintech"."users"
🔵 [PostgresProvider] Query executada com sucesso. Retornou 131 linha(s)
🔵 [PostgresProvider] Executando Query: 
                    SELECT id, type, amount, description, date 
                    FROM "fintech"."transactions" 
                    WHERE cpf = '76671725950'
                
🔵 [PostgresProvider] Query executada com sucesso. Retornou 9 linha(s)
🔵 [PostgresProvider] Executando Query: 
                    SELECT id, type, amount, description, date 
                    FROM "fintech"."transactions" 
                    WHERE cpf = '11879646706'
                
🔵 [PostgresProvider] Query executada com sucesso. Retornou 6 linha(s)
🔵 [PostgresProvider] Executando Query: 
                    SELECT id, type, amount, description, date 
                    FROM "fintech"."transactions" 
                    WHERE cpf = '12464865954'
                
🔵 [PostgresProvider] Query executada com sucesso. Retornou 16 linha(s)
🔵 [PostgresProvider] Executando Query: 
                    SELECT id, type, amount, description, date 
                    FROM "fintech"."transactions" 
                    WHERE cpf = '48431018434'
                
🔵 [PostgresProvider] Query executada com sucesso. Retornou 6 linha(s)
🔵 [PostgresProvider] Executando Query: 
                    SELECT id, type, amount, description, date 
                    FROM "fintech"."transactions" 
                    WHERE cpf = '48318883543'
                
🔵 [PostgresProvider] Query executada com sucesso. Retornou 9 linha(s)
🔵 [PostgresProvider] Executando Query: 
                    SELECT id, type, amount, description, date 
                    FROM "fintech"."transactions" 
                    WHERE cpf = '41689983639'
                
🔵 [PostgresProvider] Query executada com sucesso. Retornou 6 linha(s)
🔵 [PostgresProvider] Executando Query: 
                    SELECT id, type, amount, description, date 
                    FROM "fintech"."transactions" 
                    WHERE cpf = '53281863159'
                
🔵 [PostgresProvider] Query executada com sucesso. Retornou 6 linha(s)
🔵 [PostgresProvider] Executando Query: 
                    SELECT id, type, amount, description, date 
                    FROM "fintech"."transactions" 
                    WHERE cpf = '17334727380'
                
🔵 [PostgresProvider] Query executada com sucesso. Retornou 6 linha(s)
🔵 [PostgresProvider] Executando Query: 
                    SELECT id, type, amount, description, date 
                    FROM "fintech"."transactions" 
                    WHERE cpf = '45116448614'
                
🔵 [PostgresProvider] Query executada com sucesso. Retornou 6 linha(s)
🔵 [PostgresProvider] Executando Query: 
                    SELECT id, type, amount, description, date 
                    FROM "fintech"."transactions" 
                    WHERE cpf = '84823321987'
                
🔵 [PostgresProvider] Query executada com sucesso. Retornou 6 linha(s)
🔵 [PostgresProvider] Executando Query: 
                    SELECT id, type, amount, description, date 
                    FROM "fintech"."transactions" 
                    WHERE cpf = '12345678901'
                
🔵 [PostgresProvider] Query executada com sucesso. Retornou 32 linha(s)
🔵 [PostgresProvider] Executando Query: 
                    SELECT id, type, amount, description, date 
                    FROM "fintech"."transactions" 
                    WHERE cpf = '24662236606'
                
🔵 [PostgresProvider] Query executada com sucesso. Retornou 9 linha(s)
🔵 [PostgresProvider] Executando Query: 
                    SELECT id, type, amount, description, date 
                    FROM "fintech"."transactions" 
                    WHERE cpf = '37810513150'
                
🔵 [PostgresProvider] Query executada com sucesso. Retornou 9 linha(s)
🔵 [PostgresProvider] Executando Query: 
                    SELECT id, type, amount, description, date 
                    FROM "fintech"."transactions" 
                    WHERE cpf = '93852856961'
                
🔵 [PostgresProvider] Query executada com sucesso. Retornou 9 linha(s)
🔵 [PostgresProvider] Executando Query: 
                    SELECT id, type, amount, description, date 
                    FROM "fintech"."transactions" 
                    WHERE cpf = '16266323249'
                
🔵 [PostgresProvider] Query executada com sucesso. Retornou 9 linha(s)
🔵 [PostgresProvider] Executando Query: 
                    SELECT id, type, amount, description, date 
                    FROM "fintech"."transactions" 
                    WHERE cpf = '44794065574'
                
🔵 [PostgresProvider] Query executada com sucesso. Retornou 9 linha(s)
🔵 [PostgresProvider] Executando Query: 
                    SELECT id, type, amount, description, date 
                    FROM "fintech"."transactions" 
                    WHERE cpf = '81698023189'
                
🔵 [PostgresProvider] Query executada com sucesso. Retornou 6 linha(s)
🔵 [PostgresProvider] Executando Query: 
                    SELECT id, type, amount, description, date 
                    FROM "fintech"."transactions" 
                    WHERE cpf = '23626419533'
                
🔵 [PostgresProvider] Query executada com sucesso. Retornou 3 linha(s)
🔵 [PostgresProvider] Executando Query: 
                    SELECT id, type, amount, description, date 
                    FROM "fintech"."transactions" 
                    WHERE cpf = '42194343806'
                
🔵 [PostgresProvider] Query executada com sucesso. Retornou 9 linha(s)
🔵 [PostgresProvider] Executando Query: 
                    SELECT id, type, amount, description, date 
                    FROM "fintech"."transactions" 
                    WHERE cpf = '77551164685'
                
🔵 [PostgresProvider] Query executada com sucesso. Retornou 9 linha(s)
🔵 [PostgresProvider] Executando Query: 
                    SELECT id, type, amount, description, date 
                    FROM "fintech"."transactions" 
                    WHERE cpf = '77680674957'
                
🔵 [PostgresProvider] Query executada com sucesso. Retornou 13 linha(s)
🔵 [PostgresProvider] Executando Query: 
                    SELECT id, type, amount, description, date 
                    FROM "fintech"."transactions" 
                    WHERE cpf = '60107482754'
                
🔵 [PostgresProvider] Query executada com sucesso. Retornou 6 linha(s)
🔵 [PostgresProvider] Executando Query: 
                    SELECT id, type, amount, description, date 
                    FROM "fintech"."transactions" 
                    WHERE cpf = '43838315910'
                
🔵 [PostgresProvider] Query executada com sucesso. Retornou 6 linha(s)
🔵 [PostgresProvider] Executando Query: 
                    SELECT id, type, amount, description, date 
                    FROM "fintech"."transactions" 
                    WHERE cpf = '27234768980'
                
🔵 [PostgresProvider] Query executada com sucesso. Retornou 6 linha(s)
🔵 [PostgresProvider] Executando Query: 
                    SELECT id, type, amount, description, date 
                    FROM "fintech"."transactions" 
                    WHERE cpf = '77355277308'
                
🔵 [PostgresProvider] Query executada com sucesso. Retornou 6 linha(s)
🔵 [PostgresProvider] Executando Query: 
                    SELECT id, type, amount, description, date 
                    FROM "fintech"."transactions" 
                    WHERE cpf = '61369613180'
                
🔵 [PostgresProvider] Query executada com sucesso. Retornou 6 linha(s)
🔵 [PostgresProvider] Executando Query: 
                    SELECT id, type, amount, description, date 
                    FROM "fintech"."transactions" 
                    WHERE cpf = '67723150254'
                
🔵 [PostgresProvider] Query executada com sucesso. Retornou 12 linha(s)
🔵 [PostgresProvider] Executando Query: 
                    SELECT id, type, amount, description, date 
                    FROM "fintech"."transactions" 
                    WHERE cpf = '77017682203'
                
🔵 [PostgresProvider] Query executada com sucesso. Retornou 6 linha(s)
🔵 [PostgresProvider] Executando Query: 
                    SELECT id, type, amount, description, date 
                    FROM "fintech"."transactions" 
                    WHERE cpf = '34715548313'
                
🔵 [PostgresProvider] Query executada com sucesso. Retornou 6 linha(s)
🔵 [PostgresProvider] Executando Query: 
                    SELECT id, type, amount, description, date 
                    FROM "fintech"."transactions" 
                    WHERE cpf = '12424713839'
                
🔵 [PostgresProvider] Query executada com sucesso. Retornou 6 linha(s)
🔵 [PostgresProvider] Executando Query: 
                    SELECT id, type, amount, description, date 
                    FROM "fintech"."transactions" 
                    WHERE cpf = '99839938466'
                
🔵 [PostgresProvider] Query executada com sucesso. Retornou 12 linha(s)
🔵 [PostgresProvider] Executando Query: 
                    SELECT id, type, amount, description, date 
                    FROM "fintech"."transactions" 
                    WHERE cpf = '34272175349'
                
🔵 [PostgresProvider] Query executada com sucesso. Retornou 6 linha(s)
🔵 [PostgresProvider] Executando Query: 
                    SELECT id, type, amount, description, date 
                    FROM "fintech"."transactions" 
                    WHERE cpf = '99900011155'
                
🔵 [PostgresProvider] Query executada com sucesso. Retornou 7 linha(s)
🔵 [PostgresProvider] Executando Query: 
                    SELECT id, type, amount, description, date 
                    FROM "fintech"."transactions" 
                    WHERE cpf = '19983621512'
                
🔵 [PostgresProvider] Query executada com sucesso. Retornou 3 linha(s)
🔵 [PostgresProvider] Executando Query: 
                    SELECT id, type, amount, description, date 
                    FROM "fintech"."transactions" 
                    WHERE cpf = '64332859618'
                
🔵 [PostgresProvider] Query executada com sucesso. Retornou 6 linha(s)
🔵 [PostgresProvider] Executando Query: 
                    SELECT id, type, amount, description, date 
                    FROM "fintech"."transactions" 
                    WHERE cpf = '17693911189'
                
🔵 [PostgresProvider] Query executada com sucesso. Retornou 6 linha(s)
🔵 [PostgresProvider] Executando Query: 
                    SELECT id, type, amount, description, date 
                    FROM "fintech"."transactions" 
                    WHERE cpf = '71078566429'
                
🔵 [PostgresProvider] Query executada com sucesso. Retornou 6 linha(s)
🔵 [PostgresProvider] Executando Query: 
                    SELECT id, type, amount, description, date 
                    FROM "fintech"."transactions" 
                    WHERE cpf = '06130438044'
                
🔵 [PostgresProvider] Query executada com sucesso. Retornou 15 linha(s)
🔵 [PostgresProvider] Executando Query: 
                    SELECT id, type, amount, description, date 
                    FROM "fintech"."transactions" 
                    WHERE cpf = '02816769844'
                
🔵 [PostgresProvider] Query executada com sucesso. Retornou 16 linha(s)
🔵 [PostgresProvider] Executando Query: 
                    SELECT id, type, amount, description, date 
                    FROM "fintech"."transactions" 
                    WHERE cpf = '72330955820'
                
🔵 [PostgresProvider] Query executada com sucesso. Retornou 8 linha(s)
🔵 [PostgresProvider] Executando Query: 
                    SELECT id, type, amount, description, date 
                    FROM "fintech"."transactions" 
                    WHERE cpf = '20250513611'
                
🔵 [PostgresProvider] Query executada com sucesso. Retornou 9 linha(s)
🔵 [PostgresProvider] Executando Query: 
                    SELECT id, type, amount, description, date 
                    FROM "fintech"."transactions" 
                    WHERE cpf = '12902848900'
                
🔵 [PostgresProvider] Query executada com sucesso. Retornou 3 linha(s)
🔵 [PostgresProvider] Executando Query: 
                    SELECT id, type, amount, description, date 
                    FROM "fintech"."transactions" 
                    WHERE cpf = '12310012300'
                
🔵 [PostgresProvider] Query executada com sucesso. Retornou 6 linha(s)
🔵 [PostgresProvider] Executando Query: 
                    SELECT id, type, amount, description, date 
                    FROM "fintech"."transactions" 
                    WHERE cpf = '12345678909'
                
🔵 [PostgresProvider] Query executada com sucesso. Retornou 3 linha(s)
🔵 [PostgresProvider] Executando Query: 
                    SELECT id, type, amount, description, date 
                    FROM "fintech"."transactions" 
                    WHERE cpf = '88339779788'
                
🔵 [PostgresProvider] Query executada com sucesso. Retornou 6 linha(s)
🔵 [PostgresProvider] Executando Query: 
                    SELECT id, type, amount, description, date 
                    FROM "fintech"."transactions" 
                    WHERE cpf = '90917191782'
                
🔵 [PostgresProvider] Query executada com sucesso. Retornou 6 linha(s)
🔵 [PostgresProvider] Executando Query: 
                    SELECT id, type, amount, description, date 
                    FROM "fintech"."transactions" 
                    WHERE cpf = '42718533218'
                
🔵 [PostgresProvider] Query executada com sucesso. Retornou 6 linha(s)
🔵 [PostgresProvider] Executando Query: 
                    SELECT id, type, amount, description, date 
                    FROM "fintech"."transactions" 
                    WHERE cpf = '20732675561'
                
🔵 [PostgresProvider] Query executada com sucesso. Retornou 6 linha(s)
🔵 [PostgresProvider] Executando Query: 
                    SELECT id, type, amount, description, date 
                    FROM "fintech"."transactions" 
                    WHERE cpf = '46945365409'
                
🔵 [PostgresProvider] Query executada com sucesso. Retornou 3 linha(s)
🔵 [PostgresProvider] Executando Query: 
                    SELECT id, type, amount, description, date 
                    FROM "fintech"."transactions" 
                    WHERE cpf = '80535757654'
                
🔵 [PostgresProvider] Query executada com sucesso. Retornou 6 linha(s)
🔵 [PostgresProvider] Executando Query: 
                    SELECT id, type, amount, description, date 
                    FROM "fintech"."transactions" 
                    WHERE cpf = '34721461410'
                
🔵 [PostgresProvider] Query executada com sucesso. Retornou 13 linha(s)
🔵 [PostgresProvider] Executando Query: 
                    SELECT id, type, amount, description, date 
                    FROM "fintech"."transactions" 
                    WHERE cpf = '23736211503'
                
🔵 [PostgresProvider] Query executada com sucesso. Retornou 10 linha(s)
🔵 [PostgresProvider] Executando Query: 
                    SELECT id, type, amount, description, date 
                    FROM "fintech"."transactions" 
                    WHERE cpf = '07817267197'
                
🔵 [PostgresProvider] Query executada com sucesso. Retornou 3 linha(s)
🔵 [PostgresProvider] Executando Query: 
                    SELECT id, type, amount, description, date 
                    FROM "fintech"."transactions" 
                    WHERE cpf = '42975897884'
                
🔵 [PostgresProvider] Query executada com sucesso. Retornou 6 linha(s)
🔵 [PostgresProvider] Executando Query: 
                    SELECT id, type, amount, description, date 
                    FROM "fintech"."transactions" 
                    WHERE cpf = '98765432100'
                
🔵 [PostgresProvider] Query executada com sucesso. Retornou 9 linha(s)
🔵 [PostgresProvider] Executando Query: 
                    SELECT id, type, amount, description, date 
                    FROM "fintech"."transactions" 
                    WHERE cpf = '76726514039'
                
🔵 [PostgresProvider] Query executada com sucesso. Retornou 9 linha(s)
🔵 [PostgresProvider] Executando Query: 
                    SELECT id, type, amount, description, date 
                    FROM "fintech"."transactions" 
                    WHERE cpf = '77529588591'
                
🔵 [PostgresProvider] Query executada com sucesso. Retornou 9 linha(s)
🔵 [PostgresProvider] Executando Query: 
                    SELECT id, type, amount, description, date 
                    FROM "fintech"."transactions" 
                    WHERE cpf = '65184684166'
                
🔵 [PostgresProvider] Query executada com sucesso. Retornou 9 linha(s)
🔵 [PostgresProvider] Executando Query: 
                    SELECT id, type, amount, description, date 
                    FROM "fintech"."transactions" 
                    WHERE cpf = '05458223608'
                
🔵 [PostgresProvider] Query executada com sucesso. Retornou 6 linha(s)
🔵 [PostgresProvider] Executando Query: 
                    SELECT id, type, amount, description, date 
                    FROM "fintech"."transactions" 
                    WHERE cpf = '57673944623'
                
🔵 [PostgresProvider] Query executada com sucesso. Retornou 9 linha(s)
🔵 [PostgresProvider] Executando Query: 
                    SELECT id, type, amount, description, date 
                    FROM "fintech"."transactions" 
                    WHERE cpf = '77766655544'
                
🔵 [PostgresProvider] Query executada com sucesso. Retornou 9 linha(s)
🔵 [PostgresProvider] Executando Query: 
                    SELECT id, type, amount, description, date 
                    FROM "fintech"."transactions" 
                    WHERE cpf = '33522298364'
                
🔵 [PostgresProvider] Query executada com sucesso. Retornou 6 linha(s)
🔵 [PostgresProvider] Executando Query: 
                    SELECT id, type, amount, description, date 
                    FROM "fintech"."transactions" 
                    WHERE cpf = '65451936372'
                
🔵 [PostgresProvider] Query executada com sucesso. Retornou 6 linha(s)
🔵 [PostgresProvider] Executando Query: 
                    SELECT id, type, amount, description, date 
                    FROM "fintech"."transactions" 
                    WHERE cpf = '66414169091'
                
🔵 [PostgresProvider] Query executada com sucesso. Retornou 6 linha(s)
🔵 [PostgresProvider] Executando Query: 
                    SELECT id, type, amount, description, date 
                    FROM "fintech"."transactions" 
                    WHERE cpf = '24930613945'
                
🔵 [PostgresProvider] Query executada com sucesso. Retornou 9 linha(s)
🔵 [PostgresProvider] Executando Query: 
                    SELECT id, type, amount, description, date 
                    FROM "fintech"."transactions" 
                    WHERE cpf = '73012176728'
                
🔵 [PostgresProvider] Query executada com sucesso. Retornou 6 linha(s)
🔵 [PostgresProvider] Executando Query: 
                    SELECT id, type, amount, description, date 
                    FROM "fintech"."transactions" 
                    WHERE cpf = '18011225638'
                
🔵 [PostgresProvider] Query executada com sucesso. Retornou 6 linha(s)
🔵 [PostgresProvider] Executando Query: 
                    SELECT id, type, amount, description, date 
                    FROM "fintech"."transactions" 
                    WHERE cpf = '25713468361'
                
🔵 [PostgresProvider] Query executada com sucesso. Retornou 6 linha(s)
🔵 [PostgresProvider] Executando Query: 
                    SELECT id, type, amount, description, date 
                    FROM "fintech"."transactions" 
                    WHERE cpf = '16165143539'
                
🔵 [PostgresProvider] Query executada com sucesso. Retornou 6 linha(s)
🔵 [PostgresProvider] Executando Query: 
                    SELECT id, type, amount, description, date 
                    FROM "fintech"."transactions" 
                    WHERE cpf = '88667841765'
                
🔵 [PostgresProvider] Query executada com sucesso. Retornou 9 linha(s)
🔵 [PostgresProvider] Executando Query: 
                    SELECT id, type, amount, description, date 
                    FROM "fintech"."transactions" 
                    WHERE cpf = '02915062919'
                
🔵 [PostgresProvider] Query executada com sucesso. Retornou 3 linha(s)
🔵 [PostgresProvider] Executando Query: 
                    SELECT id, type, amount, description, date 
                    FROM "fintech"."transactions" 
                    WHERE cpf = '66655544433'
                
🔵 [PostgresProvider] Query executada com sucesso. Retornou 3 linha(s)
🔵 [PostgresProvider] Executando Query: 
                    SELECT id, type, amount, description, date 
                    FROM "fintech"."transactions" 
                    WHERE cpf = '88877766655'
                
🔵 [PostgresProvider] Query executada com sucesso. Retornou 6 linha(s)
🔵 [PostgresProvider] Executando Query: 
                    SELECT id, type, amount, description, date 
                    FROM "fintech"."transactions" 
                    WHERE cpf = '38882777448'
                
🔵 [PostgresProvider] Query executada com sucesso. Retornou 6 linha(s)
🔵 [PostgresProvider] Executando Query: 
                    SELECT id, type, amount, description, date 
                    FROM "fintech"."transactions" 
                    WHERE cpf = '80417045181'
                
🔵 [PostgresProvider] Query executada com sucesso. Retornou 6 linha(s)
🔵 [PostgresProvider] Executando Query: 
                    SELECT id, type, amount, description, date 
                    FROM "fintech"."transactions" 
                    WHERE cpf = '28832869497'
                
🔵 [PostgresProvider] Query executada com sucesso. Retornou 9 linha(s)
🔵 [PostgresProvider] Executando Query: 
                    SELECT id, type, amount, description, date 
                    FROM "fintech"."transactions" 
                    WHERE cpf = '44444444444'
                
🔵 [PostgresProvider] Query executada com sucesso. Retornou 31 linha(s)
🔵 [PostgresProvider] Executando Query: 
                    SELECT id, type, amount, description, date 
                    FROM "fintech"."transactions" 
                    WHERE cpf = '96937494050'
                
🔵 [PostgresProvider] Query executada com sucesso. Retornou 9 linha(s)
🔵 [PostgresProvider] Executando Query: 
                    SELECT id, type, amount, description, date 
                    FROM "fintech"."transactions" 
                    WHERE cpf = '51243235758'
                
🔵 [PostgresProvider] Query executada com sucesso. Retornou 6 linha(s)
🔵 [PostgresProvider] Executando Query: 
                    SELECT id, type, amount, description, date 
                    FROM "fintech"."transactions" 
                    WHERE cpf = '35982714763'
                
🔵 [PostgresProvider] Query executada com sucesso. Retornou 6 linha(s)
🔵 [PostgresProvider] Executando Query: 
                    SELECT id, type, amount, description, date 
                    FROM "fintech"."transactions" 
                    WHERE cpf = '12312312388'
                
🔵 [PostgresProvider] Query executada com sucesso. Retornou 7 linha(s)
🔵 [PostgresProvider] Executando Query: 
                    SELECT id, type, amount, description, date 
                    FROM "fintech"."transactions" 
                    WHERE cpf = '26986473966'
                
🔵 [PostgresProvider] Query executada com sucesso. Retornou 9 linha(s)
🔵 [PostgresProvider] Executando Query: 
                    SELECT id, type, amount, description, date 
                    FROM "fintech"."transactions" 
                    WHERE cpf = '82499572612'
                
🔵 [PostgresProvider] Query executada com sucesso. Retornou 6 linha(s)
🔵 [PostgresProvider] Executando Query: 
                    SELECT id, type, amount, description, date 
                    FROM "fintech"."transactions" 
                    WHERE cpf = '75775457404'
                
🔵 [PostgresProvider] Query executada com sucesso. Retornou 9 linha(s)
🔵 [PostgresProvider] Executando Query: 
                    SELECT id, type, amount, description, date 
                    FROM "fintech"."transactions" 
                    WHERE cpf = '97504636177'
                
🔵 [PostgresProvider] Query executada com sucesso. Retornou 6 linha(s)
🔵 [PostgresProvider] Executando Query: 
                    SELECT id, type, amount, description, date 
                    FROM "fintech"."transactions" 
                    WHERE cpf = '04617745777'
                
🔵 [PostgresProvider] Query executada com sucesso. Retornou 40 linha(s)
🔵 [PostgresProvider] Executando Query: 
                    SELECT id, type, amount, description, date 
                    FROM "fintech"."transactions" 
                    WHERE cpf = '27646660477'
                
🔵 [PostgresProvider] Query executada com sucesso. Retornou 9 linha(s)
🔵 [PostgresProvider] Executando Query: 
                    SELECT id, type, amount, description, date 
                    FROM "fintech"."transactions" 
                    WHERE cpf = '34310951783'
                
🔵 [PostgresProvider] Query executada com sucesso. Retornou 3 linha(s)
🔵 [PostgresProvider] Executando Query: 
                    SELECT id, type, amount, description, date 
                    FROM "fintech"."transactions" 
                    WHERE cpf = '99999999999'
                
🔵 [PostgresProvider] Query executada com sucesso. Retornou 26 linha(s)
🔵 [PostgresProvider] Executando Query: 
                    SELECT id, type, amount, description, date 
                    FROM "fintech"."transactions" 
                    WHERE cpf = '88888888888'
                
🔵 [PostgresProvider] Query executada com sucesso. Retornou 6 linha(s)
🔵 [PostgresProvider] Executando Query: 
                    SELECT id, type, amount, description, date 
                    FROM "fintech"."transactions" 
                    WHERE cpf = '72856446096'
                
🔵 [PostgresProvider] Query executada com sucesso. Retornou 9 linha(s)
🔵 [PostgresProvider] Executando Query: 
                    SELECT id, type, amount, description, date 
                    FROM "fintech"."transactions" 
                    WHERE cpf = '42681570697'
                
🔵 [PostgresProvider] Query executada com sucesso. Retornou 6 linha(s)
🔵 [PostgresProvider] Executando Query: 
                    SELECT id, type, amount, description, date 
                    FROM "fintech"."transactions" 
                    WHERE cpf = '77777777777'
                
🔵 [PostgresProvider] Query executada com sucesso. Retornou 9 linha(s)
🔵 [PostgresProvider] Executando Query: 
                    SELECT id, type, amount, description, date 
                    FROM "fintech"."transactions" 
                    WHERE cpf = '58480256907'
                
🔵 [PostgresProvider] Query executada com sucesso. Retornou 3 linha(s)
🔵 [PostgresProvider] Executando Query: 
                    SELECT id, type, amount, description, date 
                    FROM "fintech"."transactions" 
                    WHERE cpf = '38160081359'
                
🔵 [PostgresProvider] Query executada com sucesso. Retornou 6 linha(s)
🔵 [PostgresProvider] Executando Query: 
                    SELECT id, type, amount, description, date 
                    FROM "fintech"."transactions" 
                    WHERE cpf = '98215828507'
                
🔵 [PostgresProvider] Query executada com sucesso. Retornou 6 linha(s)
🔵 [PostgresProvider] Executando Query: 
                    SELECT id, type, amount, description, date 
                    FROM "fintech"."transactions" 
                    WHERE cpf = '86236132526'
                
🔵 [PostgresProvider] Query executada com sucesso. Retornou 3 linha(s)
🔵 [PostgresProvider] Executando Query: 
                    SELECT id, type, amount, description, date 
                    FROM "fintech"."transactions" 
                    WHERE cpf = '51742065392'
                
🔵 [PostgresProvider] Query executada com sucesso. Retornou 6 linha(s)
🔵 [PostgresProvider] Executando Query: 
                    SELECT id, type, amount, description, date 
                    FROM "fintech"."transactions" 
                    WHERE cpf = '61111863709'
                
🔵 [PostgresProvider] Query executada com sucesso. Retornou 11 linha(s)
🔵 [PostgresProvider] Executando Query: 
                    SELECT id, type, amount, description, date 
                    FROM "fintech"."transactions" 
                    WHERE cpf = '12312312312'
                
🔵 [PostgresProvider] Query executada com sucesso. Retornou 9 linha(s)
🔵 [PostgresProvider] Executando Query: 
                    SELECT id, type, amount, description, date 
                    FROM "fintech"."transactions" 
                    WHERE cpf = '15351515369'
                
🔵 [PostgresProvider] Query executada com sucesso. Retornou 3 linha(s)
🔵 [PostgresProvider] Executando Query: 
                    SELECT id, type, amount, description, date 
                    FROM "fintech"."transactions" 
                    WHERE cpf = '10020030045'
                
🔵 [PostgresProvider] Query executada com sucesso. Retornou 7 linha(s)
🔵 [PostgresProvider] Executando Query: 
                    SELECT id, type, amount, description, date 
                    FROM "fintech"."transactions" 
                    WHERE cpf = '22222222222'
                
🔵 [PostgresProvider] Query executada com sucesso. Retornou 17 linha(s)
🔵 [PostgresProvider] Executando Query: 
                    SELECT id, type, amount, description, date 
                    FROM "fintech"."transactions" 
                    WHERE cpf = '18956389652'
                
🔵 [PostgresProvider] Query executada com sucesso. Retornou 6 linha(s)
🔵 [PostgresProvider] Executando Query: 
                    SELECT id, type, amount, description, date 
                    FROM "fintech"."transactions" 
                    WHERE cpf = '41649264658'
                
🔵 [PostgresProvider] Query executada com sucesso. Retornou 3 linha(s)
🔵 [PostgresProvider] Executando Query: 
                    SELECT id, type, amount, description, date 
                    FROM "fintech"."transactions" 
                    WHERE cpf = '42111679011'
                
🔵 [PostgresProvider] Query executada com sucesso. Retornou 9 linha(s)
🔵 [PostgresProvider] Executando Query: 
                    SELECT id, type, amount, description, date 
                    FROM "fintech"."transactions" 
                    WHERE cpf = '93544490340'
                
🔵 [PostgresProvider] Query executada com sucesso. Retornou 3 linha(s)
🔵 [PostgresProvider] Executando Query: 
                    SELECT id, type, amount, description, date 
                    FROM "fintech"."transactions" 
                    WHERE cpf = '68737946439'
                
🔵 [PostgresProvider] Query executada com sucesso. Retornou 6 linha(s)
🔵 [PostgresProvider] Executando Query: 
                    SELECT id, type, amount, description, date 
                    FROM "fintech"."transactions" 
                    WHERE cpf = '01565366174'
                
🔵 [PostgresProvider] Query executada com sucesso. Retornou 6 linha(s)
🔵 [PostgresProvider] Executando Query: 
                    SELECT id, type, amount, description, date 
                    FROM "fintech"."transactions" 
                    WHERE cpf = '43204282856'
                
🔵 [PostgresProvider] Query executada com sucesso. Retornou 6 linha(s)
🔵 [PostgresProvider] Executando Query: 
                    SELECT id, type, amount, description, date 
                    FROM "fintech"."transactions" 
                    WHERE cpf = '12312312399'
                
🔵 [PostgresProvider] Query executada com sucesso. Retornou 9 linha(s)
🔵 [PostgresProvider] Executando Query: 
                    SELECT id, type, amount, description, date 
                    FROM "fintech"."transactions" 
                    WHERE cpf = '11111111111'
                
🔵 [PostgresProvider] Query executada com sucesso. Retornou 58 linha(s)
🔵 [PostgresProvider] Executando Query: 
                    SELECT id, type, amount, description, date 
                    FROM "fintech"."transactions" 
                    WHERE cpf = '73129536620'
                
🔵 [PostgresProvider] Query executada com sucesso. Retornou 9 linha(s)
🔵 [PostgresProvider] Executando Query: 
                    SELECT id, type, amount, description, date 
                    FROM "fintech"."transactions" 
                    WHERE cpf = '33333333333'
                
🔵 [PostgresProvider] Query executada com sucesso. Retornou 16 linha(s)
🔵 [PostgresProvider] Executando Query: 
                    SELECT id, type, amount, description, date 
                    FROM "fintech"."transactions" 
                    WHERE cpf = '92454501635'
                
🔵 [PostgresProvider] Query executada com sucesso. Retornou 9 linha(s)
🔵 [PostgresProvider] Executando Query: 
                    SELECT id, type, amount, description, date 
                    FROM "fintech"."transactions" 
                    WHERE cpf = '27888186700'
                
🔵 [PostgresProvider] Query executada com sucesso. Retornou 9 linha(s)
🔵 [PostgresProvider] Executando Query: 
                    SELECT id, type, amount, description, date 
                    FROM "fintech"."transactions" 
                    WHERE cpf = '67154864257'
                
🔵 [PostgresProvider] Query executada com sucesso. Retornou 9 linha(s)
🔵 [PostgresProvider] Executando Query: 
                    SELECT id, type, amount, description, date 
                    FROM "fintech"."transactions" 
                    WHERE cpf = '28818393472'
                
🔵 [PostgresProvider] Query executada com sucesso. Retornou 9 linha(s)
🔵 [PostgresProvider] Executando Query: 
                    SELECT id, type, amount, description, date 
                    FROM "fintech"."transactions" 
                    WHERE cpf = '76925831102'
                
🔵 [PostgresProvider] Query executada com sucesso. Retornou 6 linha(s)
🔵 [PostgresProvider] Executando Query: 
                    SELECT id, type, amount, description, date 
                    FROM "fintech"."transactions" 
                    WHERE cpf = '95654548522'
                
🔵 [PostgresProvider] Query executada com sucesso. Retornou 6 linha(s)
🔵 [PostgresProvider] Executando Query: 
                    SELECT id, type, amount, description, date 
                    FROM "fintech"."transactions" 
                    WHERE cpf = '81722521295'
                
🔵 [PostgresProvider] Query executada com sucesso. Retornou 6 linha(s)
🔵 [PostgresProvider] Executando Query: 
                    SELECT id, type, amount, description, date 
                    FROM "fintech"."transactions" 
                    WHERE cpf = '85246671844'
                
🔵 [PostgresProvider] Query executada com sucesso. Retornou 9 linha(s)
🔵 [PostgresProvider] Executando Query: 
                    SELECT id, type, amount, description, date 
                    FROM "fintech"."transactions" 
                    WHERE cpf = '24719788947'
                
🔵 [PostgresProvider] Query executada com sucesso. Retornou 6 linha(s)
🔵 [PostgresProvider] Executando Query: 
                    SELECT id, type, amount, description, date 
                    FROM "fintech"."transactions" 
                    WHERE cpf = '26775244657'
                
🔵 [PostgresProvider] Query executada com sucesso. Retornou 9 linha(s)
🔵 [PostgresProvider] Executando Query: 
                    SELECT id, type, amount, description, date 
                    FROM "fintech"."transactions" 
                    WHERE cpf = '64866656883'
                
🔵 [PostgresProvider] Query executada com sucesso. Retornou 9 linha(s)
🔵 [PostgresProvider] Executando Query: 
                    SELECT id, type, amount, description, date 
                    FROM "fintech"."transactions" 
                    WHERE cpf = '68141495240'
                
🔵 [PostgresProvider] Query executada com sucesso. Retornou 6 linha(s)
🔵 [PostgresProvider] Executando Query: 
                    SELECT id, type, amount, description, date 
                    FROM "fintech"."transactions" 
                    WHERE cpf = '78475680046'
                
🔵 [PostgresProvider] Query executada com sucesso. Retornou 6 linha(s)
🔵 [PostgresProvider] Executando Query: 
                    SELECT id, type, amount, description, date 
                    FROM "fintech"."transactions" 
                    WHERE cpf = '19231521659'
                
🔵 [PostgresProvider] Query executada com sucesso. Retornou 3 linha(s)
🔵 [PostgresProvider] Executando Query: 
                    SELECT id, type, amount, description, date 
                    FROM "fintech"."transactions" 
                    WHERE cpf = '87588846615'
                
🔵 [PostgresProvider] Query executada com sucesso. Retornou 6 linha(s)
🔵 [PostgresProvider] Executando Query: 
                    SELECT id, type, amount, description, date 
                    FROM "fintech"."transactions" 
                    WHERE cpf = '99900011144'
                
🔵 [PostgresProvider] Query executada com sucesso. Retornou 7 linha(s)
🔵 [PostgresProvider] Executando Query: 
                    SELECT id, type, amount, description, date 
                    FROM "fintech"."transactions" 
                    WHERE cpf = '77766655599'
                
🔵 [PostgresProvider] Query executada com sucesso. Retornou 6 linha(s)
[CronReconciliationJob] Conciliação concluída com sucesso. Usuários auditados: 131, Inconsistências: 0.
[Cron] Executando Invoice Engine...
[InvoiceEngine] Iniciando verificação de faturas...
🔵 [PostgresProvider] Executando Query: SELECT cpf, credit_card_invoice_due_date, credit_card_due_day FROM "fintech"."users" WHERE credit_card_invoice_due_date IS NOT NULL
🔵 [PostgresProvider] Query executada com sucesso. Retornou 140 linha(s)
[InvoiceEngine] 140 usuários encontrados para verificação.
🔵 [PostgresProvider] Executando Query: SELECT * FROM "fintech"."billing_config" WHERE id = 1
🔵 [PostgresProvider] Query executada com sucesso. Retornou 1 linha(s)
[InvoiceEngine] Concluído. 0 faturas fechadas/roladas.
[Cron] Executando validação de faturamento (inadimplência/encargos)...
🔵 [PostgresProvider] Executando Query: SELECT * FROM "fintech"."billing_config" WHERE id = 1
🔵 [PostgresProvider] Query executada com sucesso. Retornou 1 linha(s)
🔵 [PostgresProvider] Executando Query: 
        SELECT cpf, credit_card_invoice_due_date,
               COALESCE(account_status,'adimplente') AS account_status,
               COALESCE(days_overdue, 0) AS days_overdue,
               COALESCE(credit_card_available_limit, 0) AS credit_card_available_limit,
               COALESCE(credit_card_total_limit, 5000) AS credit_card_total_limit
        FROM "fintech"."users"
    
🔵 [PostgresProvider] Query executada com sucesso. Retornou 141 linha(s)
🔵 [PostgresProvider] Executando Query: 
        SELECT cpf, due_date, valor_total, COALESCE(valor_pago, 0) AS valor_pago FROM "fintech"."invoices"
        WHERE status = 'FECHADA' AND data_pagamento IS NULL
        ORDER BY due_date DESC
    
🔵 [PostgresProvider] Query executada com sucesso. Retornou 63 linha(s)
[DEBUG] CPF: 12464865954, dueDate: Fri Jul 10 2026 00:00:00 GMT-0300 (Horário Padrão de Brasília), today: Sat Aug 01 2026 00:00:00 GMT-0300 (Horário Padrão de Brasília), diffMs: 1900800000, daysOverdue: 22, newStatus: inadimplente
🔵 [PostgresProvider] Executando Query: 
                    SELECT charge_type, COALESCE(SUM(amount), 0) AS total
                    FROM "fintech"."billing_charges"
                    WHERE cpf = '12464865954' AND invoice_reference = '2026-09' AND status = 'pending'
                    GROUP BY charge_type
                
🔵 [PostgresProvider] Query executada com sucesso. Retornou 4 linha(s)
[DEBUG] CPF: 48318883543, dueDate: Fri Jul 10 2026 00:00:00 GMT-0300 (Horário Padrão de Brasília), today: Sat Aug 01 2026 00:00:00 GMT-0300 (Horário Padrão de Brasília), diffMs: 1900800000, daysOverdue: 22, newStatus: inadimplente
🔵 [PostgresProvider] Executando Query: 
                    SELECT charge_type, COALESCE(SUM(amount), 0) AS total
                    FROM "fintech"."billing_charges"
                    WHERE cpf = '48318883543' AND invoice_reference = '2026-09' AND status = 'pending'
                    GROUP BY charge_type
                
🔵 [PostgresProvider] Query executada com sucesso. Retornou 4 linha(s)
🔵 [PostgresProvider] Executando Query: 
                            INSERT INTO "fintech"."billing_charges"
                            (id, cpf, invoice_reference, charge_type, amount, days_overdue, invoice_amount)
                            VALUES
                            ('48318883543_2026-09_1785553202011_juros_remuneratorios', '48318883543', '2026-09', 'juros_remuneratorios', 417.01, 22, 3870.86)
                        
🔵 [PostgresProvider] Query executada com sucesso. Retornou 0 linha(s)
🔵 [PostgresProvider] Executando Query: 
                            INSERT INTO "fintech"."billing_charges"
                            (id, cpf, invoice_reference, charge_type, amount, days_overdue, invoice_amount)
                            VALUES
                            ('48318883543_2026-09_1785553202015_juros_mora', '48318883543', '2026-09', 'juros_mora', 27.07, 22, 3870.86)
                        
🔵 [PostgresProvider] Query executada com sucesso. Retornou 0 linha(s)
[DEBUG] CPF: 24662236606, dueDate: Fri Jul 10 2026 00:00:00 GMT-0300 (Horário Padrão de Brasília), today: Sat Aug 01 2026 00:00:00 GMT-0300 (Horário Padrão de Brasília), diffMs: 1900800000, daysOverdue: 22, newStatus: inadimplente
🔵 [PostgresProvider] Executando Query: 
                    SELECT charge_type, COALESCE(SUM(amount), 0) AS total
                    FROM "fintech"."billing_charges"
                    WHERE cpf = '24662236606' AND invoice_reference = '2026-09' AND status = 'pending'
                    GROUP BY charge_type
                
🔵 [PostgresProvider] Query executada com sucesso. Retornou 4 linha(s)
🔵 [PostgresProvider] Executando Query: 
                            INSERT INTO "fintech"."billing_charges"
                            (id, cpf, invoice_reference, charge_type, amount, days_overdue, invoice_amount)
                            VALUES
                            ('24662236606_2026-09_1785553202020_juros_remuneratorios', '24662236606', '2026-09', 'juros_remuneratorios', 417.01, 22, 3870.86)
                        
🔵 [PostgresProvider] Query executada com sucesso. Retornou 0 linha(s)
🔵 [PostgresProvider] Executando Query: 
                            INSERT INTO "fintech"."billing_charges"
                            (id, cpf, invoice_reference, charge_type, amount, days_overdue, invoice_amount)
                            VALUES
                            ('24662236606_2026-09_1785553202023_juros_mora', '24662236606', '2026-09', 'juros_mora', 27.07, 22, 3870.86)
                        
🔵 [PostgresProvider] Query executada com sucesso. Retornou 0 linha(s)
[DEBUG] CPF: 37810513150, dueDate: Fri Jul 10 2026 00:00:00 GMT-0300 (Horário Padrão de Brasília), today: Sat Aug 01 2026 00:00:00 GMT-0300 (Horário Padrão de Brasília), diffMs: 1900800000, daysOverdue: 22, newStatus: inadimplente
🔵 [PostgresProvider] Executando Query: 
                    SELECT charge_type, COALESCE(SUM(amount), 0) AS total
                    FROM "fintech"."billing_charges"
                    WHERE cpf = '37810513150' AND invoice_reference = '2026-09' AND status = 'pending'
                    GROUP BY charge_type
                
🔵 [PostgresProvider] Query executada com sucesso. Retornou 4 linha(s)
🔵 [PostgresProvider] Executando Query: 
                            INSERT INTO "fintech"."billing_charges"
                            (id, cpf, invoice_reference, charge_type, amount, days_overdue, invoice_amount)
                            VALUES
                            ('37810513150_2026-09_1785553202029_juros_remuneratorios', '37810513150', '2026-09', 'juros_remuneratorios', 417.01, 22, 3870.86)
                        
🔵 [PostgresProvider] Query executada com sucesso. Retornou 0 linha(s)
🔵 [PostgresProvider] Executando Query: 
                            INSERT INTO "fintech"."billing_charges"
                            (id, cpf, invoice_reference, charge_type, amount, days_overdue, invoice_amount)
                            VALUES
                            ('37810513150_2026-09_1785553202033_juros_mora', '37810513150', '2026-09', 'juros_mora', 27.07, 22, 3870.86)
                        
🔵 [PostgresProvider] Query executada com sucesso. Retornou 0 linha(s)
[DEBUG] CPF: 93852856961, dueDate: Fri Jul 10 2026 00:00:00 GMT-0300 (Horário Padrão de Brasília), today: Sat Aug 01 2026 00:00:00 GMT-0300 (Horário Padrão de Brasília), diffMs: 1900800000, daysOverdue: 22, newStatus: inadimplente
🔵 [PostgresProvider] Executando Query: 
                    SELECT charge_type, COALESCE(SUM(amount), 0) AS total
                    FROM "fintech"."billing_charges"
                    WHERE cpf = '93852856961' AND invoice_reference = '2026-09' AND status = 'pending'
                    GROUP BY charge_type
                
🔵 [PostgresProvider] Query executada com sucesso. Retornou 4 linha(s)
🔵 [PostgresProvider] Executando Query: 
                            INSERT INTO "fintech"."billing_charges"
                            (id, cpf, invoice_reference, charge_type, amount, days_overdue, invoice_amount)
                            VALUES
                            ('93852856961_2026-09_1785553202038_juros_remuneratorios', '93852856961', '2026-09', 'juros_remuneratorios', 417.01, 22, 3870.86)
                        
🔵 [PostgresProvider] Query executada com sucesso. Retornou 0 linha(s)
🔵 [PostgresProvider] Executando Query: 
                            INSERT INTO "fintech"."billing_charges"
                            (id, cpf, invoice_reference, charge_type, amount, days_overdue, invoice_amount)
                            VALUES
                            ('93852856961_2026-09_1785553202041_juros_mora', '93852856961', '2026-09', 'juros_mora', 27.07, 22, 3870.86)
                        
🔵 [PostgresProvider] Query executada com sucesso. Retornou 0 linha(s)
[DEBUG] CPF: 16266323249, dueDate: Fri Jul 10 2026 00:00:00 GMT-0300 (Horário Padrão de Brasília), today: Sat Aug 01 2026 00:00:00 GMT-0300 (Horário Padrão de Brasília), diffMs: 1900800000, daysOverdue: 22, newStatus: inadimplente
🔵 [PostgresProvider] Executando Query: 
                    SELECT charge_type, COALESCE(SUM(amount), 0) AS total
                    FROM "fintech"."billing_charges"
                    WHERE cpf = '16266323249' AND invoice_reference = '2026-09' AND status = 'pending'
                    GROUP BY charge_type
                
🔵 [PostgresProvider] Query executada com sucesso. Retornou 4 linha(s)
🔵 [PostgresProvider] Executando Query: 
                            INSERT INTO "fintech"."billing_charges"
                            (id, cpf, invoice_reference, charge_type, amount, days_overdue, invoice_amount)
                            VALUES
                            ('16266323249_2026-09_1785553202048_juros_remuneratorios', '16266323249', '2026-09', 'juros_remuneratorios', 417.01, 22, 3870.86)
                        
🔵 [PostgresProvider] Query executada com sucesso. Retornou 0 linha(s)
🔵 [PostgresProvider] Executando Query: 
                            INSERT INTO "fintech"."billing_charges"
                            (id, cpf, invoice_reference, charge_type, amount, days_overdue, invoice_amount)
                            VALUES
                            ('16266323249_2026-09_1785553202052_juros_mora', '16266323249', '2026-09', 'juros_mora', 27.07, 22, 3870.86)
                        
🔵 [PostgresProvider] Query executada com sucesso. Retornou 0 linha(s)
[DEBUG] CPF: 44794065574, dueDate: Fri Jul 10 2026 00:00:00 GMT-0300 (Horário Padrão de Brasília), today: Sat Aug 01 2026 00:00:00 GMT-0300 (Horário Padrão de Brasília), diffMs: 1900800000, daysOverdue: 22, newStatus: inadimplente
🔵 [PostgresProvider] Executando Query: 
                    SELECT charge_type, COALESCE(SUM(amount), 0) AS total
                    FROM "fintech"."billing_charges"
                    WHERE cpf = '44794065574' AND invoice_reference = '2026-09' AND status = 'pending'
                    GROUP BY charge_type
                
🔵 [PostgresProvider] Query executada com sucesso. Retornou 4 linha(s)
🔵 [PostgresProvider] Executando Query: 
                            INSERT INTO "fintech"."billing_charges"
                            (id, cpf, invoice_reference, charge_type, amount, days_overdue, invoice_amount)
                            VALUES
                            ('44794065574_2026-09_1785553202057_juros_remuneratorios', '44794065574', '2026-09', 'juros_remuneratorios', 417.01, 22, 3870.86)
                        
🔵 [PostgresProvider] Query executada com sucesso. Retornou 0 linha(s)
🔵 [PostgresProvider] Executando Query: 
                            INSERT INTO "fintech"."billing_charges"
                            (id, cpf, invoice_reference, charge_type, amount, days_overdue, invoice_amount)
                            VALUES
                            ('44794065574_2026-09_1785553202061_juros_mora', '44794065574', '2026-09', 'juros_mora', 27.07, 22, 3870.86)
                        
🔵 [PostgresProvider] Query executada com sucesso. Retornou 0 linha(s)
[DEBUG] CPF: 76671725950, dueDate: Fri Jul 10 2026 00:00:00 GMT-0300 (Horário Padrão de Brasília), today: Sat Aug 01 2026 00:00:00 GMT-0300 (Horário Padrão de Brasília), diffMs: 1900800000, daysOverdue: 22, newStatus: inadimplente
🔵 [PostgresProvider] Executando Query: 
                    SELECT charge_type, COALESCE(SUM(amount), 0) AS total
                    FROM "fintech"."billing_charges"
                    WHERE cpf = '76671725950' AND invoice_reference = '2026-09' AND status = 'pending'
                    GROUP BY charge_type
                
🔵 [PostgresProvider] Query executada com sucesso. Retornou 4 linha(s)
🔵 [PostgresProvider] Executando Query: 
                            INSERT INTO "fintech"."billing_charges"
                            (id, cpf, invoice_reference, charge_type, amount, days_overdue, invoice_amount)
                            VALUES
                            ('76671725950_2026-09_1785553202068_juros_remuneratorios', '76671725950', '2026-09', 'juros_remuneratorios', 417.01, 22, 3870.86)
                        
🔵 [PostgresProvider] Query executada com sucesso. Retornou 0 linha(s)
🔵 [PostgresProvider] Executando Query: 
                            INSERT INTO "fintech"."billing_charges"
                            (id, cpf, invoice_reference, charge_type, amount, days_overdue, invoice_amount)
                            VALUES
                            ('76671725950_2026-09_1785553202071_juros_mora', '76671725950', '2026-09', 'juros_mora', 27.07, 22, 3870.86)
                        
🔵 [PostgresProvider] Query executada com sucesso. Retornou 0 linha(s)
[DEBUG] CPF: 77551164685, dueDate: Fri Jul 10 2026 00:00:00 GMT-0300 (Horário Padrão de Brasília), today: Sat Aug 01 2026 00:00:00 GMT-0300 (Horário Padrão de Brasília), diffMs: 1900800000, daysOverdue: 22, newStatus: inadimplente
🔵 [PostgresProvider] Executando Query: 
                    SELECT charge_type, COALESCE(SUM(amount), 0) AS total
                    FROM "fintech"."billing_charges"
                    WHERE cpf = '77551164685' AND invoice_reference = '2026-09' AND status = 'pending'
                    GROUP BY charge_type
                
🔵 [PostgresProvider] Query executada com sucesso. Retornou 4 linha(s)
🔵 [PostgresProvider] Executando Query: 
                            INSERT INTO "fintech"."billing_charges"
                            (id, cpf, invoice_reference, charge_type, amount, days_overdue, invoice_amount)
                            VALUES
                            ('77551164685_2026-09_1785553202076_juros_remuneratorios', '77551164685', '2026-09', 'juros_remuneratorios', 417.01, 22, 3870.86)
                        
🔵 [PostgresProvider] Query executada com sucesso. Retornou 0 linha(s)
🔵 [PostgresProvider] Executando Query: 
                            INSERT INTO "fintech"."billing_charges"
                            (id, cpf, invoice_reference, charge_type, amount, days_overdue, invoice_amount)
                            VALUES
                            ('77551164685_2026-09_1785553202080_juros_mora', '77551164685', '2026-09', 'juros_mora', 27.07, 22, 3870.86)
                        
🔵 [PostgresProvider] Query executada com sucesso. Retornou 0 linha(s)
[DEBUG] CPF: 77680674957, dueDate: Fri Jul 10 2026 00:00:00 GMT-0300 (Horário Padrão de Brasília), today: Sat Aug 01 2026 00:00:00 GMT-0300 (Horário Padrão de Brasília), diffMs: 1900800000, daysOverdue: 22, newStatus: inadimplente
🔵 [PostgresProvider] Executando Query: 
                    SELECT charge_type, COALESCE(SUM(amount), 0) AS total
                    FROM "fintech"."billing_charges"
                    WHERE cpf = '77680674957' AND invoice_reference = '2026-09' AND status = 'pending'
                    GROUP BY charge_type
                
🔵 [PostgresProvider] Query executada com sucesso. Retornou 4 linha(s)
🔵 [PostgresProvider] Executando Query: 
                            INSERT INTO "fintech"."billing_charges"
                            (id, cpf, invoice_reference, charge_type, amount, days_overdue, invoice_amount)
                            VALUES
                            ('77680674957_2026-09_1785553202087_juros_remuneratorios', '77680674957', '2026-09', 'juros_remuneratorios', 271.21, 22, 2517.57)
                        
🔵 [PostgresProvider] Query executada com sucesso. Retornou 0 linha(s)
🔵 [PostgresProvider] Executando Query: 
                            INSERT INTO "fintech"."billing_charges"
                            (id, cpf, invoice_reference, charge_type, amount, days_overdue, invoice_amount)
                            VALUES
                            ('77680674957_2026-09_1785553202090_juros_mora', '77680674957', '2026-09', 'juros_mora', 17.6, 22, 2517.57)
                        
🔵 [PostgresProvider] Query executada com sucesso. Retornou 0 linha(s)
🔵 [PostgresProvider] Executando Query: 
                        SELECT id FROM "fintech"."notifications"
                        WHERE cpf = '77680674957'
                          AND title = 'Pagamento mínimo de fatura ✅'
                          AND created_at > '2026-07-31T03:00:02.095Z'
                        LIMIT 1
                    
🔵 [PostgresProvider] Query executada com sucesso. Retornou 0 linha(s)
🔵 [PostgresProvider] Executando Query: 
        INSERT INTO "fintech"."notifications"
        (id, cpf, title, message, action_url, is_read, created_at)
        VALUES ('12ae421d-c56b-4926-a3b1-a91fc19aded1', '77680674957', 'Pagamento mínimo de fatura ✅', 'R$ 1353.29 pagos (mínimo). Multa e juros de mora estacionados! Juros remuneratórios continuam sobre o saldo residual de R$ 2517.57.', '/dashboard', false, '2026-08-01T03:00:02.104Z')
    
🔵 [PostgresProvider] Query executada com sucesso. Retornou 0 linha(s)
[Notif] Pagamento mínimo detectado para 77680674957 — notificação enviada.
[DEBUG] CPF: 42194343806, dueDate: Fri Jul 10 2026 00:00:00 GMT-0300 (Horário Padrão de Brasília), today: Sat Aug 01 2026 00:00:00 GMT-0300 (Horário Padrão de Brasília), diffMs: 1900800000, daysOverdue: 22, newStatus: inadimplente
🔵 [PostgresProvider] Executando Query: 
                    SELECT charge_type, COALESCE(SUM(amount), 0) AS total
                    FROM "fintech"."billing_charges"
                    WHERE cpf = '42194343806' AND invoice_reference = '2026-09' AND status = 'pending'
                    GROUP BY charge_type
                
🔵 [PostgresProvider] Query executada com sucesso. Retornou 4 linha(s)
🔵 [PostgresProvider] Executando Query: 
                            INSERT INTO "fintech"."billing_charges"
                            (id, cpf, invoice_reference, charge_type, amount, days_overdue, invoice_amount)
                            VALUES
                            ('42194343806_2026-09_1785553202112_juros_remuneratorios', '42194343806', '2026-09', 'juros_remuneratorios', 417.01, 22, 3870.86)
                        
🔵 [PostgresProvider] Query executada com sucesso. Retornou 0 linha(s)
🔵 [PostgresProvider] Executando Query: 
                            INSERT INTO "fintech"."billing_charges"
                            (id, cpf, invoice_reference, charge_type, amount, days_overdue, invoice_amount)
                            VALUES
                            ('42194343806_2026-09_1785553202115_juros_mora', '42194343806', '2026-09', 'juros_mora', 27.07, 22, 3870.86)
                        
🔵 [PostgresProvider] Query executada com sucesso. Retornou 0 linha(s)
[DEBUG] CPF: 20250513611, dueDate: Fri Jul 10 2026 00:00:00 GMT-0300 (Horário Padrão de Brasília), today: Sat Aug 01 2026 00:00:00 GMT-0300 (Horário Padrão de Brasília), diffMs: 1900800000, daysOverdue: 22, newStatus: inadimplente
🔵 [PostgresProvider] Executando Query: 
                    SELECT charge_type, COALESCE(SUM(amount), 0) AS total
                    FROM "fintech"."billing_charges"
                    WHERE cpf = '20250513611' AND invoice_reference = '2026-09' AND status = 'pending'
                    GROUP BY charge_type
                
🔵 [PostgresProvider] Query executada com sucesso. Retornou 4 linha(s)
🔵 [PostgresProvider] Executando Query: 
                            INSERT INTO "fintech"."billing_charges"
                            (id, cpf, invoice_reference, charge_type, amount, days_overdue, invoice_amount)
                            VALUES
                            ('20250513611_2026-09_1785553202122_juros_remuneratorios', '20250513611', '2026-09', 'juros_remuneratorios', 417.01, 22, 3870.86)
                        
🔵 [PostgresProvider] Query executada com sucesso. Retornou 0 linha(s)
🔵 [PostgresProvider] Executando Query: 
                            INSERT INTO "fintech"."billing_charges"
                            (id, cpf, invoice_reference, charge_type, amount, days_overdue, invoice_amount)
                            VALUES
                            ('20250513611_2026-09_1785553202124_juros_mora', '20250513611', '2026-09', 'juros_mora', 27.07, 22, 3870.86)
                        
🔵 [PostgresProvider] Query executada com sucesso. Retornou 0 linha(s)
[DEBUG] CPF: 23736211503, dueDate: Fri Jul 10 2026 00:00:00 GMT-0300 (Horário Padrão de Brasília), today: Sat Aug 01 2026 00:00:00 GMT-0300 (Horário Padrão de Brasília), diffMs: 1900800000, daysOverdue: 22, newStatus: inadimplente
🔵 [PostgresProvider] Executando Query: 
                    SELECT charge_type, COALESCE(SUM(amount), 0) AS total
                    FROM "fintech"."billing_charges"
                    WHERE cpf = '23736211503' AND invoice_reference = '2026-09' AND status = 'pending'
                    GROUP BY charge_type
                
🔵 [PostgresProvider] Query executada com sucesso. Retornou 4 linha(s)
🔵 [PostgresProvider] Executando Query: 
                            INSERT INTO "fintech"."billing_charges"
                            (id, cpf, invoice_reference, charge_type, amount, days_overdue, invoice_amount)
                            VALUES
                            ('23736211503_2026-09_1785553202132_juros_remuneratorios', '23736211503', '2026-09', 'juros_remuneratorios', 375.31, 22, 3483.77)
                        
🔵 [PostgresProvider] Query executada com sucesso. Retornou 0 linha(s)
🔵 [PostgresProvider] Executando Query: 
                            INSERT INTO "fintech"."billing_charges"
                            (id, cpf, invoice_reference, charge_type, amount, days_overdue, invoice_amount)
                            VALUES
                            ('23736211503_2026-09_1785553202135_juros_mora', '23736211503', '2026-09', 'juros_mora', 24.36, 22, 3483.77)
                        
🔵 [PostgresProvider] Query executada com sucesso. Retornou 0 linha(s)
🔵 [PostgresProvider] Executando Query: 
                        SELECT id FROM "fintech"."notifications"
                        WHERE cpf = '23736211503'
                          AND title = 'Pagamento mínimo de fatura ✅'
                          AND created_at > '2026-07-31T03:00:02.138Z'
                        LIMIT 1
                    
🔵 [PostgresProvider] Query executada com sucesso. Retornou 0 linha(s)
🔵 [PostgresProvider] Executando Query: 
        INSERT INTO "fintech"."notifications"
        (id, cpf, title, message, action_url, is_read, created_at)
        VALUES ('267c984a-2aee-46bc-9343-21a88df247b8', '23736211503', 'Pagamento mínimo de fatura ✅', 'R$ 387.09 pagos (mínimo). Multa e juros de mora estacionados! Juros remuneratórios continuam sobre o saldo residual de R$ 3483.77.', '/dashboard', false, '2026-08-01T03:00:02.140Z')
    
🔵 [PostgresProvider] Query executada com sucesso. Retornou 0 linha(s)
[Notif] Pagamento mínimo detectado para 23736211503 — notificação enviada.
[DEBUG] CPF: 12310012300, dueDate: Sun Jul 12 2026 00:00:00 GMT-0300 (Horário Padrão de Brasília), today: Sat Aug 01 2026 00:00:00 GMT-0300 (Horário Padrão de Brasília), diffMs: 1728000000, daysOverdue: 20, newStatus: inadimplente
🔵 [PostgresProvider] Executando Query: 
                    SELECT charge_type, COALESCE(SUM(amount), 0) AS total
                    FROM "fintech"."billing_charges"
                    WHERE cpf = '12310012300' AND invoice_reference = '2026-09' AND status = 'pending'
                    GROUP BY charge_type
                
🔵 [PostgresProvider] Query executada com sucesso. Retornou 4 linha(s)
🔵 [PostgresProvider] Executando Query: 
                            INSERT INTO "fintech"."billing_charges"
                            (id, cpf, invoice_reference, charge_type, amount, days_overdue, invoice_amount)
                            VALUES
                            ('12310012300_2026-09_1785553202147_juros_remuneratorios', '12310012300', '2026-09', 'juros_remuneratorios', 377.29, 20, 3870.86)
                        
🔵 [PostgresProvider] Query executada com sucesso. Retornou 0 linha(s)
🔵 [PostgresProvider] Executando Query: 
                            INSERT INTO "fintech"."billing_charges"
                            (id, cpf, invoice_reference, charge_type, amount, days_overdue, invoice_amount)
                            VALUES
                            ('12310012300_2026-09_1785553202150_juros_mora', '12310012300', '2026-09', 'juros_mora', 24.49, 20, 3870.86)
                        
🔵 [PostgresProvider] Query executada com sucesso. Retornou 0 linha(s)
[DEBUG] CPF: 20732675561, dueDate: Wed Aug 05 2026 00:00:00 GMT-0300 (Horário Padrão de Brasília), today: Sat Aug 01 2026 00:00:00 GMT-0300 (Horário Padrão de Brasília), diffMs: -345600000, daysOverdue: 0, newStatus: adimplente
[DEBUG] CPF: 72330955820, dueDate: Fri Jul 10 2026 00:00:00 GMT-0300 (Horário Padrão de Brasília), today: Sat Aug 01 2026 00:00:00 GMT-0300 (Horário Padrão de Brasília), diffMs: 1900800000, daysOverdue: 22, newStatus: inadimplente
🔵 [PostgresProvider] Executando Query: 
                    SELECT charge_type, COALESCE(SUM(amount), 0) AS total
                    FROM "fintech"."billing_charges"
                    WHERE cpf = '72330955820' AND invoice_reference = '2026-09' AND status = 'pending'
                    GROUP BY charge_type
                
🔵 [PostgresProvider] Query executada com sucesso. Retornou 4 linha(s)
🔵 [PostgresProvider] Executando Query: 
                            INSERT INTO "fintech"."billing_charges"
                            (id, cpf, invoice_reference, charge_type, amount, days_overdue, invoice_amount)
                            VALUES
                            ('72330955820_2026-09_1785553202159_juros_remuneratorios', '72330955820', '2026-09', 'juros_remuneratorios', 374.23, 22, 3473.77)
                        
🔵 [PostgresProvider] Query executada com sucesso. Retornou 0 linha(s)
🔵 [PostgresProvider] Executando Query: 
                            INSERT INTO "fintech"."billing_charges"
                            (id, cpf, invoice_reference, charge_type, amount, days_overdue, invoice_amount)
                            VALUES
                            ('72330955820_2026-09_1785553202164_juros_mora', '72330955820', '2026-09', 'juros_mora', 24.29, 22, 3473.77)
                        
🔵 [PostgresProvider] Query executada com sucesso. Retornou 0 linha(s)
🔵 [PostgresProvider] Executando Query: 
                        SELECT id FROM "fintech"."notifications"
                        WHERE cpf = '72330955820'
                          AND title = 'Pagamento mínimo de fatura ✅'
                          AND created_at > '2026-07-31T03:00:02.167Z'
                        LIMIT 1
                    
🔵 [PostgresProvider] Query executada com sucesso. Retornou 0 linha(s)
🔵 [PostgresProvider] Executando Query: 
        INSERT INTO "fintech"."notifications"
        (id, cpf, title, message, action_url, is_read, created_at)
        VALUES ('cbfd7be3-2889-4039-a9fc-713514116e0f', '72330955820', 'Pagamento mínimo de fatura ✅', 'R$ 397.09 pagos (mínimo). Multa e juros de mora estacionados! Juros remuneratórios continuam sobre o saldo residual de R$ 3473.77.', '/dashboard', false, '2026-08-01T03:00:02.171Z')
    
🔵 [PostgresProvider] Query executada com sucesso. Retornou 0 linha(s)
[Notif] Pagamento mínimo detectado para 72330955820 — notificação enviada.
[DEBUG] CPF: 46945365409, dueDate: Wed Aug 05 2026 00:00:00 GMT-0300 (Horário Padrão de Brasília), today: Sat Aug 01 2026 00:00:00 GMT-0300 (Horário Padrão de Brasília), diffMs: -345600000, daysOverdue: 0, newStatus: adimplente
[DEBUG] CPF: 80535757654, dueDate: Wed Aug 05 2026 00:00:00 GMT-0300 (Horário Padrão de Brasília), today: Sat Aug 01 2026 00:00:00 GMT-0300 (Horário Padrão de Brasília), diffMs: -345600000, daysOverdue: 0, newStatus: adimplente
[DEBUG] CPF: 76726514039, dueDate: Fri Jul 10 2026 00:00:00 GMT-0300 (Horário Padrão de Brasília), today: Sat Aug 01 2026 00:00:00 GMT-0300 (Horário Padrão de Brasília), diffMs: 1900800000, daysOverdue: 22, newStatus: inadimplente
🔵 [PostgresProvider] Executando Query: 
                    SELECT charge_type, COALESCE(SUM(amount), 0) AS total
                    FROM "fintech"."billing_charges"
                    WHERE cpf = '76726514039' AND invoice_reference = '2026-09' AND status = 'pending'
                    GROUP BY charge_type
                
🔵 [PostgresProvider] Query executada com sucesso. Retornou 4 linha(s)
🔵 [PostgresProvider] Executando Query: 
                            INSERT INTO "fintech"."billing_charges"
                            (id, cpf, invoice_reference, charge_type, amount, days_overdue, invoice_amount)
                            VALUES
                            ('76726514039_2026-09_1785553202178_juros_remuneratorios', '76726514039', '2026-09', 'juros_remuneratorios', 417.01, 22, 3870.86)
                        
🔵 [PostgresProvider] Query executada com sucesso. Retornou 0 linha(s)
🔵 [PostgresProvider] Executando Query: 
                            INSERT INTO "fintech"."billing_charges"
                            (id, cpf, invoice_reference, charge_type, amount, days_overdue, invoice_amount)
                            VALUES
                            ('76726514039_2026-09_1785553202181_juros_mora', '76726514039', '2026-09', 'juros_mora', 27.07, 22, 3870.86)
                        
🔵 [PostgresProvider] Query executada com sucesso. Retornou 0 linha(s)
[DEBUG] CPF: 77529588591, dueDate: Fri Jul 10 2026 00:00:00 GMT-0300 (Horário Padrão de Brasília), today: Sat Aug 01 2026 00:00:00 GMT-0300 (Horário Padrão de Brasília), diffMs: 1900800000, daysOverdue: 22, newStatus: inadimplente
🔵 [PostgresProvider] Executando Query: 
                    SELECT charge_type, COALESCE(SUM(amount), 0) AS total
                    FROM "fintech"."billing_charges"
                    WHERE cpf = '77529588591' AND invoice_reference = '2026-09' AND status = 'pending'
                    GROUP BY charge_type
                
🔵 [PostgresProvider] Query executada com sucesso. Retornou 4 linha(s)
🔵 [PostgresProvider] Executando Query: 
                            INSERT INTO "fintech"."billing_charges"
                            (id, cpf, invoice_reference, charge_type, amount, days_overdue, invoice_amount)
                            VALUES
                            ('77529588591_2026-09_1785553202185_juros_remuneratorios', '77529588591', '2026-09', 'juros_remuneratorios', 417.01, 22, 3870.86)
                        
🔵 [PostgresProvider] Query executada com sucesso. Retornou 0 linha(s)
🔵 [PostgresProvider] Executando Query: 
                            INSERT INTO "fintech"."billing_charges"
                            (id, cpf, invoice_reference, charge_type, amount, days_overdue, invoice_amount)
                            VALUES
                            ('77529588591_2026-09_1785553202188_juros_mora', '77529588591', '2026-09', 'juros_mora', 27.07, 22, 3870.86)
                        
🔵 [PostgresProvider] Query executada com sucesso. Retornou 0 linha(s)
[DEBUG] CPF: 65184684166, dueDate: Fri Jul 10 2026 00:00:00 GMT-0300 (Horário Padrão de Brasília), today: Sat Aug 01 2026 00:00:00 GMT-0300 (Horário Padrão de Brasília), diffMs: 1900800000, daysOverdue: 22, newStatus: inadimplente
🔵 [PostgresProvider] Executando Query: 
                    SELECT charge_type, COALESCE(SUM(amount), 0) AS total
                    FROM "fintech"."billing_charges"
                    WHERE cpf = '65184684166' AND invoice_reference = '2026-09' AND status = 'pending'
                    GROUP BY charge_type
                
🔵 [PostgresProvider] Query executada com sucesso. Retornou 4 linha(s)
🔵 [PostgresProvider] Executando Query: 
                            INSERT INTO "fintech"."billing_charges"
                            (id, cpf, invoice_reference, charge_type, amount, days_overdue, invoice_amount)
                            VALUES
                            ('65184684166_2026-09_1785553202194_juros_remuneratorios', '65184684166', '2026-09', 'juros_remuneratorios', 417.01, 22, 3870.86)
                        
🔵 [PostgresProvider] Query executada com sucesso. Retornou 0 linha(s)
🔵 [PostgresProvider] Executando Query: 
                            INSERT INTO "fintech"."billing_charges"
                            (id, cpf, invoice_reference, charge_type, amount, days_overdue, invoice_amount)
                            VALUES
                            ('65184684166_2026-09_1785553202197_juros_mora', '65184684166', '2026-09', 'juros_mora', 27.07, 22, 3870.86)
                        
🔵 [PostgresProvider] Query executada com sucesso. Retornou 0 linha(s)
[DEBUG] CPF: 57673944623, dueDate: Fri Jul 10 2026 00:00:00 GMT-0300 (Horário Padrão de Brasília), today: Sat Aug 01 2026 00:00:00 GMT-0300 (Horário Padrão de Brasília), diffMs: 1900800000, daysOverdue: 22, newStatus: inadimplente
🔵 [PostgresProvider] Executando Query: 
                    SELECT charge_type, COALESCE(SUM(amount), 0) AS total
                    FROM "fintech"."billing_charges"
                    WHERE cpf = '57673944623' AND invoice_reference = '2026-09' AND status = 'pending'
                    GROUP BY charge_type
                
🔵 [PostgresProvider] Query executada com sucesso. Retornou 4 linha(s)
🔵 [PostgresProvider] Executando Query: 
                            INSERT INTO "fintech"."billing_charges"
                            (id, cpf, invoice_reference, charge_type, amount, days_overdue, invoice_amount)
                            VALUES
                            ('57673944623_2026-09_1785553202201_juros_remuneratorios', '57673944623', '2026-09', 'juros_remuneratorios', 417.01, 22, 3870.86)
                        
🔵 [PostgresProvider] Query executada com sucesso. Retornou 0 linha(s)
🔵 [PostgresProvider] Executando Query: 
                            INSERT INTO "fintech"."billing_charges"
                            (id, cpf, invoice_reference, charge_type, amount, days_overdue, invoice_amount)
                            VALUES
                            ('57673944623_2026-09_1785553202204_juros_mora', '57673944623', '2026-09', 'juros_mora', 27.07, 22, 3870.86)
                        
🔵 [PostgresProvider] Query executada com sucesso. Retornou 0 linha(s)
[DEBUG] CPF: 77766655544, dueDate: Fri Jul 10 2026 00:00:00 GMT-0300 (Horário Padrão de Brasília), today: Sat Aug 01 2026 00:00:00 GMT-0300 (Horário Padrão de Brasília), diffMs: 1900800000, daysOverdue: 22, newStatus: inadimplente
🔵 [PostgresProvider] Executando Query: 
                    SELECT charge_type, COALESCE(SUM(amount), 0) AS total
                    FROM "fintech"."billing_charges"
                    WHERE cpf = '77766655544' AND invoice_reference = '2026-09' AND status = 'pending'
                    GROUP BY charge_type
                
🔵 [PostgresProvider] Query executada com sucesso. Retornou 4 linha(s)
🔵 [PostgresProvider] Executando Query: 
                            INSERT INTO "fintech"."billing_charges"
                            (id, cpf, invoice_reference, charge_type, amount, days_overdue, invoice_amount)
                            VALUES
                            ('77766655544_2026-09_1785553202210_juros_remuneratorios', '77766655544', '2026-09', 'juros_remuneratorios', 417.01, 22, 3870.86)
                        
🔵 [PostgresProvider] Query executada com sucesso. Retornou 0 linha(s)
🔵 [PostgresProvider] Executando Query: 
                            INSERT INTO "fintech"."billing_charges"
                            (id, cpf, invoice_reference, charge_type, amount, days_overdue, invoice_amount)
                            VALUES
                            ('77766655544_2026-09_1785553202214_juros_mora', '77766655544', '2026-09', 'juros_mora', 27.07, 22, 3870.86)
                        
🔵 [PostgresProvider] Query executada com sucesso. Retornou 0 linha(s)
[DEBUG] CPF: 24930613945, dueDate: Fri Jul 10 2026 00:00:00 GMT-0300 (Horário Padrão de Brasília), today: Sat Aug 01 2026 00:00:00 GMT-0300 (Horário Padrão de Brasília), diffMs: 1900800000, daysOverdue: 22, newStatus: inadimplente
🔵 [PostgresProvider] Executando Query: 
                    SELECT charge_type, COALESCE(SUM(amount), 0) AS total
                    FROM "fintech"."billing_charges"
                    WHERE cpf = '24930613945' AND invoice_reference = '2026-09' AND status = 'pending'
                    GROUP BY charge_type
                
🔵 [PostgresProvider] Query executada com sucesso. Retornou 4 linha(s)
🔵 [PostgresProvider] Executando Query: 
                            INSERT INTO "fintech"."billing_charges"
                            (id, cpf, invoice_reference, charge_type, amount, days_overdue, invoice_amount)
                            VALUES
                            ('24930613945_2026-09_1785553202220_juros_remuneratorios', '24930613945', '2026-09', 'juros_remuneratorios', 417.01, 22, 3870.86)
                        
🔵 [PostgresProvider] Query executada com sucesso. Retornou 0 linha(s)
🔵 [PostgresProvider] Executando Query: 
                            INSERT INTO "fintech"."billing_charges"
                            (id, cpf, invoice_reference, charge_type, amount, days_overdue, invoice_amount)
                            VALUES
                            ('24930613945_2026-09_1785553202223_juros_mora', '24930613945', '2026-09', 'juros_mora', 27.07, 22, 3870.86)
                        
🔵 [PostgresProvider] Query executada com sucesso. Retornou 0 linha(s)
[DEBUG] CPF: 98765432100, dueDate: Fri Jul 10 2026 00:00:00 GMT-0300 (Horário Padrão de Brasília), today: Sat Aug 01 2026 00:00:00 GMT-0300 (Horário Padrão de Brasília), diffMs: 1900800000, daysOverdue: 22, newStatus: inadimplente
🔵 [PostgresProvider] Executando Query: 
                    SELECT charge_type, COALESCE(SUM(amount), 0) AS total
                    FROM "fintech"."billing_charges"
                    WHERE cpf = '98765432100' AND invoice_reference = '2026-09' AND status = 'pending'
                    GROUP BY charge_type
                
🔵 [PostgresProvider] Query executada com sucesso. Retornou 4 linha(s)
🔵 [PostgresProvider] Executando Query: 
                            INSERT INTO "fintech"."billing_charges"
                            (id, cpf, invoice_reference, charge_type, amount, days_overdue, invoice_amount)
                            VALUES
                            ('98765432100_2026-09_1785553202229_juros_remuneratorios', '98765432100', '2026-09', 'juros_remuneratorios', 417.01, 22, 3870.86)
                        
🔵 [PostgresProvider] Query executada com sucesso. Retornou 0 linha(s)
🔵 [PostgresProvider] Executando Query: 
                            INSERT INTO "fintech"."billing_charges"
                            (id, cpf, invoice_reference, charge_type, amount, days_overdue, invoice_amount)
                            VALUES
                            ('98765432100_2026-09_1785553202232_juros_mora', '98765432100', '2026-09', 'juros_mora', 27.07, 22, 3870.86)
                        
🔵 [PostgresProvider] Query executada com sucesso. Retornou 0 linha(s)
[DEBUG] CPF: 44444444444, dueDate: Fri Jul 10 2026 00:00:00 GMT-0300 (Horário Padrão de Brasília), today: Sat Aug 01 2026 00:00:00 GMT-0300 (Horário Padrão de Brasília), diffMs: 1900800000, daysOverdue: 22, newStatus: inadimplente
🔵 [PostgresProvider] Executando Query: 
                    SELECT charge_type, COALESCE(SUM(amount), 0) AS total
                    FROM "fintech"."billing_charges"
                    WHERE cpf = '44444444444' AND invoice_reference = '2026-09' AND status = 'pending'
                    GROUP BY charge_type
                
🔵 [PostgresProvider] Query executada com sucesso. Retornou 4 linha(s)
🔵 [PostgresProvider] Executando Query: 
                            INSERT INTO "fintech"."billing_charges"
                            (id, cpf, invoice_reference, charge_type, amount, days_overdue, invoice_amount)
                            VALUES
                            ('44444444444_2026-09_1785553202238_juros_remuneratorios', '44444444444', '2026-09', 'juros_remuneratorios', 417.01, 22, 3870.86)
                        
🔵 [PostgresProvider] Query executada com sucesso. Retornou 0 linha(s)
🔵 [PostgresProvider] Executando Query: 
                            INSERT INTO "fintech"."billing_charges"
                            (id, cpf, invoice_reference, charge_type, amount, days_overdue, invoice_amount)
                            VALUES
                            ('44444444444_2026-09_1785553202241_juros_mora', '44444444444', '2026-09', 'juros_mora', 27.07, 22, 3870.86)
                        
🔵 [PostgresProvider] Query executada com sucesso. Retornou 0 linha(s)
[DEBUG] CPF: 96937494050, dueDate: Fri Jul 10 2026 00:00:00 GMT-0300 (Horário Padrão de Brasília), today: Sat Aug 01 2026 00:00:00 GMT-0300 (Horário Padrão de Brasília), diffMs: 1900800000, daysOverdue: 22, newStatus: inadimplente
🔵 [PostgresProvider] Executando Query: 
                    SELECT charge_type, COALESCE(SUM(amount), 0) AS total
                    FROM "fintech"."billing_charges"
                    WHERE cpf = '96937494050' AND invoice_reference = '2026-09' AND status = 'pending'
                    GROUP BY charge_type
                
🔵 [PostgresProvider] Query executada com sucesso. Retornou 4 linha(s)
🔵 [PostgresProvider] Executando Query: 
                            INSERT INTO "fintech"."billing_charges"
                            (id, cpf, invoice_reference, charge_type, amount, days_overdue, invoice_amount)
                            VALUES
                            ('96937494050_2026-09_1785553202248_juros_remuneratorios', '96937494050', '2026-09', 'juros_remuneratorios', 417.01, 22, 3870.86)
                        
🔵 [PostgresProvider] Query executada com sucesso. Retornou 0 linha(s)
🔵 [PostgresProvider] Executando Query: 
                            INSERT INTO "fintech"."billing_charges"
                            (id, cpf, invoice_reference, charge_type, amount, days_overdue, invoice_amount)
                            VALUES
                            ('96937494050_2026-09_1785553202250_juros_mora', '96937494050', '2026-09', 'juros_mora', 27.07, 22, 3870.86)
                        
🔵 [PostgresProvider] Query executada com sucesso. Retornou 0 linha(s)
[DEBUG] CPF: 26986473966, dueDate: Fri Jul 10 2026 00:00:00 GMT-0300 (Horário Padrão de Brasília), today: Sat Aug 01 2026 00:00:00 GMT-0300 (Horário Padrão de Brasília), diffMs: 1900800000, daysOverdue: 22, newStatus: inadimplente
🔵 [PostgresProvider] Executando Query: 
                    SELECT charge_type, COALESCE(SUM(amount), 0) AS total
                    FROM "fintech"."billing_charges"
                    WHERE cpf = '26986473966' AND invoice_reference = '2026-09' AND status = 'pending'
                    GROUP BY charge_type
                
🔵 [PostgresProvider] Query executada com sucesso. Retornou 4 linha(s)
🔵 [PostgresProvider] Executando Query: 
                            INSERT INTO "fintech"."billing_charges"
                            (id, cpf, invoice_reference, charge_type, amount, days_overdue, invoice_amount)
                            VALUES
                            ('26986473966_2026-09_1785553202256_juros_remuneratorios', '26986473966', '2026-09', 'juros_remuneratorios', 417.01, 22, 3870.86)
                        
🔵 [PostgresProvider] Query executada com sucesso. Retornou 0 linha(s)
🔵 [PostgresProvider] Executando Query: 
                            INSERT INTO "fintech"."billing_charges"
                            (id, cpf, invoice_reference, charge_type, amount, days_overdue, invoice_amount)
                            VALUES
                            ('26986473966_2026-09_1785553202258_juros_mora', '26986473966', '2026-09', 'juros_mora', 27.07, 22, 3870.86)
                        
🔵 [PostgresProvider] Query executada com sucesso. Retornou 0 linha(s)
[DEBUG] CPF: 75775457404, dueDate: Fri Jul 10 2026 00:00:00 GMT-0300 (Horário Padrão de Brasília), today: Sat Aug 01 2026 00:00:00 GMT-0300 (Horário Padrão de Brasília), diffMs: 1900800000, daysOverdue: 22, newStatus: inadimplente
🔵 [PostgresProvider] Executando Query: 
                    SELECT charge_type, COALESCE(SUM(amount), 0) AS total
                    FROM "fintech"."billing_charges"
                    WHERE cpf = '75775457404' AND invoice_reference = '2026-09' AND status = 'pending'
                    GROUP BY charge_type
                
🔵 [PostgresProvider] Query executada com sucesso. Retornou 4 linha(s)
🔵 [PostgresProvider] Executando Query: 
                            INSERT INTO "fintech"."billing_charges"
                            (id, cpf, invoice_reference, charge_type, amount, days_overdue, invoice_amount)
                            VALUES
                            ('75775457404_2026-09_1785553202264_juros_remuneratorios', '75775457404', '2026-09', 'juros_remuneratorios', 417.01, 22, 3870.86)
                        
🔵 [PostgresProvider] Query executada com sucesso. Retornou 0 linha(s)
🔵 [PostgresProvider] Executando Query: 
                            INSERT INTO "fintech"."billing_charges"
                            (id, cpf, invoice_reference, charge_type, amount, days_overdue, invoice_amount)
                            VALUES
                            ('75775457404_2026-09_1785553202267_juros_mora', '75775457404', '2026-09', 'juros_mora', 27.07, 22, 3870.86)
                        
🔵 [PostgresProvider] Query executada com sucesso. Retornou 0 linha(s)
[DEBUG] CPF: 27646660477, dueDate: Fri Jul 10 2026 00:00:00 GMT-0300 (Horário Padrão de Brasília), today: Sat Aug 01 2026 00:00:00 GMT-0300 (Horário Padrão de Brasília), diffMs: 1900800000, daysOverdue: 22, newStatus: inadimplente
🔵 [PostgresProvider] Executando Query: 
                    SELECT charge_type, COALESCE(SUM(amount), 0) AS total
                    FROM "fintech"."billing_charges"
                    WHERE cpf = '27646660477' AND invoice_reference = '2026-09' AND status = 'pending'
                    GROUP BY charge_type
                
🔵 [PostgresProvider] Query executada com sucesso. Retornou 4 linha(s)
🔵 [PostgresProvider] Executando Query: 
                            INSERT INTO "fintech"."billing_charges"
                            (id, cpf, invoice_reference, charge_type, amount, days_overdue, invoice_amount)
                            VALUES
                            ('27646660477_2026-09_1785553202271_juros_remuneratorios', '27646660477', '2026-09', 'juros_remuneratorios', 417.01, 22, 3870.86)
                        
🔵 [PostgresProvider] Query executada com sucesso. Retornou 0 linha(s)
🔵 [PostgresProvider] Executando Query: 
                            INSERT INTO "fintech"."billing_charges"
                            (id, cpf, invoice_reference, charge_type, amount, days_overdue, invoice_amount)
                            VALUES
                            ('27646660477_2026-09_1785553202275_juros_mora', '27646660477', '2026-09', 'juros_mora', 27.07, 22, 3870.86)
                        
🔵 [PostgresProvider] Query executada com sucesso. Retornou 0 linha(s)
[DEBUG] CPF: 28832869497, dueDate: Fri Jul 10 2026 00:00:00 GMT-0300 (Horário Padrão de Brasília), today: Sat Aug 01 2026 00:00:00 GMT-0300 (Horário Padrão de Brasília), diffMs: 1900800000, daysOverdue: 22, newStatus: inadimplente
🔵 [PostgresProvider] Executando Query: 
                    SELECT charge_type, COALESCE(SUM(amount), 0) AS total
                    FROM "fintech"."billing_charges"
                    WHERE cpf = '28832869497' AND invoice_reference = '2026-09' AND status = 'pending'
                    GROUP BY charge_type
                
🔵 [PostgresProvider] Query executada com sucesso. Retornou 4 linha(s)
🔵 [PostgresProvider] Executando Query: 
                            INSERT INTO "fintech"."billing_charges"
                            (id, cpf, invoice_reference, charge_type, amount, days_overdue, invoice_amount)
                            VALUES
                            ('28832869497_2026-09_1785553202283_juros_remuneratorios', '28832869497', '2026-09', 'juros_remuneratorios', 417.01, 22, 3870.86)
                        
🔵 [PostgresProvider] Query executada com sucesso. Retornou 0 linha(s)
🔵 [PostgresProvider] Executando Query: 
                            INSERT INTO "fintech"."billing_charges"
                            (id, cpf, invoice_reference, charge_type, amount, days_overdue, invoice_amount)
                            VALUES
                            ('28832869497_2026-09_1785553202287_juros_mora', '28832869497', '2026-09', 'juros_mora', 27.07, 22, 3870.86)
                        
🔵 [PostgresProvider] Query executada com sucesso. Retornou 0 linha(s)
[DEBUG] CPF: 72856446096, dueDate: Fri Jul 10 2026 00:00:00 GMT-0300 (Horário Padrão de Brasília), today: Sat Aug 01 2026 00:00:00 GMT-0300 (Horário Padrão de Brasília), diffMs: 1900800000, daysOverdue: 22, newStatus: inadimplente
🔵 [PostgresProvider] Executando Query: 
                    SELECT charge_type, COALESCE(SUM(amount), 0) AS total
                    FROM "fintech"."billing_charges"
                    WHERE cpf = '72856446096' AND invoice_reference = '2026-09' AND status = 'pending'
                    GROUP BY charge_type
                
🔵 [PostgresProvider] Query executada com sucesso. Retornou 4 linha(s)
🔵 [PostgresProvider] Executando Query: 
                            INSERT INTO "fintech"."billing_charges"
                            (id, cpf, invoice_reference, charge_type, amount, days_overdue, invoice_amount)
                            VALUES
                            ('72856446096_2026-09_1785553202293_juros_remuneratorios', '72856446096', '2026-09', 'juros_remuneratorios', 417.01, 22, 3870.86)
                        
🔵 [PostgresProvider] Query executada com sucesso. Retornou 0 linha(s)
🔵 [PostgresProvider] Executando Query: 
                            INSERT INTO "fintech"."billing_charges"
                            (id, cpf, invoice_reference, charge_type, amount, days_overdue, invoice_amount)
                            VALUES
                            ('72856446096_2026-09_1785553202297_juros_mora', '72856446096', '2026-09', 'juros_mora', 27.07, 22, 3870.86)
                        
🔵 [PostgresProvider] Query executada com sucesso. Retornou 0 linha(s)
[DEBUG] CPF: 42681570697, dueDate: Sun Jul 12 2026 00:00:00 GMT-0300 (Horário Padrão de Brasília), today: Sat Aug 01 2026 00:00:00 GMT-0300 (Horário Padrão de Brasília), diffMs: 1728000000, daysOverdue: 20, newStatus: inadimplente
🔵 [PostgresProvider] Executando Query: 
                    SELECT charge_type, COALESCE(SUM(amount), 0) AS total
                    FROM "fintech"."billing_charges"
                    WHERE cpf = '42681570697' AND invoice_reference = '2026-09' AND status = 'pending'
                    GROUP BY charge_type
                
🔵 [PostgresProvider] Query executada com sucesso. Retornou 4 linha(s)
🔵 [PostgresProvider] Executando Query: 
                            INSERT INTO "fintech"."billing_charges"
                            (id, cpf, invoice_reference, charge_type, amount, days_overdue, invoice_amount)
                            VALUES
                            ('42681570697_2026-09_1785553202301_juros_remuneratorios', '42681570697', '2026-09', 'juros_remuneratorios', 377.29, 20, 3870.86)
                        
🔵 [PostgresProvider] Query executada com sucesso. Retornou 0 linha(s)
🔵 [PostgresProvider] Executando Query: 
                            INSERT INTO "fintech"."billing_charges"
                            (id, cpf, invoice_reference, charge_type, amount, days_overdue, invoice_amount)
                            VALUES
                            ('42681570697_2026-09_1785553202303_juros_mora', '42681570697', '2026-09', 'juros_mora', 24.49, 20, 3870.86)
                        
🔵 [PostgresProvider] Query executada com sucesso. Retornou 0 linha(s)
[DEBUG] CPF: 77777777777, dueDate: Fri Jul 10 2026 00:00:00 GMT-0300 (Horário Padrão de Brasília), today: Sat Aug 01 2026 00:00:00 GMT-0300 (Horário Padrão de Brasília), diffMs: 1900800000, daysOverdue: 22, newStatus: inadimplente
🔵 [PostgresProvider] Executando Query: 
                    SELECT charge_type, COALESCE(SUM(amount), 0) AS total
                    FROM "fintech"."billing_charges"
                    WHERE cpf = '77777777777' AND invoice_reference = '2026-09' AND status = 'pending'
                    GROUP BY charge_type
                
🔵 [PostgresProvider] Query executada com sucesso. Retornou 4 linha(s)
🔵 [PostgresProvider] Executando Query: 
                            INSERT INTO "fintech"."billing_charges"
                            (id, cpf, invoice_reference, charge_type, amount, days_overdue, invoice_amount)
                            VALUES
                            ('77777777777_2026-09_1785553202308_juros_remuneratorios', '77777777777', '2026-09', 'juros_remuneratorios', 417.01, 22, 3870.86)
                        
🔵 [PostgresProvider] Query executada com sucesso. Retornou 0 linha(s)
🔵 [PostgresProvider] Executando Query: 
                            INSERT INTO "fintech"."billing_charges"
                            (id, cpf, invoice_reference, charge_type, amount, days_overdue, invoice_amount)
                            VALUES
                            ('77777777777_2026-09_1785553202311_juros_mora', '77777777777', '2026-09', 'juros_mora', 27.07, 22, 3870.86)
                        
🔵 [PostgresProvider] Query executada com sucesso. Retornou 0 linha(s)
[DEBUG] CPF: 38160081359, dueDate: Wed Aug 05 2026 00:00:00 GMT-0300 (Horário Padrão de Brasília), today: Sat Aug 01 2026 00:00:00 GMT-0300 (Horário Padrão de Brasília), diffMs: -345600000, daysOverdue: 0, newStatus: adimplente
[DEBUG] CPF: 98215828507, dueDate: Wed Aug 05 2026 00:00:00 GMT-0300 (Horário Padrão de Brasília), today: Sat Aug 01 2026 00:00:00 GMT-0300 (Horário Padrão de Brasília), diffMs: -345600000, daysOverdue: 0, newStatus: adimplente
[DEBUG] CPF: 51742065392, dueDate: Wed Jul 15 2026 00:00:00 GMT-0300 (Horário Padrão de Brasília), today: Sat Aug 01 2026 00:00:00 GMT-0300 (Horário Padrão de Brasília), diffMs: 1468800000, daysOverdue: 17, newStatus: inadimplente
🔵 [PostgresProvider] Executando Query: 
                    SELECT charge_type, COALESCE(SUM(amount), 0) AS total
                    FROM "fintech"."billing_charges"
                    WHERE cpf = '51742065392' AND invoice_reference = '2026-09' AND status = 'pending'
                    GROUP BY charge_type
                
🔵 [PostgresProvider] Query executada com sucesso. Retornou 4 linha(s)
🔵 [PostgresProvider] Executando Query: 
                            INSERT INTO "fintech"."billing_charges"
                            (id, cpf, invoice_reference, charge_type, amount, days_overdue, invoice_amount)
                            VALUES
                            ('51742065392_2026-09_1785553202317_juros_remuneratorios', '51742065392', '2026-09', 'juros_remuneratorios', 317.72, 17, 3870.86)
                        
🔵 [PostgresProvider] Query executada com sucesso. Retornou 0 linha(s)
🔵 [PostgresProvider] Executando Query: 
                            INSERT INTO "fintech"."billing_charges"
                            (id, cpf, invoice_reference, charge_type, amount, days_overdue, invoice_amount)
                            VALUES
                            ('51742065392_2026-09_1785553202320_juros_mora', '51742065392', '2026-09', 'juros_mora', 20.62, 17, 3870.86)
                        
🔵 [PostgresProvider] Query executada com sucesso. Retornou 0 linha(s)
[DEBUG] CPF: 12312312312, dueDate: Fri Jul 10 2026 00:00:00 GMT-0300 (Horário Padrão de Brasília), today: Sat Aug 01 2026 00:00:00 GMT-0300 (Horário Padrão de Brasília), diffMs: 1900800000, daysOverdue: 22, newStatus: inadimplente
🔵 [PostgresProvider] Executando Query: 
                    SELECT charge_type, COALESCE(SUM(amount), 0) AS total
                    FROM "fintech"."billing_charges"
                    WHERE cpf = '12312312312' AND invoice_reference = '2026-09' AND status = 'pending'
                    GROUP BY charge_type
                
🔵 [PostgresProvider] Query executada com sucesso. Retornou 4 linha(s)
🔵 [PostgresProvider] Executando Query: 
                            INSERT INTO "fintech"."billing_charges"
                            (id, cpf, invoice_reference, charge_type, amount, days_overdue, invoice_amount)
                            VALUES
                            ('12312312312_2026-09_1785553202324_juros_remuneratorios', '12312312312', '2026-09', 'juros_remuneratorios', 212.32, 22, 1970.8600000000001)
                        
🔵 [PostgresProvider] Query executada com sucesso. Retornou 0 linha(s)
🔵 [PostgresProvider] Executando Query: 
                            INSERT INTO "fintech"."billing_charges"
                            (id, cpf, invoice_reference, charge_type, amount, days_overdue, invoice_amount)
                            VALUES
                            ('12312312312_2026-09_1785553202327_juros_mora', '12312312312', '2026-09', 'juros_mora', 13.78, 22, 1970.8600000000001)
                        
🔵 [PostgresProvider] Query executada com sucesso. Retornou 0 linha(s)
🔵 [PostgresProvider] Executando Query: 
                        SELECT id FROM "fintech"."notifications"
                        WHERE cpf = '12312312312'
                          AND title = 'Pagamento mínimo de fatura ✅'
                          AND created_at > '2026-07-31T03:00:02.330Z'
                        LIMIT 1
                    
🔵 [PostgresProvider] Query executada com sucesso. Retornou 0 linha(s)
🔵 [PostgresProvider] Executando Query: 
        INSERT INTO "fintech"."notifications"
        (id, cpf, title, message, action_url, is_read, created_at)
        VALUES ('9650c165-3488-42eb-8b9e-f546b8b67c6f', '12312312312', 'Pagamento mínimo de fatura ✅', 'R$ 1900.00 pagos (mínimo). Multa e juros de mora estacionados! Juros remuneratórios continuam sobre o saldo residual de R$ 1970.86.', '/dashboard', false, '2026-08-01T03:00:02.332Z')
    
🔵 [PostgresProvider] Query executada com sucesso. Retornou 0 linha(s)
[Notif] Pagamento mínimo detectado para 12312312312 — notificação enviada.
[DEBUG] CPF: 61111863709, dueDate: Fri Jul 10 2026 00:00:00 GMT-0300 (Horário Padrão de Brasília), today: Sat Aug 01 2026 00:00:00 GMT-0300 (Horário Padrão de Brasília), diffMs: 1900800000, daysOverdue: 22, newStatus: inadimplente
🔵 [PostgresProvider] Executando Query: 
                    SELECT charge_type, COALESCE(SUM(amount), 0) AS total
                    FROM "fintech"."billing_charges"
                    WHERE cpf = '61111863709' AND invoice_reference = '2026-09' AND status = 'pending'
                    GROUP BY charge_type
                
🔵 [PostgresProvider] Query executada com sucesso. Retornou 4 linha(s)
🔵 [PostgresProvider] Executando Query: 
                            INSERT INTO "fintech"."billing_charges"
                            (id, cpf, invoice_reference, charge_type, amount, days_overdue, invoice_amount)
                            VALUES
                            ('61111863709_2026-09_1785553202338_juros_remuneratorios', '61111863709', '2026-09', 'juros_remuneratorios', 53.86, 22, 500)
                        
🔵 [PostgresProvider] Query executada com sucesso. Retornou 0 linha(s)
🔵 [PostgresProvider] Executando Query: 
                            INSERT INTO "fintech"."billing_charges"
                            (id, cpf, invoice_reference, charge_type, amount, days_overdue, invoice_amount)
                            VALUES
                            ('61111863709_2026-09_1785553202341_juros_mora', '61111863709', '2026-09', 'juros_mora', 3.49, 22, 500)
                        
🔵 [PostgresProvider] Query executada com sucesso. Retornou 0 linha(s)
🔵 [PostgresProvider] Executando Query: 
                        SELECT id FROM "fintech"."notifications"
                        WHERE cpf = '61111863709'
                          AND title = 'Pagamento mínimo de fatura ✅'
                          AND created_at > '2026-07-31T03:00:02.344Z'
                        LIMIT 1
                    
🔵 [PostgresProvider] Query executada com sucesso. Retornou 1 linha(s)
[DEBUG] CPF: 41649264658, dueDate: Wed Aug 05 2026 00:00:00 GMT-0300 (Horário Padrão de Brasília), today: Sat Aug 01 2026 00:00:00 GMT-0300 (Horário Padrão de Brasília), diffMs: -345600000, daysOverdue: 0, newStatus: adimplente
[DEBUG] CPF: 42111679011, dueDate: Fri Jul 10 2026 00:00:00 GMT-0300 (Horário Padrão de Brasília), today: Sat Aug 01 2026 00:00:00 GMT-0300 (Horário Padrão de Brasília), diffMs: 1900800000, daysOverdue: 22, newStatus: inadimplente
🔵 [PostgresProvider] Executando Query: 
                    SELECT charge_type, COALESCE(SUM(amount), 0) AS total
                    FROM "fintech"."billing_charges"
                    WHERE cpf = '42111679011' AND invoice_reference = '2026-09' AND status = 'pending'
                    GROUP BY charge_type
                
🔵 [PostgresProvider] Query executada com sucesso. Retornou 4 linha(s)
🔵 [PostgresProvider] Executando Query: 
                            INSERT INTO "fintech"."billing_charges"
                            (id, cpf, invoice_reference, charge_type, amount, days_overdue, invoice_amount)
                            VALUES
                            ('42111679011_2026-09_1785553202348_juros_remuneratorios', '42111679011', '2026-09', 'juros_remuneratorios', 417.01, 22, 3870.86)
                        
🔵 [PostgresProvider] Query executada com sucesso. Retornou 0 linha(s)
🔵 [PostgresProvider] Executando Query: 
                            INSERT INTO "fintech"."billing_charges"
                            (id, cpf, invoice_reference, charge_type, amount, days_overdue, invoice_amount)
                            VALUES
                            ('42111679011_2026-09_1785553202352_juros_mora', '42111679011', '2026-09', 'juros_mora', 27.07, 22, 3870.86)
                        
🔵 [PostgresProvider] Query executada com sucesso. Retornou 0 linha(s)
[DEBUG] CPF: 68737946439, dueDate: Wed Jul 15 2026 00:00:00 GMT-0300 (Horário Padrão de Brasília), today: Sat Aug 01 2026 00:00:00 GMT-0300 (Horário Padrão de Brasília), diffMs: 1468800000, daysOverdue: 17, newStatus: inadimplente
🔵 [PostgresProvider] Executando Query: 
                    SELECT charge_type, COALESCE(SUM(amount), 0) AS total
                    FROM "fintech"."billing_charges"
                    WHERE cpf = '68737946439' AND invoice_reference = '2026-09' AND status = 'pending'
                    GROUP BY charge_type
                
🔵 [PostgresProvider] Query executada com sucesso. Retornou 4 linha(s)
🔵 [PostgresProvider] Executando Query: 
                            INSERT INTO "fintech"."billing_charges"
                            (id, cpf, invoice_reference, charge_type, amount, days_overdue, invoice_amount)
                            VALUES
                            ('68737946439_2026-09_1785553202356_juros_remuneratorios', '68737946439', '2026-09', 'juros_remuneratorios', 317.72, 17, 3870.86)
                        
🔵 [PostgresProvider] Query executada com sucesso. Retornou 0 linha(s)
🔵 [PostgresProvider] Executando Query: 
                            INSERT INTO "fintech"."billing_charges"
                            (id, cpf, invoice_reference, charge_type, amount, days_overdue, invoice_amount)
                            VALUES
                            ('68737946439_2026-09_1785553202360_juros_mora', '68737946439', '2026-09', 'juros_mora', 20.62, 17, 3870.86)
                        
🔵 [PostgresProvider] Query executada com sucesso. Retornou 0 linha(s)
[DEBUG] CPF: 01565366174, dueDate: Wed Jul 15 2026 00:00:00 GMT-0300 (Horário Padrão de Brasília), today: Sat Aug 01 2026 00:00:00 GMT-0300 (Horário Padrão de Brasília), diffMs: 1468800000, daysOverdue: 17, newStatus: inadimplente
🔵 [PostgresProvider] Executando Query: 
                    SELECT charge_type, COALESCE(SUM(amount), 0) AS total
                    FROM "fintech"."billing_charges"
                    WHERE cpf = '01565366174' AND invoice_reference = '2026-09' AND status = 'pending'
                    GROUP BY charge_type
                
🔵 [PostgresProvider] Query executada com sucesso. Retornou 4 linha(s)
🔵 [PostgresProvider] Executando Query: 
                            INSERT INTO "fintech"."billing_charges"
                            (id, cpf, invoice_reference, charge_type, amount, days_overdue, invoice_amount)
                            VALUES
                            ('01565366174_2026-09_1785553202365_juros_remuneratorios', '01565366174', '2026-09', 'juros_remuneratorios', 317.72, 17, 3870.86)
                        
🔵 [PostgresProvider] Query executada com sucesso. Retornou 0 linha(s)
🔵 [PostgresProvider] Executando Query: 
                            INSERT INTO "fintech"."billing_charges"
                            (id, cpf, invoice_reference, charge_type, amount, days_overdue, invoice_amount)
                            VALUES
                            ('01565366174_2026-09_1785553202368_juros_mora', '01565366174', '2026-09', 'juros_mora', 20.62, 17, 3870.86)
                        
🔵 [PostgresProvider] Query executada com sucesso. Retornou 0 linha(s)
[DEBUG] CPF: 74929424194, dueDate: Thu Jul 16 2026 00:00:00 GMT-0300 (Horário Padrão de Brasília), today: Sat Aug 01 2026 00:00:00 GMT-0300 (Horário Padrão de Brasília), diffMs: 1382400000, daysOverdue: 16, newStatus: inadimplente
🔵 [PostgresProvider] Executando Query: 
                    SELECT charge_type, COALESCE(SUM(amount), 0) AS total
                    FROM "fintech"."billing_charges"
                    WHERE cpf = '74929424194' AND invoice_reference = '2026-09' AND status = 'pending'
                    GROUP BY charge_type
                
🔵 [PostgresProvider] Query executada com sucesso. Retornou 4 linha(s)
🔵 [PostgresProvider] Executando Query: 
                            INSERT INTO "fintech"."billing_charges"
                            (id, cpf, invoice_reference, charge_type, amount, days_overdue, invoice_amount)
                            VALUES
                            ('74929424194_2026-09_1785553202373_juros_remuneratorios', '74929424194', '2026-09', 'juros_remuneratorios', 297.86, 16, 3870.86)
                        
🔵 [PostgresProvider] Query executada com sucesso. Retornou 0 linha(s)
🔵 [PostgresProvider] Executando Query: 
                            INSERT INTO "fintech"."billing_charges"
                            (id, cpf, invoice_reference, charge_type, amount, days_overdue, invoice_amount)
                            VALUES
                            ('74929424194_2026-09_1785553202376_juros_mora', '74929424194', '2026-09', 'juros_mora', 19.33, 16, 3870.86)
                        
🔵 [PostgresProvider] Query executada com sucesso. Retornou 0 linha(s)
[DEBUG] CPF: 90860578020, dueDate: Thu Jul 16 2026 00:00:00 GMT-0300 (Horário Padrão de Brasília), today: Sat Aug 01 2026 00:00:00 GMT-0300 (Horário Padrão de Brasília), diffMs: 1382400000, daysOverdue: 16, newStatus: inadimplente
🔵 [PostgresProvider] Executando Query: 
                    SELECT charge_type, COALESCE(SUM(amount), 0) AS total
                    FROM "fintech"."billing_charges"
                    WHERE cpf = '90860578020' AND invoice_reference = '2026-09' AND status = 'pending'
                    GROUP BY charge_type
                
🔵 [PostgresProvider] Query executada com sucesso. Retornou 4 linha(s)
🔵 [PostgresProvider] Executando Query: 
                            INSERT INTO "fintech"."billing_charges"
                            (id, cpf, invoice_reference, charge_type, amount, days_overdue, invoice_amount)
                            VALUES
                            ('90860578020_2026-09_1785553202381_juros_remuneratorios', '90860578020', '2026-09', 'juros_remuneratorios', 297.86, 16, 3870.86)
                        
🔵 [PostgresProvider] Query executada com sucesso. Retornou 0 linha(s)
🔵 [PostgresProvider] Executando Query: 
                            INSERT INTO "fintech"."billing_charges"
                            (id, cpf, invoice_reference, charge_type, amount, days_overdue, invoice_amount)
                            VALUES
                            ('90860578020_2026-09_1785553202384_juros_mora', '90860578020', '2026-09', 'juros_mora', 19.33, 16, 3870.86)
                        
🔵 [PostgresProvider] Query executada com sucesso. Retornou 0 linha(s)
[DEBUG] CPF: 73129536620, dueDate: Fri Jul 10 2026 00:00:00 GMT-0300 (Horário Padrão de Brasília), today: Sat Aug 01 2026 00:00:00 GMT-0300 (Horário Padrão de Brasília), diffMs: 1900800000, daysOverdue: 22, newStatus: inadimplente
🔵 [PostgresProvider] Executando Query: 
                    SELECT charge_type, COALESCE(SUM(amount), 0) AS total
                    FROM "fintech"."billing_charges"
                    WHERE cpf = '73129536620' AND invoice_reference = '2026-09' AND status = 'pending'
                    GROUP BY charge_type
                
🔵 [PostgresProvider] Query executada com sucesso. Retornou 4 linha(s)
🔵 [PostgresProvider] Executando Query: 
                            INSERT INTO "fintech"."billing_charges"
                            (id, cpf, invoice_reference, charge_type, amount, days_overdue, invoice_amount)
                            VALUES
                            ('73129536620_2026-09_1785553202388_juros_remuneratorios', '73129536620', '2026-09', 'juros_remuneratorios', 417.01, 22, 3870.86)
                        
🔵 [PostgresProvider] Query executada com sucesso. Retornou 0 linha(s)
🔵 [PostgresProvider] Executando Query: 
                            INSERT INTO "fintech"."billing_charges"
                            (id, cpf, invoice_reference, charge_type, amount, days_overdue, invoice_amount)
                            VALUES
                            ('73129536620_2026-09_1785553202390_juros_mora', '73129536620', '2026-09', 'juros_mora', 27.07, 22, 3870.86)
                        
🔵 [PostgresProvider] Query executada com sucesso. Retornou 0 linha(s)
[DEBUG] CPF: 33333333333, dueDate: Wed Jul 15 2026 00:00:00 GMT-0300 (Horário Padrão de Brasília), today: Sat Aug 01 2026 00:00:00 GMT-0300 (Horário Padrão de Brasília), diffMs: 1468800000, daysOverdue: 17, newStatus: inadimplente
🔵 [PostgresProvider] Executando Query: 
                    SELECT charge_type, COALESCE(SUM(amount), 0) AS total
                    FROM "fintech"."billing_charges"
                    WHERE cpf = '33333333333' AND invoice_reference = '2026-09' AND status = 'pending'
                    GROUP BY charge_type
                
🔵 [PostgresProvider] Query executada com sucesso. Retornou 4 linha(s)
🔵 [PostgresProvider] Executando Query: 
                            INSERT INTO "fintech"."billing_charges"
                            (id, cpf, invoice_reference, charge_type, amount, days_overdue, invoice_amount)
                            VALUES
                            ('33333333333_2026-09_1785553202396_juros_remuneratorios', '33333333333', '2026-09', 'juros_remuneratorios', 317.72, 17, 3870.86)
                        
🔵 [PostgresProvider] Query executada com sucesso. Retornou 0 linha(s)
🔵 [PostgresProvider] Executando Query: 
                            INSERT INTO "fintech"."billing_charges"
                            (id, cpf, invoice_reference, charge_type, amount, days_overdue, invoice_amount)
                            VALUES
                            ('33333333333_2026-09_1785553202398_juros_mora', '33333333333', '2026-09', 'juros_mora', 20.62, 17, 3870.86)
                        
🔵 [PostgresProvider] Query executada com sucesso. Retornou 0 linha(s)
[DEBUG] CPF: 76782744325, dueDate: Thu Jul 16 2026 00:00:00 GMT-0300 (Horário Padrão de Brasília), today: Sat Aug 01 2026 00:00:00 GMT-0300 (Horário Padrão de Brasília), diffMs: 1382400000, daysOverdue: 16, newStatus: inadimplente
🔵 [PostgresProvider] Executando Query: 
                    SELECT charge_type, COALESCE(SUM(amount), 0) AS total
                    FROM "fintech"."billing_charges"
                    WHERE cpf = '76782744325' AND invoice_reference = '2026-09' AND status = 'pending'
                    GROUP BY charge_type
                
🔵 [PostgresProvider] Query executada com sucesso. Retornou 4 linha(s)
🔵 [PostgresProvider] Executando Query: 
                            INSERT INTO "fintech"."billing_charges"
                            (id, cpf, invoice_reference, charge_type, amount, days_overdue, invoice_amount)
                            VALUES
                            ('76782744325_2026-09_1785553202402_juros_remuneratorios', '76782744325', '2026-09', 'juros_remuneratorios', 297.86, 16, 3870.86)
                        
🔵 [PostgresProvider] Query executada com sucesso. Retornou 0 linha(s)
🔵 [PostgresProvider] Executando Query: 
                            INSERT INTO "fintech"."billing_charges"
                            (id, cpf, invoice_reference, charge_type, amount, days_overdue, invoice_amount)
                            VALUES
                            ('76782744325_2026-09_1785553202404_juros_mora', '76782744325', '2026-09', 'juros_mora', 19.33, 16, 3870.86)
                        
🔵 [PostgresProvider] Query executada com sucesso. Retornou 0 linha(s)
[DEBUG] CPF: 09086747329, dueDate: Thu Jul 16 2026 00:00:00 GMT-0300 (Horário Padrão de Brasília), today: Sat Aug 01 2026 00:00:00 GMT-0300 (Horário Padrão de Brasília), diffMs: 1382400000, daysOverdue: 16, newStatus: inadimplente
🔵 [PostgresProvider] Executando Query: 
                    SELECT charge_type, COALESCE(SUM(amount), 0) AS total
                    FROM "fintech"."billing_charges"
                    WHERE cpf = '09086747329' AND invoice_reference = '2026-09' AND status = 'pending'
                    GROUP BY charge_type
                
🔵 [PostgresProvider] Query executada com sucesso. Retornou 4 linha(s)
🔵 [PostgresProvider] Executando Query: 
                            INSERT INTO "fintech"."billing_charges"
                            (id, cpf, invoice_reference, charge_type, amount, days_overdue, invoice_amount)
                            VALUES
                            ('09086747329_2026-09_1785553202408_juros_remuneratorios', '09086747329', '2026-09', 'juros_remuneratorios', 297.86, 16, 3870.86)
                        
🔵 [PostgresProvider] Query executada com sucesso. Retornou 0 linha(s)
🔵 [PostgresProvider] Executando Query: 
                            INSERT INTO "fintech"."billing_charges"
                            (id, cpf, invoice_reference, charge_type, amount, days_overdue, invoice_amount)
                            VALUES
                            ('09086747329_2026-09_1785553202412_juros_mora', '09086747329', '2026-09', 'juros_mora', 19.33, 16, 3870.86)
                        
🔵 [PostgresProvider] Query executada com sucesso. Retornou 0 linha(s)
[DEBUG] CPF: 27888186700, dueDate: Fri Jul 10 2026 00:00:00 GMT-0300 (Horário Padrão de Brasília), today: Sat Aug 01 2026 00:00:00 GMT-0300 (Horário Padrão de Brasília), diffMs: 1900800000, daysOverdue: 22, newStatus: inadimplente
🔵 [PostgresProvider] Executando Query: 
                    SELECT charge_type, COALESCE(SUM(amount), 0) AS total
                    FROM "fintech"."billing_charges"
                    WHERE cpf = '27888186700' AND invoice_reference = '2026-09' AND status = 'pending'
                    GROUP BY charge_type
                
🔵 [PostgresProvider] Query executada com sucesso. Retornou 4 linha(s)
🔵 [PostgresProvider] Executando Query: 
                            INSERT INTO "fintech"."billing_charges"
                            (id, cpf, invoice_reference, charge_type, amount, days_overdue, invoice_amount)
                            VALUES
                            ('27888186700_2026-09_1785553202415_juros_remuneratorios', '27888186700', '2026-09', 'juros_remuneratorios', 417.01, 22, 3870.86)
                        
🔵 [PostgresProvider] Query executada com sucesso. Retornou 0 linha(s)
🔵 [PostgresProvider] Executando Query: 
                            INSERT INTO "fintech"."billing_charges"
                            (id, cpf, invoice_reference, charge_type, amount, days_overdue, invoice_amount)
                            VALUES
                            ('27888186700_2026-09_1785553202417_juros_mora', '27888186700', '2026-09', 'juros_mora', 27.07, 22, 3870.86)
                        
🔵 [PostgresProvider] Query executada com sucesso. Retornou 0 linha(s)
[DEBUG] CPF: 67154864257, dueDate: Fri Jul 10 2026 00:00:00 GMT-0300 (Horário Padrão de Brasília), today: Sat Aug 01 2026 00:00:00 GMT-0300 (Horário Padrão de Brasília), diffMs: 1900800000, daysOverdue: 22, newStatus: inadimplente
🔵 [PostgresProvider] Executando Query: 
                    SELECT charge_type, COALESCE(SUM(amount), 0) AS total
                    FROM "fintech"."billing_charges"
                    WHERE cpf = '67154864257' AND invoice_reference = '2026-09' AND status = 'pending'
                    GROUP BY charge_type
                
🔵 [PostgresProvider] Query executada com sucesso. Retornou 4 linha(s)
🔵 [PostgresProvider] Executando Query: 
                            INSERT INTO "fintech"."billing_charges"
                            (id, cpf, invoice_reference, charge_type, amount, days_overdue, invoice_amount)
                            VALUES
                            ('67154864257_2026-09_1785553202421_juros_remuneratorios', '67154864257', '2026-09', 'juros_remuneratorios', 417.01, 22, 3870.86)
                        
🔵 [PostgresProvider] Query executada com sucesso. Retornou 0 linha(s)
🔵 [PostgresProvider] Executando Query: 
                            INSERT INTO "fintech"."billing_charges"
                            (id, cpf, invoice_reference, charge_type, amount, days_overdue, invoice_amount)
                            VALUES
                            ('67154864257_2026-09_1785553202423_juros_mora', '67154864257', '2026-09', 'juros_mora', 27.07, 22, 3870.86)
                        
🔵 [PostgresProvider] Query executada com sucesso. Retornou 0 linha(s)
[DEBUG] CPF: 28818393472, dueDate: Fri Jul 10 2026 00:00:00 GMT-0300 (Horário Padrão de Brasília), today: Sat Aug 01 2026 00:00:00 GMT-0300 (Horário Padrão de Brasília), diffMs: 1900800000, daysOverdue: 22, newStatus: inadimplente
🔵 [PostgresProvider] Executando Query: 
                    SELECT charge_type, COALESCE(SUM(amount), 0) AS total
                    FROM "fintech"."billing_charges"
                    WHERE cpf = '28818393472' AND invoice_reference = '2026-09' AND status = 'pending'
                    GROUP BY charge_type
                
🔵 [PostgresProvider] Query executada com sucesso. Retornou 4 linha(s)
🔵 [PostgresProvider] Executando Query: 
                            INSERT INTO "fintech"."billing_charges"
                            (id, cpf, invoice_reference, charge_type, amount, days_overdue, invoice_amount)
                            VALUES
                            ('28818393472_2026-09_1785553202428_juros_remuneratorios', '28818393472', '2026-09', 'juros_remuneratorios', 417.01, 22, 3870.86)
                        
🔵 [PostgresProvider] Query executada com sucesso. Retornou 0 linha(s)
🔵 [PostgresProvider] Executando Query: 
                            INSERT INTO "fintech"."billing_charges"
                            (id, cpf, invoice_reference, charge_type, amount, days_overdue, invoice_amount)
                            VALUES
                            ('28818393472_2026-09_1785553202431_juros_mora', '28818393472', '2026-09', 'juros_mora', 27.07, 22, 3870.86)
                        
🔵 [PostgresProvider] Query executada com sucesso. Retornou 0 linha(s)
[DEBUG] CPF: 85246671844, dueDate: Fri Jul 10 2026 00:00:00 GMT-0300 (Horário Padrão de Brasília), today: Sat Aug 01 2026 00:00:00 GMT-0300 (Horário Padrão de Brasília), diffMs: 1900800000, daysOverdue: 22, newStatus: inadimplente
🔵 [PostgresProvider] Executando Query: 
                    SELECT charge_type, COALESCE(SUM(amount), 0) AS total
                    FROM "fintech"."billing_charges"
                    WHERE cpf = '85246671844' AND invoice_reference = '2026-09' AND status = 'pending'
                    GROUP BY charge_type
                
🔵 [PostgresProvider] Query executada com sucesso. Retornou 4 linha(s)
🔵 [PostgresProvider] Executando Query: 
                            INSERT INTO "fintech"."billing_charges"
                            (id, cpf, invoice_reference, charge_type, amount, days_overdue, invoice_amount)
                            VALUES
                            ('85246671844_2026-09_1785553202434_juros_remuneratorios', '85246671844', '2026-09', 'juros_remuneratorios', 417.01, 22, 3870.86)
                        
🔵 [PostgresProvider] Query executada com sucesso. Retornou 0 linha(s)
🔵 [PostgresProvider] Executando Query: 
                            INSERT INTO "fintech"."billing_charges"
                            (id, cpf, invoice_reference, charge_type, amount, days_overdue, invoice_amount)
                            VALUES
                            ('85246671844_2026-09_1785553202436_juros_mora', '85246671844', '2026-09', 'juros_mora', 27.07, 22, 3870.86)
                        
🔵 [PostgresProvider] Query executada com sucesso. Retornou 0 linha(s)
[DEBUG] CPF: 26775244657, dueDate: Fri Jul 10 2026 00:00:00 GMT-0300 (Horário Padrão de Brasília), today: Sat Aug 01 2026 00:00:00 GMT-0300 (Horário Padrão de Brasília), diffMs: 1900800000, daysOverdue: 22, newStatus: inadimplente
🔵 [PostgresProvider] Executando Query: 
                    SELECT charge_type, COALESCE(SUM(amount), 0) AS total
                    FROM "fintech"."billing_charges"
                    WHERE cpf = '26775244657' AND invoice_reference = '2026-09' AND status = 'pending'
                    GROUP BY charge_type
                
🔵 [PostgresProvider] Query executada com sucesso. Retornou 4 linha(s)
🔵 [PostgresProvider] Executando Query: 
                            INSERT INTO "fintech"."billing_charges"
                            (id, cpf, invoice_reference, charge_type, amount, days_overdue, invoice_amount)
                            VALUES
                            ('26775244657_2026-09_1785553202440_juros_remuneratorios', '26775244657', '2026-09', 'juros_remuneratorios', 417.01, 22, 3870.86)
                        
🔵 [PostgresProvider] Query executada com sucesso. Retornou 0 linha(s)
🔵 [PostgresProvider] Executando Query: 
                            INSERT INTO "fintech"."billing_charges"
                            (id, cpf, invoice_reference, charge_type, amount, days_overdue, invoice_amount)
                            VALUES
                            ('26775244657_2026-09_1785553202444_juros_mora', '26775244657', '2026-09', 'juros_mora', 27.07, 22, 3870.86)
                        
🔵 [PostgresProvider] Query executada com sucesso. Retornou 0 linha(s)
[DEBUG] CPF: 64866656883, dueDate: Fri Jul 10 2026 00:00:00 GMT-0300 (Horário Padrão de Brasília), today: Sat Aug 01 2026 00:00:00 GMT-0300 (Horário Padrão de Brasília), diffMs: 1900800000, daysOverdue: 22, newStatus: inadimplente
🔵 [PostgresProvider] Executando Query: 
                    SELECT charge_type, COALESCE(SUM(amount), 0) AS total
                    FROM "fintech"."billing_charges"
                    WHERE cpf = '64866656883' AND invoice_reference = '2026-09' AND status = 'pending'
                    GROUP BY charge_type
                
🔵 [PostgresProvider] Query executada com sucesso. Retornou 4 linha(s)
🔵 [PostgresProvider] Executando Query: 
                            INSERT INTO "fintech"."billing_charges"
                            (id, cpf, invoice_reference, charge_type, amount, days_overdue, invoice_amount)
                            VALUES
                            ('64866656883_2026-09_1785553202448_juros_remuneratorios', '64866656883', '2026-09', 'juros_remuneratorios', 417.01, 22, 3870.86)
                        
🔵 [PostgresProvider] Query executada com sucesso. Retornou 0 linha(s)
🔵 [PostgresProvider] Executando Query: 
                            INSERT INTO "fintech"."billing_charges"
                            (id, cpf, invoice_reference, charge_type, amount, days_overdue, invoice_amount)
                            VALUES
                            ('64866656883_2026-09_1785553202451_juros_mora', '64866656883', '2026-09', 'juros_mora', 27.07, 22, 3870.86)
                        
🔵 [PostgresProvider] Query executada com sucesso. Retornou 0 linha(s)
[DEBUG] CPF: 68141495240, dueDate: Fri Jul 10 2026 00:00:00 GMT-0300 (Horário Padrão de Brasília), today: Sat Aug 01 2026 00:00:00 GMT-0300 (Horário Padrão de Brasília), diffMs: 1900800000, daysOverdue: 22, newStatus: inadimplente
🔵 [PostgresProvider] Executando Query: 
                    SELECT charge_type, COALESCE(SUM(amount), 0) AS total
                    FROM "fintech"."billing_charges"
                    WHERE cpf = '68141495240' AND invoice_reference = '2026-09' AND status = 'pending'
                    GROUP BY charge_type
                
🔵 [PostgresProvider] Query executada com sucesso. Retornou 4 linha(s)
🔵 [PostgresProvider] Executando Query: 
                            INSERT INTO "fintech"."billing_charges"
                            (id, cpf, invoice_reference, charge_type, amount, days_overdue, invoice_amount)
                            VALUES
                            ('68141495240_2026-09_1785553202456_juros_remuneratorios', '68141495240', '2026-09', 'juros_remuneratorios', 417.01, 22, 3870.86)
                        
🔵 [PostgresProvider] Query executada com sucesso. Retornou 0 linha(s)
🔵 [PostgresProvider] Executando Query: 
                            INSERT INTO "fintech"."billing_charges"
                            (id, cpf, invoice_reference, charge_type, amount, days_overdue, invoice_amount)
                            VALUES
                            ('68141495240_2026-09_1785553202458_juros_mora', '68141495240', '2026-09', 'juros_mora', 27.07, 22, 3870.86)
                        
🔵 [PostgresProvider] Query executada com sucesso. Retornou 0 linha(s)
[DEBUG] CPF: 78475680046, dueDate: Fri Jul 10 2026 00:00:00 GMT-0300 (Horário Padrão de Brasília), today: Sat Aug 01 2026 00:00:00 GMT-0300 (Horário Padrão de Brasília), diffMs: 1900800000, daysOverdue: 22, newStatus: inadimplente
🔵 [PostgresProvider] Executando Query: 
                    SELECT charge_type, COALESCE(SUM(amount), 0) AS total
                    FROM "fintech"."billing_charges"
                    WHERE cpf = '78475680046' AND invoice_reference = '2026-09' AND status = 'pending'
                    GROUP BY charge_type
                
🔵 [PostgresProvider] Query executada com sucesso. Retornou 4 linha(s)
🔵 [PostgresProvider] Executando Query: 
                            INSERT INTO "fintech"."billing_charges"
                            (id, cpf, invoice_reference, charge_type, amount, days_overdue, invoice_amount)
                            VALUES
                            ('78475680046_2026-09_1785553202463_juros_remuneratorios', '78475680046', '2026-09', 'juros_remuneratorios', 417.01, 22, 3870.86)
                        
🔵 [PostgresProvider] Query executada com sucesso. Retornou 0 linha(s)
🔵 [PostgresProvider] Executando Query: 
                            INSERT INTO "fintech"."billing_charges"
                            (id, cpf, invoice_reference, charge_type, amount, days_overdue, invoice_amount)
                            VALUES
                            ('78475680046_2026-09_1785553202465_juros_mora', '78475680046', '2026-09', 'juros_mora', 27.07, 22, 3870.86)
                        
🔵 [PostgresProvider] Query executada com sucesso. Retornou 0 linha(s)
[DEBUG] CPF: 77766655599, dueDate: Fri Jul 10 2026 00:00:00 GMT-0300 (Horário Padrão de Brasília), today: Sat Aug 01 2026 00:00:00 GMT-0300 (Horário Padrão de Brasília), diffMs: 1900800000, daysOverdue: 22, newStatus: inadimplente
🔵 [PostgresProvider] Executando Query: 
                    SELECT charge_type, COALESCE(SUM(amount), 0) AS total
                    FROM "fintech"."billing_charges"
                    WHERE cpf = '77766655599' AND invoice_reference = '2026-09' AND status = 'pending'
                    GROUP BY charge_type
                
🔵 [PostgresProvider] Query executada com sucesso. Retornou 4 linha(s)
🔵 [PostgresProvider] Executando Query: 
                            INSERT INTO "fintech"."billing_charges"
                            (id, cpf, invoice_reference, charge_type, amount, days_overdue, invoice_amount)
                            VALUES
                            ('77766655599_2026-09_1785553202470_juros_remuneratorios', '77766655599', '2026-09', 'juros_remuneratorios', 417.01, 22, 3870.86)
                        
🔵 [PostgresProvider] Query executada com sucesso. Retornou 0 linha(s)
🔵 [PostgresProvider] Executando Query: 
                            INSERT INTO "fintech"."billing_charges"
                            (id, cpf, invoice_reference, charge_type, amount, days_overdue, invoice_amount)
                            VALUES
                            ('77766655599_2026-09_1785553202473_juros_mora', '77766655599', '2026-09', 'juros_mora', 27.07, 22, 3870.86)
                        
🔵 [PostgresProvider] Query executada com sucesso. Retornou 0 linha(s)
[DEBUG] CPF: 92454501635, dueDate: Fri Jul 10 2026 00:00:00 GMT-0300 (Horário Padrão de Brasília), today: Sat Aug 01 2026 00:00:00 GMT-0300 (Horário Padrão de Brasília), diffMs: 1900800000, daysOverdue: 22, newStatus: inadimplente
🔵 [PostgresProvider] Executando Query: 
                    SELECT charge_type, COALESCE(SUM(amount), 0) AS total
                    FROM "fintech"."billing_charges"
                    WHERE cpf = '92454501635' AND invoice_reference = '2026-09' AND status = 'pending'
                    GROUP BY charge_type
                
🔵 [PostgresProvider] Query executada com sucesso. Retornou 4 linha(s)
🔵 [PostgresProvider] Executando Query: 
                            INSERT INTO "fintech"."billing_charges"
                            (id, cpf, invoice_reference, charge_type, amount, days_overdue, invoice_amount)
                            VALUES
                            ('92454501635_2026-09_1785553202479_juros_remuneratorios', '92454501635', '2026-09', 'juros_remuneratorios', 417.01, 22, 3870.86)
                        
🔵 [PostgresProvider] Query executada com sucesso. Retornou 0 linha(s)
🔵 [PostgresProvider] Executando Query: 
                            INSERT INTO "fintech"."billing_charges"
                            (id, cpf, invoice_reference, charge_type, amount, days_overdue, invoice_amount)
                            VALUES
                            ('92454501635_2026-09_1785553202482_juros_mora', '92454501635', '2026-09', 'juros_mora', 27.07, 22, 3870.86)
                        
🔵 [PostgresProvider] Query executada com sucesso. Retornou 0 linha(s)
🔵 [PostgresProvider] Executando Query: 
            UPDATE "fintech"."invoices"
            SET dias_atraso = GREATEST(0, (CURRENT_DATE - due_date::date)),
                updated_at = CURRENT_TIMESTAMP
            WHERE status = 'FECHADA'
              AND data_pagamento IS NULL
              AND due_date < CURRENT_TIMESTAMP
              AND COALESCE(dias_atraso, -1) != GREATEST(0, (CURRENT_DATE - due_date::date))
        
🔵 [PostgresProvider] Query executada com sucesso. Retornou 0 linha(s)
[Cron] Validação de faturamento concluída: Validação concluída. 0 inadimplentes, 0 adimplentes, 104 encargos gerados.
[Cron] Executando cobrança de assinaturas via Motor de Recorrência...
🔵 [PostgresProvider] Executando Query: 
        CREATE TABLE IF NOT EXISTS "fintech"."recurring_bills" (
            id VARCHAR(255) PRIMARY KEY,
            cpf VARCHAR(11) NOT NULL,
            name VARCHAR(255) NOT NULL,
            amount DECIMAL(15,2) NOT NULL,
            due_day INTEGER NOT NULL,
            category VARCHAR(50) NOT NULL DEFAULT 'outros',
            frequency VARCHAR(20) NOT NULL DEFAULT 'MONTHLY',
            payment_method VARCHAR(50) NOT NULL DEFAULT 'CREDIT_CARD',
            status VARCHAR(20) NOT NULL DEFAULT 'active',
            card_token VARCHAR(255),
            plan_id VARCHAR(255),
            next_billing_date TIMESTAMP,
            retry_count INTEGER NOT NULL DEFAULT 0,
            max_retries INTEGER NOT NULL DEFAULT 3,
            last_retry_at TIMESTAMP,
            failure_reason TEXT,
            paid_at TIMESTAMP,
            created_at TIMESTAMP DEFAULT CURRENT_TIMESTAMP,
            updated_at TIMESTAMP DEFAULT CURRENT_TIMESTAMP
        )
    
🔵 [PostgresProvider] Query executada com sucesso. Retornou 0 linha(s)
🔵 [PostgresProvider] Executando Query: ALTER TABLE "fintech"."recurring_bills" ADD COLUMN IF NOT EXISTS frequency VARCHAR(20) DEFAULT 'MONTHLY'
🔵 [PostgresProvider] Query executada com sucesso. Retornou 0 linha(s)
🔵 [PostgresProvider] Executando Query: ALTER TABLE "fintech"."recurring_bills" ADD COLUMN IF NOT EXISTS payment_method VARCHAR(50) DEFAULT 'CREDIT_CARD'
🔵 [PostgresProvider] Query executada com sucesso. Retornou 0 linha(s)
🔵 [PostgresProvider] Executando Query: ALTER TABLE "fintech"."recurring_bills" ADD COLUMN IF NOT EXISTS card_token VARCHAR(255)
🔵 [PostgresProvider] Query executada com sucesso. Retornou 0 linha(s)
🔵 [PostgresProvider] Executando Query: ALTER TABLE "fintech"."recurring_bills" ADD COLUMN IF NOT EXISTS plan_id VARCHAR(255)
🔵 [PostgresProvider] Query executada com sucesso. Retornou 0 linha(s)
🔵 [PostgresProvider] Executando Query: ALTER TABLE "fintech"."recurring_bills" ADD COLUMN IF NOT EXISTS next_billing_date TIMESTAMP
🔵 [PostgresProvider] Query executada com sucesso. Retornou 0 linha(s)
🔵 [PostgresProvider] Executando Query: ALTER TABLE "fintech"."recurring_bills" ADD COLUMN IF NOT EXISTS retry_count INTEGER DEFAULT 0
🔵 [PostgresProvider] Query executada com sucesso. Retornou 0 linha(s)
🔵 [PostgresProvider] Executando Query: ALTER TABLE "fintech"."recurring_bills" ADD COLUMN IF NOT EXISTS max_retries INTEGER DEFAULT 3
🔵 [PostgresProvider] Query executada com sucesso. Retornou 0 linha(s)
🔵 [PostgresProvider] Executando Query: ALTER TABLE "fintech"."recurring_bills" ADD COLUMN IF NOT EXISTS last_retry_at TIMESTAMP
🔵 [PostgresProvider] Query executada com sucesso. Retornou 0 linha(s)
🔵 [PostgresProvider] Executando Query: ALTER TABLE "fintech"."recurring_bills" ADD COLUMN IF NOT EXISTS failure_reason TEXT
🔵 [PostgresProvider] Query executada com sucesso. Retornou 0 linha(s)
🔵 [PostgresProvider] Executando Query: 
        SELECT * FROM "fintech"."recurring_bills"
        WHERE status IN ('active', 'past_due', 'pending')
    
🔵 [PostgresProvider] Query executada com sucesso. Retornou 3 linha(s)
🔵 [PostgresProvider] Executando Query: SELECT * FROM "fintech"."users" WHERE cpf = '12345678901'
🔵 [PostgresProvider] Query executada com sucesso. Retornou 1 linha(s)
🔵 [PostgresProvider] Executando Query: 
                    UPDATE "fintech"."users" 
                    SET balance = balance - 79.9 
                    WHERE cpf = '12345678901'
                
🔵 [PostgresProvider] Query executada com sucesso. Retornou 0 linha(s)
🔵 [PostgresProvider] Executando Query: 
                    INSERT INTO "fintech"."transactions" (id, cpf, type, amount, description, date)
                    VALUES ('805e3e95-26bb-45dc-93b8-53d56bf8c150', '12345678901', 'SUBSCRIPTION', -79.9, 'HTV 7', '2026-08-01T03:00:02.517Z')
                
🔵 [PostgresProvider] Query executada com sucesso. Retornou 0 linha(s)
🔵 [PostgresProvider] Executando Query: 
        CREATE TABLE IF NOT EXISTS "fintech"."recurring_bills" (
            id VARCHAR(255) PRIMARY KEY,
            cpf VARCHAR(11) NOT NULL,
            name VARCHAR(255) NOT NULL,
            amount DECIMAL(15,2) NOT NULL,
            due_day INTEGER NOT NULL,
            category VARCHAR(50) NOT NULL DEFAULT 'outros',
            frequency VARCHAR(20) NOT NULL DEFAULT 'MONTHLY',
            payment_method VARCHAR(50) NOT NULL DEFAULT 'CREDIT_CARD',
            status VARCHAR(20) NOT NULL DEFAULT 'active',
            card_token VARCHAR(255),
            plan_id VARCHAR(255),
            next_billing_date TIMESTAMP,
            retry_count INTEGER NOT NULL DEFAULT 0,
            max_retries INTEGER NOT NULL DEFAULT 3,
            last_retry_at TIMESTAMP,
            failure_reason TEXT,
            paid_at TIMESTAMP,
            created_at TIMESTAMP DEFAULT CURRENT_TIMESTAMP,
            updated_at TIMESTAMP DEFAULT CURRENT_TIMESTAMP
        )
    
🔵 [PostgresProvider] Query executada com sucesso. Retornou 0 linha(s)
🔵 [PostgresProvider] Executando Query: ALTER TABLE "fintech"."recurring_bills" ADD COLUMN IF NOT EXISTS frequency VARCHAR(20) DEFAULT 'MONTHLY'
🔵 [PostgresProvider] Query executada com sucesso. Retornou 0 linha(s)
🔵 [PostgresProvider] Executando Query: ALTER TABLE "fintech"."recurring_bills" ADD COLUMN IF NOT EXISTS payment_method VARCHAR(50) DEFAULT 'CREDIT_CARD'
🔵 [PostgresProvider] Query executada com sucesso. Retornou 0 linha(s)
🔵 [PostgresProvider] Executando Query: ALTER TABLE "fintech"."recurring_bills" ADD COLUMN IF NOT EXISTS card_token VARCHAR(255)
🔵 [PostgresProvider] Query executada com sucesso. Retornou 0 linha(s)
🔵 [PostgresProvider] Executando Query: ALTER TABLE "fintech"."recurring_bills" ADD COLUMN IF NOT EXISTS plan_id VARCHAR(255)
🔵 [PostgresProvider] Query executada com sucesso. Retornou 0 linha(s)
🔵 [PostgresProvider] Executando Query: ALTER TABLE "fintech"."recurring_bills" ADD COLUMN IF NOT EXISTS next_billing_date TIMESTAMP
🔵 [PostgresProvider] Query executada com sucesso. Retornou 0 linha(s)
🔵 [PostgresProvider] Executando Query: ALTER TABLE "fintech"."recurring_bills" ADD COLUMN IF NOT EXISTS retry_count INTEGER DEFAULT 0
🔵 [PostgresProvider] Query executada com sucesso. Retornou 0 linha(s)
🔵 [PostgresProvider] Executando Query: ALTER TABLE "fintech"."recurring_bills" ADD COLUMN IF NOT EXISTS max_retries INTEGER DEFAULT 3
🔵 [PostgresProvider] Query executada com sucesso. Retornou 0 linha(s)
🔵 [PostgresProvider] Executando Query: ALTER TABLE "fintech"."recurring_bills" ADD COLUMN IF NOT EXISTS last_retry_at TIMESTAMP
🔵 [PostgresProvider] Query executada com sucesso. Retornou 0 linha(s)
🔵 [PostgresProvider] Executando Query: ALTER TABLE "fintech"."recurring_bills" ADD COLUMN IF NOT EXISTS failure_reason TEXT
🔵 [PostgresProvider] Query executada com sucesso. Retornou 0 linha(s)
🔵 [PostgresProvider] Executando Query: 
        UPDATE "fintech"."recurring_bills"
        SET retry_count = 0, failure_reason = NULL, next_billing_date = '2026-09-01T03:00:02.517Z', status = 'active', paid_at = '2026-08-01T03:00:02.555Z', updated_at = '2026-08-01T03:00:02.555Z'
        WHERE id = '16dff313-0e55-4617-808d-4ffdc4edeea8' AND cpf = '12345678901'
        RETURNING id
    
🔵 [PostgresProvider] Query executada com sucesso. Retornou 1 linha(s)
🔵 [PostgresProvider] Executando Query: SELECT * FROM "fintech"."users" WHERE cpf = '12345678901'
🔵 [PostgresProvider] Query executada com sucesso. Retornou 1 linha(s)
🔵 [PostgresProvider] Executando Query: 
                    UPDATE "fintech"."users" 
                    SET balance = balance - 14.9 
                    WHERE cpf = '12345678901'
                
🔵 [PostgresProvider] Query executada com sucesso. Retornou 0 linha(s)
🔵 [PostgresProvider] Executando Query: 
                    INSERT INTO "fintech"."transactions" (id, cpf, type, amount, description, date)
                    VALUES ('ef567ece-78b5-4281-adf8-18f6099cbaf4', '12345678901', 'SUBSCRIPTION', -14.9, 'amazon', '2026-08-01T03:00:02.517Z')
                
🔵 [PostgresProvider] Query executada com sucesso. Retornou 0 linha(s)
🔵 [PostgresProvider] Executando Query: 
        CREATE TABLE IF NOT EXISTS "fintech"."recurring_bills" (
            id VARCHAR(255) PRIMARY KEY,
            cpf VARCHAR(11) NOT NULL,
            name VARCHAR(255) NOT NULL,
            amount DECIMAL(15,2) NOT NULL,
            due_day INTEGER NOT NULL,
            category VARCHAR(50) NOT NULL DEFAULT 'outros',
            frequency VARCHAR(20) NOT NULL DEFAULT 'MONTHLY',
            payment_method VARCHAR(50) NOT NULL DEFAULT 'CREDIT_CARD',
            status VARCHAR(20) NOT NULL DEFAULT 'active',
            card_token VARCHAR(255),
            plan_id VARCHAR(255),
            next_billing_date TIMESTAMP,
            retry_count INTEGER NOT NULL DEFAULT 0,
            max_retries INTEGER NOT NULL DEFAULT 3,
            last_retry_at TIMESTAMP,
            failure_reason TEXT,
            paid_at TIMESTAMP,
            created_at TIMESTAMP DEFAULT CURRENT_TIMESTAMP,
            updated_at TIMESTAMP DEFAULT CURRENT_TIMESTAMP
        )
    
🔵 [PostgresProvider] Query executada com sucesso. Retornou 0 linha(s)
🔵 [PostgresProvider] Executando Query: ALTER TABLE "fintech"."recurring_bills" ADD COLUMN IF NOT EXISTS frequency VARCHAR(20) DEFAULT 'MONTHLY'
🔵 [PostgresProvider] Query executada com sucesso. Retornou 0 linha(s)
🔵 [PostgresProvider] Executando Query: ALTER TABLE "fintech"."recurring_bills" ADD COLUMN IF NOT EXISTS payment_method VARCHAR(50) DEFAULT 'CREDIT_CARD'
🔵 [PostgresProvider] Query executada com sucesso. Retornou 0 linha(s)
🔵 [PostgresProvider] Executando Query: ALTER TABLE "fintech"."recurring_bills" ADD COLUMN IF NOT EXISTS card_token VARCHAR(255)
🔵 [PostgresProvider] Query executada com sucesso. Retornou 0 linha(s)
🔵 [PostgresProvider] Executando Query: ALTER TABLE "fintech"."recurring_bills" ADD COLUMN IF NOT EXISTS plan_id VARCHAR(255)
🔵 [PostgresProvider] Query executada com sucesso. Retornou 0 linha(s)
🔵 [PostgresProvider] Executando Query: ALTER TABLE "fintech"."recurring_bills" ADD COLUMN IF NOT EXISTS next_billing_date TIMESTAMP
🔵 [PostgresProvider] Query executada com sucesso. Retornou 0 linha(s)
🔵 [PostgresProvider] Executando Query: ALTER TABLE "fintech"."recurring_bills" ADD COLUMN IF NOT EXISTS retry_count INTEGER DEFAULT 0
🔵 [PostgresProvider] Query executada com sucesso. Retornou 0 linha(s)
🔵 [PostgresProvider] Executando Query: ALTER TABLE "fintech"."recurring_bills" ADD COLUMN IF NOT EXISTS max_retries INTEGER DEFAULT 3
🔵 [PostgresProvider] Query executada com sucesso. Retornou 0 linha(s)
🔵 [PostgresProvider] Executando Query: ALTER TABLE "fintech"."recurring_bills" ADD COLUMN IF NOT EXISTS last_retry_at TIMESTAMP
🔵 [PostgresProvider] Query executada com sucesso. Retornou 0 linha(s)
🔵 [PostgresProvider] Executando Query: ALTER TABLE "fintech"."recurring_bills" ADD COLUMN IF NOT EXISTS failure_reason TEXT
🔵 [PostgresProvider] Query executada com sucesso. Retornou 0 linha(s)
🔵 [PostgresProvider] Executando Query: 
        UPDATE "fintech"."recurring_bills"
        SET retry_count = 0, failure_reason = NULL, next_billing_date = '2026-09-01T03:00:02.517Z', status = 'active', paid_at = '2026-08-01T03:00:02.590Z', updated_at = '2026-08-01T03:00:02.590Z'
        WHERE id = 'e3ae0bbf-42a4-4f36-8875-b149424664c9' AND cpf = '12345678901'
        RETURNING id
    
🔵 [PostgresProvider] Query executada com sucesso. Retornou 1 linha(s)
🔵 [PostgresProvider] Executando Query: SELECT * FROM "fintech"."users" WHERE cpf = '04617745777'
🔵 [PostgresProvider] Query executada com sucesso. Retornou 1 linha(s)
🔵 [PostgresProvider] Executando Query: 
                    UPDATE "fintech"."users" 
                    SET credit_card_available_limit = credit_card_available_limit - 39.99 
                    WHERE cpf = '04617745777'
                
🔵 [PostgresProvider] Query executada com sucesso. Retornou 0 linha(s)
🔵 [PostgresProvider] Executando Query: 
                    INSERT INTO "fintech"."transactions" (id, cpf, type, amount, description, date)
                    VALUES ('ae077b1d-01a4-441b-ae29-25a513edb408', '04617745777', 'SUBSCRIPTION', -39.99, 'Assinatura Netflix', '2026-08-01T03:00:02.517Z')
                
🔵 [PostgresProvider] Query executada com sucesso. Retornou 0 linha(s)
🔵 [PostgresProvider] Executando Query: 
        CREATE TABLE IF NOT EXISTS "fintech"."recurring_bills" (
            id VARCHAR(255) PRIMARY KEY,
            cpf VARCHAR(11) NOT NULL,
            name VARCHAR(255) NOT NULL,
            amount DECIMAL(15,2) NOT NULL,
            due_day INTEGER NOT NULL,
            category VARCHAR(50) NOT NULL DEFAULT 'outros',
            frequency VARCHAR(20) NOT NULL DEFAULT 'MONTHLY',
            payment_method VARCHAR(50) NOT NULL DEFAULT 'CREDIT_CARD',
            status VARCHAR(20) NOT NULL DEFAULT 'active',
            card_token VARCHAR(255),
            plan_id VARCHAR(255),
            next_billing_date TIMESTAMP,
            retry_count INTEGER NOT NULL DEFAULT 0,
            max_retries INTEGER NOT NULL DEFAULT 3,
            last_retry_at TIMESTAMP,
            failure_reason TEXT,
            paid_at TIMESTAMP,
            created_at TIMESTAMP DEFAULT CURRENT_TIMESTAMP,
            updated_at TIMESTAMP DEFAULT CURRENT_TIMESTAMP
        )
    
🔵 [PostgresProvider] Query executada com sucesso. Retornou 0 linha(s)
🔵 [PostgresProvider] Executando Query: ALTER TABLE "fintech"."recurring_bills" ADD COLUMN IF NOT EXISTS frequency VARCHAR(20) DEFAULT 'MONTHLY'
🔵 [PostgresProvider] Query executada com sucesso. Retornou 0 linha(s)
🔵 [PostgresProvider] Executando Query: ALTER TABLE "fintech"."recurring_bills" ADD COLUMN IF NOT EXISTS payment_method VARCHAR(50) DEFAULT 'CREDIT_CARD'
🔵 [PostgresProvider] Query executada com sucesso. Retornou 0 linha(s)
🔵 [PostgresProvider] Executando Query: ALTER TABLE "fintech"."recurring_bills" ADD COLUMN IF NOT EXISTS card_token VARCHAR(255)
🔵 [PostgresProvider] Query executada com sucesso. Retornou 0 linha(s)
🔵 [PostgresProvider] Executando Query: ALTER TABLE "fintech"."recurring_bills" ADD COLUMN IF NOT EXISTS plan_id VARCHAR(255)
🔵 [PostgresProvider] Query executada com sucesso. Retornou 0 linha(s)
🔵 [PostgresProvider] Executando Query: ALTER TABLE "fintech"."recurring_bills" ADD COLUMN IF NOT EXISTS next_billing_date TIMESTAMP
🔵 [PostgresProvider] Query executada com sucesso. Retornou 0 linha(s)
🔵 [PostgresProvider] Executando Query: ALTER TABLE "fintech"."recurring_bills" ADD COLUMN IF NOT EXISTS retry_count INTEGER DEFAULT 0
🔵 [PostgresProvider] Query executada com sucesso. Retornou 0 linha(s)
🔵 [PostgresProvider] Executando Query: ALTER TABLE "fintech"."recurring_bills" ADD COLUMN IF NOT EXISTS max_retries INTEGER DEFAULT 3
🔵 [PostgresProvider] Query executada com sucesso. Retornou 0 linha(s)
🔵 [PostgresProvider] Executando Query: ALTER TABLE "fintech"."recurring_bills" ADD COLUMN IF NOT EXISTS last_retry_at TIMESTAMP
🔵 [PostgresProvider] Query executada com sucesso. Retornou 0 linha(s)
🔵 [PostgresProvider] Executando Query: ALTER TABLE "fintech"."recurring_bills" ADD COLUMN IF NOT EXISTS failure_reason TEXT
🔵 [PostgresProvider] Query executada com sucesso. Retornou 0 linha(s)
🔵 [PostgresProvider] Executando Query: 
        UPDATE "fintech"."recurring_bills"
        SET retry_count = 0, failure_reason = NULL, next_billing_date = '2026-09-01T03:00:02.517Z', status = 'active', paid_at = '2026-08-01T03:00:02.629Z', updated_at = '2026-08-01T03:00:02.629Z'
        WHERE id = 'dfbee918-7b58-47b2-a827-7351afc21fed' AND cpf = '04617745777'
        RETURNING id
    
🔵 [PostgresProvider] Query executada com sucesso. Retornou 1 linha(s)
[Cron] Cobrança de assinaturas realizada: 3 processadas
[Cron] Sincronizando dias_atraso nas invoices...
🔵 [PostgresProvider] Executando Query: 
            UPDATE "fintech"."invoices"
            SET dias_atraso = GREATEST(0, (CURRENT_DATE - due_date::date)),
                updated_at = CURRENT_TIMESTAMP
            WHERE status = 'FECHADA'
              AND data_pagamento IS NULL
              AND due_date < CURRENT_TIMESTAMP
              AND COALESCE(dias_atraso, -1) != GREATEST(0, (CURRENT_DATE - due_date::date))
        
🔵 [PostgresProvider] Query executada com sucesso. Retornou 0 linha(s)
🔵 [PostgresProvider] Executando Query: 
            SELECT COUNT(*) AS total,
                   SUM(CASE WHEN COALESCE(dias_atraso, 0) = GREATEST(0, (CURRENT_DATE - due_date::date)) THEN 1 ELSE 0 END) AS corretas
            FROM "fintech"."invoices"
            WHERE status = 'FECHADA' AND data_pagamento IS NULL AND due_date < CURRENT_TIMESTAMP
        
🔵 [PostgresProvider] Query executada com sucesso. Retornou 1 linha(s)
[Cron] Sincronização concluída: 0 invoice(s) atualizada(s), 57/57 consistentes
